{
  "n_rows": 27760,
  "class_ordering": {
    "expected": [
      "clicked",
      "deferred",
      "evaluated_rejected",
      "not_approached"
    ],
    "actual": [
      "clicked",
      "deferred",
      "evaluated_rejected",
      "not_approached"
    ],
    "pass": true,
    "medians": {
      "clicked": 0.552854525122525,
      "deferred": 0.456885001066097,
      "evaluated_rejected": 0.1695498686427109,
      "not_approached": -0.3588653075366173
    }
  },
  "within_class_spread": {
    "clicked": {
      "n": 2228,
      "mean": 0.6537811958820012,
      "median": 0.552854525122525,
      "iqr_25": 0.12124334731271941,
      "iqr_75": 1.0457257341389077,
      "std": 0.7189961936650865
    },
    "deferred": {
      "n": 1916,
      "mean": 0.5820139902165228,
      "median": 0.456885001066097,
      "iqr_25": 0.12156889105708482,
      "iqr_75": 0.9109234520328381,
      "std": 0.6387718514461878
    },
    "evaluated_rejected": {
      "n": 435,
      "mean": 0.2487194822818248,
      "median": 0.1695498686427109,
      "iqr_25": -0.10547727203852396,
      "iqr_75": 0.5110837278459734,
      "std": 0.45079083975715933
    },
    "not_approached": {
      "n": 23181,
      "mean": -0.11561003772367674,
      "median": -0.3588653075366173,
      "iqr_25": -0.3588653075366173,
      "iqr_75": 0.01972483693996216,
      "std": 0.4668724015801933
    }
  },
  "lfhf_partial": {
    "pooled": {
      "rho": 0.07218146865065884,
      "p": 1.842798656567243e-08,
      "n": 6062
    },
    "partial_given_position": {
      "rho": 0.03579826823820794,
      "p": 0.005314917142841047
    },
    "steep_P0_P3": {
      "rho": 0.034585393978545195,
      "p": 0.02452163539512875,
      "n": 4229
    },
    "pass": true
  },
  "leakage_delta_clicked": {
    "n": 2228,
    "mean": 0.0017079715558991119,
    "median": -0.004364754428758416,
    "p25": -0.007817073582237058,
    "p75": -0.0010064037498004885
  },
  "gate_pass": true
}