{
  "cohort": {
    "n_rows": 15296,
    "n_pids": 47,
    "n_clicks": 2336,
    "click_rate": 0.15271966527196654
  },
  "results": {
    "pos_only": {
      "label": "pos_only",
      "features": [
        "position"
      ],
      "n_features": 1,
      "auc_mean": 0.6167786851354327,
      "auc_sd": 0.02314183161555284,
      "auc_per_fold": [
        0.6050789465423612,
        0.6235536270583,
        0.6213684838292655,
        0.6480771285119113,
        0.5858152397353255
      ],
      "ap_mean": 0.1915255743827968,
      "ap_sd": 0.021345424127201598,
      "coef_z_mean": {
        "position": -0.5188495908837502
      }
    },
    "baseline": {
      "label": "baseline",
      "features": [
        "position",
        "vt_any",
        "vt_top",
        "vt_mid",
        "vt_bot",
        "vt_center_ms",
        "avg_viewport_y",
        "max_overlap_frac",
        "max_abs_velocity",
        "min_abs_velocity",
        "pause_ms",
        "n_reversals",
        "max_decel_near_center",
        "entry_velocity",
        "exit_velocity"
      ],
      "n_features": 15,
      "auc_mean": 0.7170217424978802,
      "auc_sd": 0.032593240730491614,
      "auc_per_fold": [
        0.6988930647467232,
        0.7750442430184691,
        0.7058478384074853,
        0.6997682693334867,
        0.7055552969832367
      ],
      "ap_mean": 0.26609130715947693,
      "ap_sd": 0.030156184545193518,
      "coef_z_mean": {
        "position": -0.8041479182173971,
        "vt_any": -0.6540665311194933,
        "vt_top": 0.5061447311450467,
        "vt_mid": 0.5332036735875214,
        "vt_bot": 0.3148792944894013,
        "vt_center_ms": 0.025979234016538788,
        "avg_viewport_y": 0.7484271251889212,
        "max_overlap_frac": 0.01404548599349482,
        "max_abs_velocity": -0.025991538110147615,
        "min_abs_velocity": -4.418545097937819,
        "pause_ms": 0.05251402735045121,
        "n_reversals": 0.04147335086333387,
        "max_decel_near_center": -0.2432985661783206,
        "entry_velocity": 0.0339598432592377,
        "exit_velocity": -0.23651071706993823
      }
    },
    "base+saccade": {
      "label": "base+saccade",
      "features": [
        "position",
        "vt_any",
        "vt_top",
        "vt_mid",
        "vt_bot",
        "vt_center_ms",
        "avg_viewport_y",
        "max_overlap_frac",
        "max_abs_velocity",
        "min_abs_velocity",
        "pause_ms",
        "n_reversals",
        "max_decel_near_center",
        "entry_velocity",
        "exit_velocity",
        "frac_horizontal",
        "ratio_h_to_v",
        "max_horizontal_run",
        "n_saccades"
      ],
      "n_features": 19,
      "auc_mean": 0.7569253103622048,
      "auc_sd": 0.022855331791340385,
      "auc_per_fold": [
        0.7469972348021129,
        0.7965194912661328,
        0.7523642128736161,
        0.750978281413064,
        0.7377673314560983
      ],
      "ap_mean": 0.3371612565854719,
      "ap_sd": 0.02527711782626153,
      "coef_z_mean": {
        "position": -0.7776683754465328,
        "vt_any": -0.30075114533650693,
        "vt_top": 0.2807927225638921,
        "vt_mid": 0.2658107334408112,
        "vt_bot": 0.2563438055872996,
        "vt_center_ms": 0.09564423722682777,
        "avg_viewport_y": 0.7763966379753613,
        "max_overlap_frac": 0.01169064778139748,
        "max_abs_velocity": -0.00019189880440455848,
        "min_abs_velocity": -4.447489643972064,
        "pause_ms": -0.40986095311073256,
        "n_reversals": 0.03238639862439966,
        "max_decel_near_center": -0.1846015574439211,
        "entry_velocity": 0.011614926537180199,
        "exit_velocity": -0.24708571155520956,
        "frac_horizontal": 0.16631753271246594,
        "ratio_h_to_v": -0.018931076838440565,
        "max_horizontal_run": -0.04143999118111485,
        "n_saccades": 0.5500897425676256
      }
    },
    "base+content": {
      "label": "base+content",
      "features": [
        "position",
        "vt_any",
        "vt_top",
        "vt_mid",
        "vt_bot",
        "vt_center_ms",
        "avg_viewport_y",
        "max_overlap_frac",
        "max_abs_velocity",
        "min_abs_velocity",
        "pause_ms",
        "n_reversals",
        "max_decel_near_center",
        "entry_velocity",
        "exit_velocity",
        "snippet_tokens",
        "snippet_ttr",
        "snippet_chars",
        "snippet_numerals",
        "snippet_has_price",
        "title_tokens",
        "title_chars",
        "title_ttr",
        "q_overlap_count",
        "q_overlap_jaccard",
        "q_overlap_in_title",
        "q_text_cosine"
      ],
      "n_features": 27,
      "auc_mean": 0.7151955866994948,
      "auc_sd": 0.03216404877076297,
      "auc_per_fold": [
        0.6958482080433299,
        0.7723066519247886,
        0.702909657990169,
        0.698809298809299,
        0.7061041167298876
      ],
      "ap_mean": 0.2649486976509971,
      "ap_sd": 0.02684800590243413,
      "coef_z_mean": {
        "position": -0.7959214067234328,
        "vt_any": -0.6890626919934753,
        "vt_top": 0.5083560245361413,
        "vt_mid": 0.5336222940991228,
        "vt_bot": 0.316293578679843,
        "vt_center_ms": 0.026277326658823374,
        "avg_viewport_y": 0.7419909549041211,
        "max_overlap_frac": 0.012126556816481006,
        "max_abs_velocity": -0.026572138068976115,
        "min_abs_velocity": -4.489741537472303,
        "pause_ms": 0.08726293827471704,
        "n_reversals": 0.04396996651193947,
        "max_decel_near_center": -0.25589548837462306,
        "entry_velocity": 0.0357465593809454,
        "exit_velocity": -0.23817840039814203,
        "snippet_tokens": 0.016307723909232307,
        "snippet_ttr": 0.003400391967796562,
        "snippet_chars": -0.007760697889162296,
        "snippet_numerals": 0.05500955788419196,
        "snippet_has_price": -0.013414964912507831,
        "title_tokens": 0.07004551242419968,
        "title_chars": -0.08064905434646186,
        "title_ttr": 0.026849204987128106,
        "q_overlap_count": -0.02750728397438542,
        "q_overlap_jaccard": 0.01689217124365292,
        "q_overlap_in_title": -0.004191384185073763,
        "q_text_cosine": 0.03161836597615848
      }
    },
    "base+both": {
      "label": "base+both",
      "features": [
        "position",
        "vt_any",
        "vt_top",
        "vt_mid",
        "vt_bot",
        "vt_center_ms",
        "avg_viewport_y",
        "max_overlap_frac",
        "max_abs_velocity",
        "min_abs_velocity",
        "pause_ms",
        "n_reversals",
        "max_decel_near_center",
        "entry_velocity",
        "exit_velocity",
        "frac_horizontal",
        "ratio_h_to_v",
        "max_horizontal_run",
        "n_saccades",
        "snippet_tokens",
        "snippet_ttr",
        "snippet_chars",
        "snippet_numerals",
        "snippet_has_price",
        "title_tokens",
        "title_chars",
        "title_ttr",
        "q_overlap_count",
        "q_overlap_jaccard",
        "q_overlap_in_title",
        "q_text_cosine"
      ],
      "n_features": 31,
      "auc_mean": 0.7550878411048065,
      "auc_sd": 0.02219811358003444,
      "auc_per_fold": [
        0.7447951594293056,
        0.7938501335113485,
        0.7491596996625463,
        0.7498738629173413,
        0.7377603500034907
      ],
      "ap_mean": 0.33675550741327415,
      "ap_sd": 0.024578123691566072,
      "coef_z_mean": {
        "position": -0.7748933437415924,
        "vt_any": -0.312028543843886,
        "vt_top": 0.2821629396752048,
        "vt_mid": 0.2646902524768493,
        "vt_bot": 0.25626095071901,
        "vt_center_ms": 0.09527816560760424,
        "avg_viewport_y": 0.7717272455085655,
        "max_overlap_frac": 0.009637819595813269,
        "max_abs_velocity": -0.0005851481913544636,
        "min_abs_velocity": -4.395730056729062,
        "pause_ms": -0.3978417239066931,
        "n_reversals": 0.03286752612914652,