{
  "attribution": "typed",
  "n_trials_total": 2719,
  "n_scrolling": 2229,
  "n_no_scroll": 490,
  "scroll_threshold_px": 100,
  "coverage_before_first_scroll": {
    "mean": 0.5624511311927194,
    "median": 0.5,
    "p25": 0.4,
    "p50": 0.5,
    "p75": 0.75
  },
  "fraction_reached_last_visible": 0.1031852848811126,
  "deepest_fixated_distribution": {
    "1": 774,
    "2": 541,
    "3": 321,
    "4": 198,
    "0": 318,
    "5": 63,
    "7": 1,
    "6": 12,
    "-1": 1
  },
  "per_position_fixated_before_scroll": {
    "0": {
      "n_trials_with_p_visible": 2229,
      "fraction_fixated": 0.9825033647375505
    },
    "1": {
      "n_trials_with_p_visible": 2229,
      "fraction_fixated": 0.8111260655002244
    },
    "2": {
      "n_trials_with_p_visible": 2175,
      "fraction_fixated": 0.4772413793103448
    },
    "3": {
      "n_trials_with_p_visible": 1907,
      "fraction_fixated": 0.29260618772941793
    },
    "4": {
      "n_trials_with_p_visible": 1344,
      "fraction_fixated": 0.1956845238095238
    },
    "5": {
      "n_trials_with_p_visible": 662,
      "fraction_fixated": 0.10876132930513595
    },
    "6": {
      "n_trials_with_p_visible": 205,
      "fraction_fixated": 0.05853658536585366
    }
  },
  "by_p0_etype": {
    "dd_top": {
      "n_trials": 1306,
      "coverage_median": 0.5,
      "coverage_mean": 0.5527346313716911,
      "fraction_reached_last_visible": 0.10872894333843798,
      "deepest_median": 1.0,
      "p0_fixated_fraction": 0.9915773353751914
    },
    "organic": {
      "n_trials": 376,
      "coverage_median": 0.5714285714285714,
      "coverage_mean": 0.5596631205673759,
      "fraction_reached_last_visible": 0.07446808510638298,
      "deepest_median": 2.0,
      "p0_fixated_fraction": 0.9840425531914894
    },
    "native_ad": {
      "n_trials": 452,
      "coverage_median": 0.6,
      "coverage_mean": 0.6022861356932153,
      "fraction_reached_last_visible": 0.10619469026548672,
      "deepest_median": 3.0,
      "p0_fixated_fraction": 0.9778761061946902
    },
    "image_pack": {
      "n_trials": 75,
      "coverage_median": 0.5,
      "coverage_mean": 0.5348571428571428,
      "fraction_reached_last_visible": 0.08,
      "deepest_median": 1.0,
      "p0_fixated_fraction": 1.0
    },
    "unknown": {
      "n_trials": 12,
      "coverage_median": 0.3666666666666667,
      "coverage_mean": 0.40009920634920637,
      "fraction_reached_last_visible": 0.3333333333333333,
      "deepest_median": 2.5,
      "p0_fixated_fraction": 0.0
    },
    "other_widget": {
      "n_trials": 8,
      "coverage_median": 0.5,
      "coverage_mean": 0.53125,
      "fraction_reached_last_visible": 0.25,
      "deepest_median": 2.0,
      "p0_fixated_fraction": 1.0
    }
  }
}