{
  "attribution": "typed",
  "n_trials": 2229,
  "regression_rate_median_split_at": 0.5666666666666667,
  "by_median_split": {
    "satisficer": {
      "n_trials": 896,
      "median": 2,
      "mean": 1.9363839285714286,
      "p25": 1,
      "p75": 3,
      "distribution_pct": {
        "-1": 0.11160714285714286,
        "0": 12.611607142857142,
        "1": 32.8125,
        "2": 24.776785714285715,
        "3": 15.736607142857142,
        "4": 9.598214285714286,
        "5": 2.7901785714285716,
        "6": 0.8928571428571429,
        "7": 0.22321428571428573,
        "9": 0.22321428571428573,
        "12": 0.11160714285714286,
        "14": 0.11160714285714286
      }
    },
    "optimizer": {
      "n_trials": 1333,
      "median": 1,
      "mean": 1.8402100525131282,
      "p25": 1,
      "p75": 3,
      "distribution_pct": {
        "0": 15.303825956489122,
        "1": 35.108777194298575,
        "2": 23.405851462865716,
        "3": 13.203300825206302,
        "4": 7.95198799699925,
        "5": 3.000750187546887,
        "6": 0.6751687921980495,
        "7": 0.450112528132033,
        "8": 0.37509377344336087,
        "9": 0.2250562640660165,
        "11": 0.15003750937734434,
        "12": 0.15003750937734434
      }
    }
  },
  "median_split_test": {
    "mannwhitney_u": 564194.0,
    "p_two_sided": 0.022367771347582825,
    "p_one_sided_optimizer_greater": 0.9888181483795584
  },
  "by_tercile": {
    "low": {
      "n_trials": 727,
      "median": 2,
      "mean": 2.0275103163686383,
      "p25": 1,
      "p75": 3,
      "distribution_pct": {
        "-1": 0.1375515818431912,
        "0": 14.580467675378268,
        "1": 27.51031636863824,
        "2": 25.44704264099037,
        "3": 17.881705639614857,
        "4": 9.07840440165062,
        "5": 2.8885832187070153,
        "6": 0.8253094910591472,
        "7": 0.5502063273727648,
        "8": 0.1375515818431912,
        "9": 0.4126547455295736,
        "11": 0.1375515818431912,
        "12": 0.4126547455295736
      }
    },
    "mid": {
      "n_trials": 812,
      "median": 2,
      "mean": 1.917487684729064,
      "p25": 1,
      "p75": 3,
      "distribution_pct": {
        "0": 13.177339901477833,
        "1": 36.330049261083744,
        "2": 23.15270935960591,
        "3": 11.945812807881774,
        "4": 9.482758620689655,
        "5": 3.8177339901477834,
        "6": 0.7389162561576355,
        "7": 0.3694581280788177,
        "8": 0.49261083743842365,
        "9": 0.24630541871921183,
        "11": 0.12315270935960591,
        "14": 0.12315270935960591
      }
    },
    "high": {
      "n_trials": 690,
      "median": 1,
      "mean": 1.6768115942028985,
      "p25": 1,
      "p75": 2,
      "distribution_pct": {
        "0": 15.072463768115941,
        "1": 38.69565217391305,
        "2": 23.333333333333332,
        "3": 13.043478260869565,
        "4": 7.101449275362318,
        "5": 1.8840579710144927,
        "6": 0.7246376811594203,
        "7": 0.14492753623188406
      }
    }
  },
  "tercile_test_high_vs_low": {
    "mannwhitney_u": 220787.0,
    "p_two_sided": 5.864416165826975e-05
  }
}