trial_id,ranking,class,minimal_length,compressed_length,clicked_rank,path
p004-b1-t1,organic,nonlinear_backfill,3,4,,1 3 2 1
p004-b1-t10,organic,linear_regression,3,5,3,1 2 3 2 3
p004-b1-t2,organic,nonlinear_backfill,4,8,1,2 1 3 4 3 1 3 1
p004-b1-t3,organic,linear_regression,2,3,1,1 2 1
p004-b1-t5,organic,linear_regression,2,3,1,1 2 1
p004-b1-t6,organic,linear_regression,3,5,1,1 2 3 1 2
p004-b1-t8,organic,linear_regression,3,6,2,1 2 3 2 1 2
p004-b1-t9,organic,nonlinear_backfill,6,13,1,1 5 4 3 4 2 1 2 1 5 6 5 1
p004-b2-t10,organic,strictly_linear,1,1,1,1
p004-b2-t2,organic,linear_regression,2,3,1,1 2 1
p004-b2-t3,organic,linear_regression,5,7,1,1 2 3 4 5 2 1
p004-b2-t4,organic,nonlinear_backfill,6,12,1,1 2 1 4 7 6 7 6 3 2 1 2
p004-b2-t5,organic,nonlinear_backfill,6,14,1,1 4 3 4 3 2 1 2 5 4 7 4 2 1
p004-b2-t6,organic,nonlinear_skip_only,5,9,2,1 2 5 6 8 5 2 1 2
p004-b2-t7,organic,nonlinear_skip_only,7,14,5,1 2 1 3 2 4 5 4 6 8 6 5 4 2
p004-b2-t8,organic,nonlinear_backfill,3,3,,4 7 6
p004-b2-t9,organic,linear_regression,5,13,1,1 2 3 4 5 3 2 1 3 2 1 3 1
p004-b3-t1,organic,linear_regression,7,16,1,1 2 1 2 3 4 3 2 5 6 7 4 3 2 3 1
p004-b3-t10,organic,linear_regression,5,7,1,1 2 3 4 5 4 1
p004-b3-t2,organic,nonlinear_backfill,8,13,1,1 2 3 5 6 7 6 8 3 4 5 2 1
p004-b3-t3,organic,linear_regression,3,5,1,1 2 1 3 1
p004-b3-t4,organic,nonlinear_backfill,8,23,1,1 2 1 2 3 2 4 5 4 3 2 3 5 7 8 4 6 5 3 1 2 3 1
p004-b3-t5,organic,nonlinear_backfill,8,19,1,2 1 2 3 4 5 7 8 7 5 7 4 3 5 6 2 1 2 1
p004-b3-t6,organic,nonlinear_backfill,7,17,,3 4 3 4 3 4 6 7 6 7 5 6 4 3 1 2 3
p004-b3-t7,organic,linear_regression,3,8,1,1 2 1 3 1 2 1 3
p004-b3-t8,organic,nonlinear_backfill,4,5,1,1 3 7 4 1
p004-b4-t1,organic,nonlinear_backfill,6,10,1,1 4 6 7 5 6 5 6 2 1
p004-b4-t10,organic,nonlinear_backfill,5,9,2,2 3 5 4 2 1 2 1 2
p004-b4-t2,organic,nonlinear_backfill,6,10,6,2 1 2 1 2 1 3 4 5 6
p004-b4-t3,organic,nonlinear_backfill,8,24,1,1 2 3 2 1 2 5 4 2 1 4 5 6 7 9 7 4 2 3 4 3 2 1 2
p004-b4-t4,organic,nonlinear_backfill,4,5,3,1 3 2 3 4
p004-b4-t5,organic,nonlinear_backfill,5,11,4,3 2 1 2 1 4 5 4 3 4 3
p004-b4-t6,organic,nonlinear_skip_only,7,16,2,1 2 1 2 1 3 4 7 8 9 3 2 1 2 1 2
p004-b4-t7,organic,nonlinear_backfill,8,15,1,1 2 6 9 8 9 8 7 6 5 3 2 1 2 1
p004-b4-t8,organic,nonlinear_backfill,8,24,1,2 3 4 5 1 6 7 8 7 8 6 5 6 4 3 4 5 1 3 2 1 2 3 1
p004-b4-t9,organic,nonlinear_backfill,7,18,3,1 4 3 2 1 2 3 4 5 7 8 3 1 3 1 3 2 1
p004-b5-t2,organic,linear_regression,4,11,2,1 2 1 2 1 2 1 2 3 4 2
p004-b5-t3,organic,nonlinear_backfill,7,10,1,1 3 2 3 4 5 3 7 8 1
p004-b5-t5,organic,strictly_linear,3,3,3,1 2 3
p004-b5-t6,organic,nonlinear_backfill,4,14,2,1 2 1 2 1 2 1 4 3 1 2 1 2 1
p004-b5-t7,organic,strictly_linear,1,1,1,1
p004-b5-t8,organic,linear_regression,8,16,3,1 2 3 4 5 6 7 8 7 6 4 3 2 4 2 1
p004-b5-t9,organic,nonlinear_backfill,7,13,1,1 2 6 7 6 4 8 7 3 2 3 2 1
p004-b6-t10,organic,nonlinear_backfill,7,12,6,1 3 1 2 3 4 6 7 8 6 4 3
p004-b6-t2,organic,nonlinear_backfill,6,9,1,1 2 4 3 4 3 5 6 1
p004-b6-t3,organic,nonlinear_skip_only,7,11,1,1 2 3 4 3 4 5 7 8 2 1
p004-b6-t4,organic,strictly_linear,1,1,1,1
p004-b6-t5,organic,linear_regression,2,3,1,1 2 1
p004-b6-t6,organic,strictly_linear,1,1,1,1
p004-b6-t8,organic,linear_regression,2,4,2,1 2 1 2
p004-b6-t9,organic,nonlinear_skip_only,2,3,1,1 3 1
p005-b1-t1,organic,nonlinear_backfill,7,9,2,1 7 6 8 9 7 3 1 2
p005-b1-t10,organic,nonlinear_skip_only,4,5,,1 2 4 5 4
p005-b1-t2,organic,nonlinear_backfill,8,12,1,3 4 3 2 6 7 8 9 8 7 8 1
p005-b1-t3,organic,linear_regression,3,9,2,1 2 1 2 3 2 3 2 1
p005-b1-t4,organic,linear_regression,5,9,5,1 2 3 2 1 3 4 5 1
p005-b1-t5,organic,nonlinear_skip_only,5,15,1,1 2 1 2 1 3 4 8 3 2 1 2 1 2 1
p005-b1-t7,organic,nonlinear_skip_only,5,16,1,1 2 1 2 1 2 1 2 3 6 8 6 8 3 2 1
p005-b1-t8,organic,nonlinear_backfill,7,16,2,1 2 3 5 7 6 4 1 2 1 2 1 2 1 2 1
p005-b1-t9,organic,nonlinear_skip_only,3,8,2,1 2 1 2 1 2 1 5
p005-b2-t1,organic,nonlinear_backfill,4,10,2,2 3 2 3 4 3 2 1 3 2
p005-b2-t10,organic,linear_regression,2,3,1,1 2 1
p005-b2-t2,organic,nonlinear_backfill,8,27,5,1 4 6 8 7 4 5 6 1 2 3 5 4 5 4 5 4 3 2 1 3 2 4 5 6 5 1
p005-b2-t3,organic,nonlinear_skip_only,5,9,,1 2 1 2 3 4 7 2 1
p005-b2-t4,organic,nonlinear_backfill,5,15,5,1 4 5 3 2 1 4 5 3 2 3 5 4 5 2
p005-b2-t5,organic,nonlinear_backfill,5,12,3,1 2 3 2 1 6 5 1 3 1 3 2
p005-b2-t6,organic,nonlinear_skip_only,4,8,,1 2 1 2 4 8 2 1
p005-b2-t7,organic,nonlinear_skip_only,5,9,1,1 3 4 5 4 5 6 3 1
p005-b2-t8,organic,nonlinear_backfill,5,12,4,1 4 5 6 5 4 2 1 2 4 2 4
p005-b2-t9,organic,linear_regression,2,3,,1 2 1
p005-b3-t1,organic,nonlinear_backfill,6,14,1,1 4 7 6 7 6 3 1 2 1 2 1 2 1
p005-b3-t10,organic,nonlinear_backfill,5,5,,3 4 6 8 1
p005-b3-t2,organic,nonlinear_backfill,7,16,,3 1 2 1 2 3 4 3 4 3 6 7 6 5 4 2
p005-b3-t3,organic,nonlinear_backfill,7,18,4,1 4 3 4 3 4 5 7 6 3 2 1 4 3 4 1 3 1
p005-b3-t4,organic,nonlinear_backfill,5,10,,2 1 2 3 2 3 2 3 4 5
p005-b3-t5,organic,nonlinear_skip_only,4,9,1,1 2 3 2 3 5 3 2 1
p005-b3-t6,organic,linear_regression,3,7,2,1 2 1 3 1 2 1
p005-b3-t7,organic,linear_regression,4,9,3,1 2 1 2 3 4 2 1 2
p005-b3-t8,organic,linear_regression,4,7,4,1 2 1 3 4 3 4
p005-b3-t9,organic,nonlinear_backfill,5,13,1,1 2 5 4 5 4 6 5 6 5 6 2 1
p005-b4-t1,organic,nonlinear_skip_only,4,24,2,1 2 3 5 2 1 2 1 2 1 3 2 3 2 1 2 1 2 1 2 1 2 1 2
p005-b4-t10,organic,linear_regression,4,9,1,1 2 3 2 3 4 3 4 1
p005-b4-t2,organic,nonlinear_backfill,4,7,,2 3 2 4 3 4 1
p005-b4-t3,organic,nonlinear_backfill,5,8,1,1 2 1 2 7 8 5 1
p005-b4-t4,organic,strictly_linear,3,3,,1 2 3
p005-b4-t5,organic,strictly_linear,1,1,1,1
p005-b4-t6,organic,linear_regression,3,14,2,1 2 3 2 1 2 1 3 2 1 3 2 1 2
p005-b4-t7,organic,nonlinear_backfill,4,6,2,4 5 2 3 4 2
p005-b4-t8,organic,linear_regression,6,15,2,1 2 3 4 5 6 1 2 1 2 1 2 1 2 1
p005-b4-t9,organic,nonlinear_backfill,3,7,1,1 4 1 2 1 4 1
p005-b5-t1,organic,nonlinear_backfill,3,10,,2 1 2 3 2 3 2 3 2 1
p005-b5-t10,organic,linear_regression,3,4,1,1 2 3 2
p005-b5-t2,organic,nonlinear_backfill,7,22,,1 3 2 3 4 5 4 5 3 2 5 6 7 5 2 1 5 4 3 4 5 2
p005-b5-t3,organic,linear_regression,2,12,1,1 2 1 2 1 2 1 2 1 2 1 2
p005-b5-t4,organic,nonlinear_backfill,6,20,1,1 2 1 2 3 2 3 2 4 3 4 3 4 6 5 4 3 2 4 1
p005-b5-t5,organic,strictly_linear,1,1,,1
p005-b5-t6,organic,nonlinear_backfill,5,7,1,2 1 2 3 4 5 1
p005-b5-t7,organic,nonlinear_backfill,5,10,1,2 3 2 3 5 2 3 4 3 1
p005-b5-t8,organic,strictly_linear,1,1,,1
p005-b5-t9,organic,linear_regression,3,7,1,1 2 1 2 1 2 3
p005-b6-t1,organic,nonlinear_skip_only,5,10,3,1 2 3 4 3 4 6 1 3 2
p005-b6-t10,organic,linear_regression,4,12,1,1 2 3 2 1 3 4 1 2 1 2 1
p005-b6-t3,organic,linear_regression,5,15,2,1 2 1 2 1 2 3 2 4 1 2 1 2 1 5
p005-b6-t4,organic,linear_regression,2,3,3,4 5 4
p005-b6-t8,organic,nonlinear_backfill,3,11,1,3 2 3 2 1 2 1 2 3 2 1
p005-b6-t9,organic,nonlinear_backfill,7,29,2,4 3 2 3 2 3 4 3 2 3 2 3 2 4 1 2 3 2 4 5 6 5 6 7 5 3 4 1 2
p006-b1-t1,organic,nonlinear_backfill,9,26,1,2 1 2 1 2 3 1 3 2 1 2 1 2 3 4 6 5 6 9 7 8 6 4 3 2 1
p006-b1-t10,organic,strictly_linear,1,1,,1
p006-b1-t2,organic,nonlinear_backfill,7,9,,1 2 3 5 4 6 7 3 1
p006-b1-t3,organic,strictly_linear,2,2,,1 2
p006-b1-t4,organic,linear_regression,2,3,1,1 2 1
p006-b1-t5,organic,nonlinear_backfill,4,5,1,1 2 4 3 1
p006-b1-t6,organic,nonlinear_skip_only,6,7,,1 2 4 1 5 6 7
p006-b1-t7,organic,nonlinear_backfill,7,10,1,1 2 3 5 8 7 8 6 3 1
p006-b1-t8,organic,nonlinear_backfill,7,20,3,1 2 1 3 4 3 1 3 4 8 9 8 9 7 4 3 4 1 3 1
p006-b2-t1,organic,nonlinear_backfill,6,12,,1 2 1 2 1 2 3 5 7 5 4 2
p006-b2-t10,organic,nonlinear_backfill,6,10,4,1 2 4 8 6 4 3 4 2 1
p006-b2-t3,organic,linear_regression,6,23,1,1 2 1 2 1 2 3 2 3 4 3 4 5 4 3 4 5 4 5 6 5 2 1
p006-b2-t4,organic,nonlinear_backfill,6,13,,1 2 1 3 1 2 3 1 5 4 7 1 2
p006-b2-t5,organic,nonlinear_backfill,6,12,,1 2 1 2 1 2 3 2 3 4 8 7
p006-b2-t6,organic,nonlinear_skip_only,2,3,,1 3 1
p006-b2-t7,organic,linear_regression,2,15,1,1 2 1 2 1 2 1 2 1 2 1 2 1 2 1
p006-b2-t8,organic,linear_regression,3,7,1,1 2 1 2 3 1 2
p006-b2-t9,organic,linear_regression,2,3,1,1 2 1
p006-b3-t1,organic,nonlinear_backfill,3,13,1,1 3 1 2 1 2 1 3 1 2 3 2 1
p006-b3-t10,organic,nonlinear_backfill,4,6,1,1 2 6 5 2 1
p006-b3-t2,organic,linear_regression,4,6,,2 3 4 5 4 2
p006-b3-t3,organic,nonlinear_skip_only,2,2,,1 3
p006-b3-t7,organic,nonlinear_skip_only,5,37,2,1 2 1 2 1 2 1 2 3 2 1 3 1 2 1 2 1 2 1 2 1 2 1 2 1 2 1 3 2 3 4 8 4 3 2 1 2
p006-b3-t8,organic,linear_regression,5,11,2,1 2 1 2 3 2 3 2 4 5 1
p006-b3-t9,organic,nonlinear_backfill,10,32,4,1 2 3 4 5 4 5 6 10 8 10 9 8 6 7 6 4 3 2 1 3 4 3 2 3 4 3 5 4 5 4 1
p006-b4-t1,organic,nonlinear_backfill,4,5,,1 2 7 3 1
p006-b4-t10,organic,linear_regression,5,10,1,1 2 1 3 1 3 4 5 4 1
p006-b4-t2,organic,linear_regression,2,4,1,1 2 1 2
p006-b4-t3,organic,nonlinear_backfill,5,10,1,1 2 1 4 3 4 7 3 2 1
p006-b4-t5,organic,nonlinear_backfill,5,7,,1 4 5 3 1 6 5
p006-b4-t6,organic,strictly_linear,1,1,1,1
p006-b4-t7,organic,nonlinear_backfill,8,20,,1 2 3 5 4 5 6 7 6 8 1 3 1 3 1 2 4 6 7 4
p006-b4-t8,organic,linear_regression,2,3,1,1 2 1
p006-b4-t9,organic,nonlinear_backfill,4,4,,2 1 3 4
p006-b5-t1,organic,nonlinear_backfill,8,13,7,1 3 2 4 5 7 6 7 8 7 6 5 4
p006-b5-t10,organic,linear_regression,7,9,5,1 2 3 4 5 6 7 5 4
p006-b5-t3,organic,linear_regression,5,10,1,1 2 1 2 3 4 5 1 2 1
p006-b5-t4,organic,nonlinear_backfill,7,14,1,1 2 1 3 7 8 6 7 6 4 2 1 2 1
p006-b5-t5,organic,linear_regression,4,8,3,1 2 3 1 3 4 3 1
p006-b5-t6,organic,nonlinear_backfill,5,13,2,1 2 3 2 1 2 1 2 3 2 6 5 6
p006-b5-t8,organic,nonlinear_backfill,5,18,2,1 2 1 3 2 3 8 5 2 1 2 3 1 2 3 2 3 2
p006-b5-t9,organic,linear_regression,2,3,2,1 2 1
p006-b6-t1,organic,strictly_linear,1,1,1,1
p006-b6-t10,organic,nonlinear_skip_only,5,8,,1 2 1 2 4 5 8 1
p006-b6-t2,organic,nonlinear_backfill,4,5,1,1 3 4 2 1
p006-b6-t3,organic,nonlinear_backfill,6,6,,1 4 3 5 7 2
p006-b6-t4,organic,linear_regression,2,3,1,1 2 1
p006-b6-t5,organic,linear_regression,3,5,2,1 2 1 2 3
p006-b6-t6,organic,nonlinear_skip_only,6,6,,1 2 3 4 7 8
p006-b6-t7,organic,nonlinear_skip_only,6,9,,1 2 3 4 1 6 7 2 6
p006-b6-t8,organic,nonlinear_backfill,6,8,1,1 2 1 4 5 8 7 1
p006-b6-t9,organic,linear_regression,3,7,2,1 2 3 2 1 2 1
p007-b1-t1,organic,linear_regression,3,15,1,1 2 1 2 1 2 1 2 1 2 1 2 3 2 1
p007-b1-t10,organic,nonlinear_backfill,8,21,4,1 2 1 4 5 4 3 2 4 5 6 7 8 5 4 3 4 7 4 3 4
p007-b1-t2,organic,nonlinear_skip_only,6,7,1,1 2 3 5 6 7 1
p007-b1-t3,organic,linear_regression,3,6,1,1 2 1 2 3 1
p007-b1-t4,organic,linear_regression,5,7,2,1 2 3 4 5 2 1
p007-b1-t5,organic,nonlinear_backfill,7,10,1,1 4 9 7 6 2 1 3 2 1
p007-b1-t6,organic,linear_regression,3,14,3,1 2 1 2 1 3 2 3 2 3 2 3 2 3
p007-b1-t7,organic,nonlinear_skip_only,4,9,1,1 2 3 5 1 2 1 2 1
p007-b1-t8,organic,linear_regression,5,8,5,1 2 1 2 3 4 3 5
p007-b2-t1,organic,linear_regression,2,8,1,1 2 1 2 1 2 1 2
p007-b2-t10,organic,nonlinear_backfill,6,13,1,1 2 1 3 2 1 6 7 4 3 4 3 1
p007-b2-t2,organic,linear_regression,4,6,2,1 2 3 4 1 2
p007-b2-t3,organic,linear_regression,4,10,2,1 2 3 2 4 3 4 3 4 2
p007-b2-t4,organic,nonlinear_skip_only,4,7,2,1 2 1 2 4 5 1
p007-b2-t5,organic,nonlinear_backfill,6,29,2,1 3 5 6 5 1 2 3 2 3 2 3 4 6 4 3 2 3 2 3 2 4 2 1 3 2 1 2 1
p007-b2-t6,organic,linear_regression,2,7,1,1 2 1 2 1 2 1
p007-b2-t7,organic,nonlinear_skip_only,8,28,5,1 2 1 2 3 4 5 6 5 7 9 4 3 4 9 4 3 2 3 4 5 6 5 4 5 6 4 5
p007-b2-t9,organic,nonlinear_backfill,3,12,,2 3 1 2 3 2 3 2 1 2 1 2
p007-b3-t1,organic,nonlinear_backfill,5,12,5,2 1 2 3 4 3 4 3 5 4 3 4
p007-b3-t10,organic,nonlinear_backfill,8,23,5,1 2 3 5 2 3 4 6 7 8 1 2 3 5 6 7 6 8 6 8 4 5 3
p007-b3-t2,organic,linear_regression,6,17,1,1 2 3 2 3 4 5 6 3 1 2 1 2 1 3 2 1
p007-b3-t3,organic,nonlinear_backfill,9,19,2,1 3 4 5 6 7 8 9 7 2 4 5 4 5 1 2 1 3 2
p007-b3-t4,organic,linear_regression,3,14,2,1 2 1 3 1 2 1 2 1 2 3 2 1 3
p007-b3-t5,organic,nonlinear_skip_only,5,9,1,1 2 1 2 4 5 7 2 1
p007-b3-t6,organic,nonlinear_backfill,5,12,3,1 3 4 3 5 4 3 2 4 3 4 5
p007-b3-t7,organic,linear_regression,2,3,1,1 2 1
p007-b3-t8,organic,nonlinear_backfill,5,10,,1 3 1 2 3 4 5 3 2 1
p007-b3-t9,organic,nonlinear_skip_only,4,6,5,1 3 4 5 4 5
p007-b4-t1,organic,nonlinear_backfill,9,11,3,1 3 4 5 6 7 8 9 3 2 3
p007-b4-t10,organic,linear_regression,7,32,7,1 2 3 4 5 4 6 7 4 5 4 3 4 3 4 3 5 4 5 4 7 6 7 4 5 3 1 4 1 7 4 3
p007-b4-t3,organic,nonlinear_backfill,6,15,,1 2 1 2 4 5 2 3 5 4 6 5 4 5 4
p007-b4-t4,organic,linear_regression,4,26,2,1 2 3 4 1 2 3 2 1 3 4 3 2 3 2 1 2 1 2 1 2 3 2 3 1 2
p007-b4-t5,organic,linear_regression,4,7,1,1 2 1 2 3 4 1
p007-b4-t6,organic,linear_regression,4,9,3,1 2 3 4 2 1 2 3 1
p007-b4-t7,organic,linear_regression,6,24,1,1 2 3 4 5 6 5 2 1 2 3 2 3 5 4 5 6 5 4 3 2 1 2 1
p007-b4-t8,organic,nonlinear_skip_only,8,13,9,1 2 3 4 5 4 5 6 8 9 1 4 9
p007-b4-t9,organic,linear_regression,6,10,4,1 2 1 2 1 3 4 5 6 4
p007-b5-t1,organic,nonlinear_backfill,7,21,1,1 2 4 3 4 6 7 6 1 2 3 4 6 5 6 5 6 7 6 7 1
p007-b5-t10,organic,nonlinear_backfill,8,29,1,2 3 1 2 3 5 2 1 2 3 5 6 7 8 1 2 1 2 3 4 5 1 3 1 2 1 2 3 4
p007-b5-t2,organic,linear_regression,3,8,1,1 2 1 2 1 3 2 1
p007-b5-t3,organic,linear_regression,7,18,4,1 2 3 4 3 5 6 7 6 7 6 4 3 4 3 2 4 3
p007-b5-t4,organic,linear_regression,6,9,1,1 2 3 4 5 4 5 6 1
p007-b5-t5,organic,linear_regression,9,19,6,1 2 3 4 1 4 5 6 7 6 7 8 9 7 5 6 5 4 3
p007-b5-t6,organic,linear_regression,6,17,1,1 2 3 2 3 2 3 4 5 6 4 2 3 2 1 2 1
p007-b5-t7,organic,linear_regression,6,17,4,1 2 3 4 3 4 3 5 6 1 6 5 4 3 4 3 4
p007-b5-t8,organic,nonlinear_backfill,7,21,3,1 2 3 4 6 7 2 1 2 1 2 3 2 3 5 6 3 6 2 3 1
p007-b5-t9,organic,strictly_linear,1,1,1,1
p007-b6-t1,organic,nonlinear_backfill,7,22,1,1 2 4 5 1 2 3 4 5 6 7 1 2 1 2 1 2 1 2 1 2 3
p007-b6-t10,organic,nonlinear_skip_only,5,8,6,1 2 4 6 2 6 7 6
p007-b6-t3,organic,nonlinear_backfill,3,9,2,1 3 2 3 2 3 2 1 2
p007-b6-t4,organic,linear_regression,4,5,1,1 2 3 4 1
p007-b6-t5,organic,nonlinear_skip_only,6,15,6,1 4 5 6 7 8 7 6 7 6 7 6 5 4 6
p007-b6-t6,organic,nonlinear_backfill,9,22,4,1 4 5 3 2 1 3 4 5 3 5 6 7 8 7 9 8 4 5 4 3 4
p007-b6-t7,organic,nonlinear_skip_only,8,23,5,1 2 1 2 4 5 2 1 2 4 5 1 5 6 7 8 7 8 10 1 4 5 4
p007-b6-t8,organic,nonlinear_skip_only,6,6,,1 2 3 4 5 8
p007-b6-t9,organic,nonlinear_skip_only,7,12,1,1 2 1 2 3 4 5 4 7 9 4 1
p008-b1-t1,organic,nonlinear_backfill,4,4,,1 5 7 3
p008-b1-t10,organic,nonlinear_skip_only,4,14,2,1 2 1 2 1 2 1 4 2 4 6 1 2 1
p008-b1-t2,organic,nonlinear_backfill,4,13,1,2 4 3 2 1 2 1 2 1 2 1 2 1
p008-b1-t3,organic,linear_regression,3,5,,1 2 1 2 3
p008-b1-t4,organic,nonlinear_backfill,6,9,,1 2 1 2 3 4 6 5 1
p008-b1-t6,organic,linear_regression,10,23,1,1 2 1 2 3 2 1 4 5 6 7 6 7 8 9 10 5 2 1 3 4 2 1
p008-b1-t9,organic,linear_regression,2,3,,1 2 1
p008-b2-t1,organic,linear_regression,4,19,2,1 2 1 2 3 2 1 2 3 4 3 2 1 2 3 2 1 4 3
p008-b2-t10,organic,strictly_linear,1,1,,1
p008-b2-t3,organic,strictly_linear,2,2,,1 2
p008-b2-t4,organic,linear_regression,2,4,2,1 2 1 2
p008-b2-t5,organic,nonlinear_backfill,4,9,2,1 2 1 4 3 1 2 1 2
p008-b2-t6,organic,strictly_linear,1,1,,1
p008-b2-t7,organic,strictly_linear,1,1,1,1
p008-b2-t9,organic,linear_regression,3,11,2,1 2 1 2 1 2 3 2 1 2 1
p008-b3-t1,organic,strictly_linear,1,1,,1
p008-b3-t3,organic,nonlinear_skip_only,3,3,,1 4 7
p008-b3-t4,organic,linear_regression,2,4,2,1 2 1 2
p008-b3-t5,organic,strictly_linear,1,1,,1
p008-b3-t6,organic,strictly_linear,1,1,1,1
p008-b3-t8,organic,linear_regression,5,6,1,1 2 3 4 5 1
p008-b4-t10,organic,nonlinear_skip_only,5,7,,2 3 4 3 4 5 7
p008-b4-t2,organic,strictly_linear,4,4,2,1 2 3 4
p008-b4-t3,organic,linear_regression,2,4,2,1 2 1 2
p008-b4-t4,organic,strictly_linear,1,1,1,1
p008-b4-t5,organic,linear_regression,4,13,2,1 2 1 2 1 2 1 2 1 2 3 4 2
p008-b4-t7,organic,strictly_linear,1,1,1,1
p008-b4-t8,organic,strictly_linear,1,1,1,1
p008-b5-t1,organic,strictly_linear,3,3,,1 2 3
p008-b5-t10,organic,linear_regression,2,5,,1 2 1 2 1
p008-b5-t2,organic,linear_regression,5,9,4,1 2 1 3 4 5 4 5 4
p008-b5-t3,organic,linear_regression,2,3,1,1 2 1
p008-b5-t4,organic,linear_regression,3,5,2,1 2 3 2 3
p008-b5-t5,organic,nonlinear_skip_only,5,11,4,1 3 4 5 4 3 4 5 4 6 3
p008-b5-t6,organic,strictly_linear,1,1,,1
p008-b5-t8,organic,linear_regression,2,4,2,1 2 1 2
p008-b6-t1,organic,strictly_linear,2,2,1,1 2
p008-b6-t10,organic,linear_regression,3,4,1,1 2 3 1
p008-b6-t2,organic,strictly_linear,1,1,,1
p008-b6-t3,organic,strictly_linear,1,1,,1
p008-b6-t4,organic,strictly_linear,2,2,,2 3
p008-b6-t5,organic,linear_regression,2,10,2,1 2 1 2 1 2 1 2 1 2
p008-b6-t6,organic,linear_regression,2,3,1,1 2 1
p008-b6-t7,organic,strictly_linear,1,1,1,1
p008-b6-t9,organic,strictly_linear,1,1,,2
p009-b1-t1,organic,nonlinear_backfill,8,13,1,1 2 1 2 3 4 5 8 7 6 4 5 1
p009-b1-t2,organic,linear_regression,8,12,,1 2 3 4 5 6 7 6 8 6 2 1
p009-b1-t3,organic,strictly_linear,1,1,1,1
p009-b1-t4,organic,nonlinear_backfill,6,8,1,1 2 1 3 9 8 6 1
p009-b1-t5,organic,nonlinear_backfill,7,23,1,1 2 1 2 1 4 1 5 2 1 4 5 7 5 8 7 5 4 3 2 1 2 1
p009-b1-t6,organic,nonlinear_backfill,6,9,,1 3 7 8 1 6 5 8 1
p009-b1-t7,organic,nonlinear_backfill,10,30,10,1 2 3 8 9 10 8 10 9 5 4 2 1 2 1 3 2 4 1 6 8 7 8 9 10 8 7 10 9 6
p009-b1-t8,organic,nonlinear_backfill,6,10,,1 2 3 2 3 5 8 4 1 2
p009-b1-t9,organic,nonlinear_backfill,8,16,4,1 2 1 2 3 2 5 4 7 6 7 9 6 5 4 1
p009-b2-t1,organic,nonlinear_backfill,8,17,1,1 3 5 3 4 5 6 5 4 5 8 9 5 3 1 2 1
p009-b2-t10,organic,nonlinear_backfill,8,15,2,1 2 3 4 6 8 9 8 7 4 2 1 2 3 2
p009-b2-t2,organic,nonlinear_backfill,8,20,1,1 2 1 2 4 5 6 5 4 5 4 3 6 5 7 6 8 3 2 1
p009-b2-t5,organic,nonlinear_backfill,6,13,1,1 2 1 2 3 4 6 4 5 6 3 2 1
p009-b2-t7,organic,nonlinear_backfill,5,9,,1 3 6 8 6 8 6 5 1
p009-b2-t8,organic,nonlinear_backfill,7,12,,1 2 3 2 3 9 7 10 9 4 3 1
p009-b2-t9,organic,nonlinear_backfill,6,18,5,1 2 1 2 4 5 6 5 6 5 1 2 4 3 5 4 5 4
p009-b3-t1,organic,nonlinear_backfill,7,12,1,1 2 4 6 8 7 4 3 4 1 2 1
p009-b3-t10,organic,nonlinear_backfill,7,18,2,1 2 1 2 1 4 2 4 7 8 7 8 6 8 1 2 3 2
p009-b3-t2,organic,nonlinear_backfill,8,15,,2 1 2 1 4 7 6 8 5 1 2 1 2 4 3
p009-b3-t3,organic,nonlinear_backfill,7,15,1,1 2 3 2 1 2 7 6 7 5 4 2 1 2 1
p009-b3-t4,organic,nonlinear_backfill,8,14,,2 1 2 3 2 1 2 3 4 5 6 7 8 4
p009-b3-t5,organic,nonlinear_backfill,6,14,1,2 1 2 3 6 7 8 6 2 1 2 1 2 1
p009-b3-t6,organic,nonlinear_backfill,7,11,1,1 2 3 4 6 7 5 2 1 2 1
p009-b3-t7,organic,nonlinear_backfill,7,13,,1 2 5 7 5 8 7 5 3 4 3 2 1
p009-b3-t8,organic,nonlinear_skip_only,3,8,1,1 2 1 2 1 2 1 4
p009-b3-t9,organic,nonlinear_backfill,8,18,1,1 2 4 5 3 4 3 2 4 1 5 9 8 9 8 7 2 1
p009-b4-t1,organic,nonlinear_backfill,7,13,,1 3 2 3 4 1 3 2 6 9 8 9 1
p009-b4-t10,organic,nonlinear_backfill,6,14,1,1 3 4 2 4 2 3 8 9 1 2 3 2 1
p009-b4-t2,organic,nonlinear_backfill,8,23,2,1 2 1 2 4 3 2 5 3 4 6 4 8 7 8 7 5 6 4 5 4 1 2
p009-b4-t4,organic,nonlinear_backfill,7,12,2,1 2 1 2 4 8 7 6 3 2 3 2
p009-b4-t5,organic,nonlinear_skip_only,7,15,,1 2 1 2 3 4 3 5 6 5 6 4 9 6 1
p009-b4-t6,organic,nonlinear_backfill,6,8,,1 2 4 6 8 7 2 1
p009-b4-t8,organic,nonlinear_backfill,5,9,,1 2 1 2 3 2 1 7 4
p009-b4-t9,organic,nonlinear_skip_only,2,3,1,1 8 1
p009-b5-t1,organic,nonlinear_skip_only,4,5,,1 2 1 6 7
p009-b5-t10,organic,nonlinear_backfill,4,16,1,1 2 1 2 1 2 1 2 8 2 1 2 7 1 2 1
p009-b5-t2,organic,nonlinear_backfill,7,11,,1 3 2 3 4 5 6 7 3 1 2
p009-b5-t3,organic,nonlinear_backfill,7,13,,1 2 3 2 6 7 5 6 7 3 4 3 2
p009-b5-t5,organic,nonlinear_skip_only,7,14,,1 2 3 4 3 5 4 7 8 7 8 5 8 2
p009-b5-t6,organic,nonlinear_backfill,7,11,,1 2 3 8 6 7 5 7 8 2 1
p009-b5-t7,organic,nonlinear_backfill,7,7,1,2 5 6 8 9 4 1
p009-b5-t8,organic,nonlinear_skip_only,4,11,2,1 2 3 2 1 7 1 2 1 2 1
p009-b5-t9,organic,nonlinear_skip_only,5,14,,1 2 1 2 3 1 2 3 4 3 2 3 7 4
p009-b6-t1,organic,linear_regression,8,17,,1 2 1 2 1 2 3 4 5 6 3 7 6 3 7 8 1
p009-b6-t2,organic,nonlinear_backfill,7,13,,1 2 1 2 4 8 7 8 7 6 5 1 2
p009-b6-t3,organic,nonlinear_backfill,5,7,,1 2 3 8 6 3 2
p009-b6-t4,organic,nonlinear_skip_only,7,11,,1 2 3 4 5 4 5 6 9 5 1
p009-b6-t6,organic,nonlinear_backfill,4,7,,2 1 2 3 4 2 1
p009-b6-t7,organic,linear_regression,5,12,5,1 2 3 4 5 4 5 1 5 1 5 4
p009-b6-t8,organic,nonlinear_backfill,6,17,6,1 4 5 6 7 6 1 2 6 1 2 6 2 5 6 2 6
p009-b6-t9,organic,nonlinear_backfill,2,5,,2 1 2 1 2
p010-b1-t1,organic,nonlinear_backfill,7,23,1,4 5 6 1 2 3 2 4 3 4 2 4 5 4 6 7 6 1 2 1 2 1 2
p010-b1-t10,organic,nonlinear_backfill,7,15,1,5 1 3 5 4 6 8 7 5 6 5 6 7 3 1
p010-b1-t2,organic,linear_regression,9,29,1,1 2 3 2 3 4 5 4 5 3 4 6 5 4 7 6 7 6 8 9 6 7 3 2 3 2 1 2 1
p010-b1-t3,organic,linear_regression,7,18,3,1 2 3 1 2 3 4 5 6 7 6 4 5 4 5 3 2 3
p010-b1-t5,organic,linear_regression,7,18,1,1 2 3 2 3 4 5 4 6 5 6 5 6 7 2 1 2 1
p010-b1-t6,organic,nonlinear_skip_only,8,25,7,1 2 3 2 3 2 1 3 4 5 4 3 5 6 7 9 7 1 2 4 5 7 5 3 5
p010-b1-t7,organic,nonlinear_backfill,9,18,1,1 3 1 2 3 4 5 3 6 5 6 7 8 7 8 9 3 1
p010-b1-t8,organic,nonlinear_backfill,9,23,5,2 3 1 2 3 2 3 4 5 6 7 6 7 9 8 9 5 6 2 3 1 3 2
p010-b1-t9,organic,nonlinear_backfill,7,24,5,1 2 3 6 3 5 4 3 2 1 3 4 6 5 6 7 6 7 4 5 6 5 6 5
p010-b2-t1,organic,nonlinear_backfill,7,9,2,1 2 3 4 6 7 5 4 2
p010-b2-t10,organic,nonlinear_backfill,9,32,5,1 2 3 4 5 6 8 9 2 4 3 4 3 2 1 4 5 6 3 4 1 6 8 9 8 9 8 7 5 6 4 3
p010-b2-t2,organic,linear_regression,5,15,4,2 3 2 3 2 3 4 5 4 5 4 6 4 3 2
p010-b2-t3,organic,linear_regression,9,17,6,1 2 3 4 5 6 7 8 9 8 7 6 5 6 3 2 3
p010-b2-t4,organic,nonlinear_backfill,8,18,2,2 4 1 2 3 4 3 4 5 6 7 8 4 5 2 1 2 1
p010-b2-t5,organic,nonlinear_backfill,7,11,1,1 6 2 3 4 5 6 8 1 3 1
p010-b2-t6,organic,nonlinear_skip_only,6,8,1,1 2 3 4 8 9 3 1
p010-b2-t7,organic,linear_regression,8,12,1,1 2 3 4 5 6 7 8 4 3 2 1
p010-b2-t8,organic,strictly_linear,8,8,,1 2 3 4 5 6 7 8
p010-b2-t9,organic,linear_regression,8,12,4,1 2 3 4 5 6 7 8 5 4 2 4
p010-b3-t1,organic,nonlinear_backfill,9,16,,1 2 3 5 6 7 8 9 6 7 6 7 3 4 2 1
p010-b3-t10,organic,linear_regression,3,5,3,1 2 3 1 2
p010-b3-t2,organic,linear_regression,8,18,1,1 2 3 4 5 6 7 8 7 6 4 1 2 1 6 7 1 2
p010-b3-t3,organic,linear_regression,8,9,8,1 2 3 4 5 6 7 8 4
p010-b3-t4,organic,linear_regression,7,10,5,1 2 3 4 5 6 5 6 7 4
p010-b3-t5,organic,linear_regression,8,13,6,1 2 1 2 3 4 5 6 7 8 6 4 5
p010-b3-t6,organic,nonlinear_backfill,8,15,1,1 3 2 3 4 6 5 6 8 10 8 10 6 2 1
p010-b3-t7,organic,nonlinear_backfill,9,14,1,1 2 4 5 4 5 6 7 8 9 5 3 2 1
p010-b3-t8,organic,linear_regression,8,15,2,1 2 3 4 5 6 7 8 5 6 2 1 2 1 2
p010-b3-t9,organic,nonlinear_backfill,6,14,1,1 2 3 1 2 1 3 5 4 5 6 1 2 1
p010-b4-t1,organic,linear_regression,3,7,2,1 2 3 2 3 2 3
p010-b4-t10,organic,linear_regression,2,10,2,1 2 1 2 1 2 1 2 1 2
p010-b4-t2,organic,linear_regression,3,8,2,1 2 3 2 3 2 3 1
p010-b4-t3,organic,linear_regression,5,9,3,1 2 3 2 3 4 3 5 4
p010-b4-t4,organic,nonlinear_backfill,9,18,1,2 1 2 3 4 5 6 7 8 9 8 5 3 2 4 2 3 1
p010-b4-t5,organic,linear_regression,9,17,1,1 2 1 2 3 4 5 4 6 7 8 9 3 2 3 2 1
p010-b4-t6,organic,nonlinear_skip_only,7,14,1,1 2 3 4 5 6 5 6 8 2 1 2 1 2
p010-b4-t7,organic,nonlinear_backfill,6,14,1,1 2 1 2 4 5 7 5 2 3 1 4 2 1
p010-b4-t8,organic,nonlinear_backfill,7,9,1,1 3 4 5 6 8 4 2 1
p010-b4-t9,organic,nonlinear_backfill,8,20,7,4 3 1 4 3 4 1 5 4 6 5 7 8 6 8 7 8 7 9 5
p010-b5-t1,organic,nonlinear_skip_only,6,10,1,1 2 3 4 5 7 5 4 2 1
p010-b5-t10,organic,nonlinear_backfill,7,26,2,1 2 3 5 4 5 4 5 6 7 2 3 2 1 2 1 2 1 2 1 2 1 2 1 2 1
p010-b5-t2,organic,nonlinear_backfill,10,15,1,2 1 4 3 4 5 6 7 8 9 10 2 1 2 1
p010-b5-t3,organic,nonlinear_backfill,7,11,1,2 1 2 3 4 5 7 8 2 1 2
p010-b5-t4,organic,nonlinear_skip_only,6,9,1,1 2 3 4 6 7 3 1 6
p010-b5-t5,organic,nonlinear_backfill,8,25,4,1 3 2 1 2 3 4 5 6 7 6 7 8 4 5 4 3 2 4 3 5 4 1 2 1
p010-b5-t6,organic,linear_regression,4,11,,1 2 3 4 3 4 3 4 1 2 1
p010-b5-t7,organic,nonlinear_backfill,8,29,3,2 1 2 3 4 2 3 4 5 6 7 8 7 8 5 3 5 4 5 6 5 4 6 2 1 2 3 2 1
p010-b5-t8,organic,linear_regression,7,17,7,1 2 3 2 3 4 3 5 6 7 6 3 7 5 7 3 1
p010-b5-t9,organic,nonlinear_backfill,8,14,1,1 3 4 5 6 7 8 5 4 3 5 3 2 1
p010-b6-t1,organic,nonlinear_skip_only,7,13,1,1 2 3 2 3 4 5 7 8 7 8 3 1
p010-b6-t10,organic,nonlinear_skip_only,3,5,4,1 2 6 1 2
p010-b6-t2,organic,linear_regression,2,8,2,1 2 1 2 1 2 1 2
p010-b6-t3,organic,linear_regression,8,31,4,1 2 3 4 5 6 7 8 7 6 8 7 4 8 3 5 8 5 4 3 4 5 6 3 4 5 4 5 4 5 1
p010-b6-t4,organic,linear_regression,9,23,1,1 2 3 2 3 4 3 5 6 7 8 7 8 7 6 7 8 9 7 3 2 1 2
p010-b6-t5,organic,nonlinear_backfill,7,20,1,2 1 2 1 2 1 2 3 2 3 2 3 4 6 7 8 6 2 1 2
p010-b6-t6,organic,nonlinear_skip_only,7,22,5,1 2 1 2 3 4 3 4 3 4 2 3 4 2 4 5 6 5 6 5 9 5
p010-b6-t7,organic,nonlinear_backfill,8,16,1,8 2 3 2 3 4 5 4 5 8 9 10 3 1 4 1
p010-b6-t8,organic,linear_regression,8,18,1,1 2 1 2 3 4 5 6 7 8 5 2 3 4 7 6 5 1
p010-b6-t9,organic,strictly_linear,1,1,1,1
p011-b1-t1,organic,nonlinear_backfill,7,19,2,2 1 7 1 2 3 4 6 7 5 6 7 6 7 4 2 3 2 3
p011-b1-t2,organic,linear_regression,7,26,1,1 2 1 2 1 2 3 4 5 6 7 5 1 2 3 1 4 5 3 6 5 6 2 1 2 1
p011-b1-t3,organic,nonlinear_backfill,8,13,1,1 2 1 2 3 2 6 5 4 6 7 10 1
p011-b1-t5,organic,nonlinear_backfill,9,21,2,1 2 1 2 3 4 3 2 4 5 4 5 7 6 8 9 1 2 1 2 1
p011-b1-t6,organic,linear_regression,8,17,1,1 2 3 4 3 4 5 6 4 5 6 5 4 6 7 8 1
p011-b1-t7,organic,nonlinear_backfill,7,26,3,1 2 1 2 1 2 3 2 3 2 3 4 3 4 3 4 6 5 4 5 3 7 2 3 1 3
p011-b1-t8,organic,nonlinear_backfill,9,38,,1 2 3 1 2 1 3 4 6 5 6 7 6 7 8 9 8 9 8 9 8 9 8 6 5 3 4 3 2 1 2 1 2 1 2 1 2 1
p011-b1-t9,organic,nonlinear_backfill,8,53,6,1 2 3 2 1 3 4 6 5 6 5 6 8 3 1 7 6 5 8 7 6 7 6 5 4 3 1 2 1 2 1 2 3 4 5 6 5 7 6 5 4 5 4 6 7 5 4 5 6 7 6 4 2
p011-b2-t1,organic,nonlinear_backfill,8,19,1,1 2 1 2 3 2 1 3 4 3 4 5 7 8 6 3 1 2 1
p011-b2-t10,organic,nonlinear_skip_only,6,12,1,1 2 3 2 3 4 3 4 6 7 3 1
p011-b2-t2,organic,nonlinear_skip_only,8,17,4,1 2 3 4 5 6 4 7 9 5 6 7 6 4 5 4 3
p011-b2-t3,organic,nonlinear_backfill,5,8,1,1 3 4 5 2 3 2 1
p011-b2-t4,organic,nonlinear_backfill,8,24,1,1 2 1 2 4 5 6 7 8 5 4 1 2 1 2 3 1 2 1 2 3 4 3 1
p011-b2-t5,organic,nonlinear_skip_only,6,10,,1 2 5 7 8 7 9 8 9 1
p011-b2-t6,organic,linear_regression,7,12,1,1 2 1 3 4 2 1 5 6 7 2 1
p011-b2-t7,organic,nonlinear_backfill,8,13,3,1 2 1 2 3 4 5 7 9 8 5 4 3
p011-b2-t8,organic,nonlinear_backfill,7,21,1,2 1 3 2 3 1 2 5 6 7 6 7 8 2 3 2 1 2 1 2 1
p011-b2-t9,organic,nonlinear_backfill,8,16,7,2 3 1 3 5 4 5 6 7 8 7 8 7 8 7 8
p011-b3-t1,organic,nonlinear_backfill,8,25,3,1 2 3 2 3 2 5 3 2 5 4 6 8 9 3 2 3 2 1 2 3 2 3 2 1
p011-b3-t10,organic,nonlinear_backfill,5,17,2,1 3 2 3 4 3 4 5 3 4 3 2 3 2 3 4 2
p011-b3-t2,organic,linear_regression,8,12,1,1 2 3 4 5 6 1 6 7 8 5 1
p011-b3-t3,organic,nonlinear_backfill,9,38,3,2 1 2 3 1 3 2 4 3 4 3 2 3 4 3 2 1 3 4 2 4 6 7 6 5 6 7 8 7 8 9 7 4 3 2 3 4 3
p011-b3-t4,organic,nonlinear_backfill,7,16,1,1 2 1 3 2 3 1 5 7 9 4 3 2 1 2 1
p011-b3-t5,organic,nonlinear_backfill,7,9,1,1 2 3 5 4 5 6 9 1
p011-b3-t6,organic,nonlinear_backfill,7,28,3,2 1 2 3 2 3 4 3 2 3 4 3 4 3 2 3 4 3 4 5 4 7 8 3 4 2 4 2
p011-b3-t7,organic,nonlinear_backfill,8,18,2,1 2 3 2 1 2 3 4 5 6 8 7 8 2 1 2 1 2
p011-b3-t8,organic,linear_regression,8,12,8,1 2 3 4 5 6 5 6 7 8 7 8
p011-b3-t9,organic,nonlinear_backfill,9,31,7,1 2 1 2 3 4 3 4 2 4 2 3 4 5 6 5 6 5 7 3 6 5 6 9 6 8 7 8 7 8 5
p011-b4-t1,organic,nonlinear_backfill,8,11,,1 2 4 3 4 5 6 7 9 2 1
p011-b4-t10,organic,nonlinear_backfill,7,17,,1 4 3 4 5 4 5 6 5 7 6 7 8 7 8 3 1
p011-b4-t3,organic,nonlinear_backfill,7,12,,1 3 2 3 4 2 4 6 7 8 3 1
p011-b4-t4,organic,nonlinear_skip_only,6,9,1,1 2 1 3 5 3 6 7 1
p011-b4-t5,organic,nonlinear_backfill,7,16,1,1 2 3 2 3 2 3 2 5 4 3 5 7 6 7 1
p011-b4-t6,organic,linear_regression,7,25,1,1 2 3 2 3 4 5 6 7 6 7 1 2 1 2 4 2 4 3 2 1 2 1 2 1
p011-b4-t7,organic,nonlinear_backfill,10,23,,1 2 3 2 3 7 2 5 4 5 4 5 6 7 6 7 6 7 8 7 9 10 9
p011-b4-t8,organic,linear_regression,6,27,3,1 2 1 2 1 2 1 2 3 4 5 6 3 1 2 1 2 1 2 1 2 3 2 3 2 3 1
p011-b4-t9,organic,nonlinear_backfill,9,20,,1 3 1 3 4 3 4 2 4 3 4 5 6 7 9 8 9 8 9 1
p011-b5-t1,organic,linear_regression,8,21,1,1 2 3 1 2 3 1 2 4 3 5 6 7 8 7 8 7 2 3 2 1
p011-b5-t10,organic,linear_regression,8,23,1,1 2 1 3 4 5 6 7 8 7 6 8 7 8 6 2 1 2 1 2 1 2 1
p011-b5-t2,organic,linear_regression,4,9,3,1 2 1 2 1 2 3 4 3
p011-b5-t3,organic,nonlinear_backfill,5,8,,1 2 3 2 3 6 5 6
p011-b5-t4,organic,nonlinear_backfill,9,23,1,1 2 3 2 1 2 1 3 4 3 4 3 2 1 6 5 6 7 9 8 2 1 2
p011-b5-t5,organic,nonlinear_backfill,9,15,1,1 2 1 4 5 6 7 8 9 4 1 2 3 2 1
p011-b5-t6,organic,linear_regression,7,19,6,1 2 1 2 1 2 3 4 5 1 4 5 6 7 6 5 6 7 4
p011-b5-t7,organic,nonlinear_backfill,7,11,2,1 2 3 4 6 8 7 3 6 2 1
p011-b5-t9,organic,linear_regression,6,12,3,1 2 1 2 3 4 5 6 3 4 3 2
p011-b6-t1,organic,nonlinear_backfill,6,14,3,1 2 3 2 3 4 6 5 2 1 2 3 2 1
p011-b6-t10,organic,nonlinear_skip_only,7,22,2,1 2 1 2 3 4 3 4 5 4 5 6 8 3 1 2 1 2 3 2 3 2
p011-b6-t2,organic,nonlinear_backfill,8,34,2,2 1 2 1 3 2 3 5 6 5 6 5 3 5 6 5 6 7 5 7 6 7 8 9 8 9 3 2 1 2 1 2 3 2
p011-b6-t3,organic,nonlinear_backfill,8,13,,1 2 3 4 5 8 7 6 5 6 8 2 1
p011-b6-t4,organic,nonlinear_backfill,8,17,6,1 4 2 3 2 4 5 6 7 5 6 8 7 6 2 1 2
p011-b6-t5,organic,linear_regression,8,32,4,1 2 3 4 5 4 6 7 6 3 4 5 4 3 2 3 2 1 3 5 6 8 1 2 1 2 4 3 2 4 1 2
p011-b6-t6,organic,nonlinear_backfill,8,12,1,1 2 4 1 3 6 8 9 5 1 2 1
p011-b6-t7,organic,nonlinear_backfill,7,15,6,1 2 1 3 4 6 4 5 6 7 6 7 6 7 4
p011-b6-t9,organic,linear_regression,6,14,1,1 2 3 4 5 6 1 2 1 2 1 3 2 1
p012-b1-t1,organic,linear_regression,4,5,3,1 2 1 3 4
p012-b1-t10,organic,nonlinear_backfill,5,24,2,3 4 5 1 2 1 3 4 3 4 2 3 4 3 2 3 2 3 2 3 2 4 2 1
p012-b1-t2,organic,nonlinear_skip_only,4,7,5,1 2 3 2 3 6 3
p012-b1-t3,organic,nonlinear_backfill,6,17,1,1 8 7 8 4 7 8 4 6 8 6 5 6 8 6 7 6
p012-b1-t4,organic,nonlinear_backfill,8,17,6,5 3 4 5 4 3 1 2 3 4 6 8 6 7 8 5 3
p012-b1-t5,organic,nonlinear_backfill,6,12,2,1 2 3 5 4 5 4 3 8 3 2 1
p012-b1-t6,organic,linear_regression,7,20,2,1 2 1 2 1 2 1 2 3 1 2 1 4 3 4 5 6 7 2 1
p012-b1-t7,organic,linear_regression,8,14,1,1 2 3 4 5 6 7 5 6 7 6 8 3 1
p012-b1-t8,organic,nonlinear_backfill,4,21,3,1 2 1 2 1 2 1 2 4 2 1 2 3 4 2 3 4 3 2 3 2
p012-b1-t9,organic,linear_regression,2,3,1,1 2 1
p012-b2-t1,organic,strictly_linear,2,2,,1 2
p012-b2-t10,organic,linear_regression,4,7,1,1 2 3 4 3 4 1
p012-b2-t2,organic,linear_regression,7,11,4,1 2 1 2 3 4 5 6 4 3 7
p012-b2-t3,organic,nonlinear_backfill,5,10,3,1 3 2 3 2 3 4 5 3 2
p012-b2-t4,organic,nonlinear_skip_only,8,13,,1 2 3 2 3 4 5 7 8 9 5 3 2
p012-b2-t5,organic,strictly_linear,1,1,1,1
p012-b2-t6,organic,nonlinear_backfill,4,5,2,2 1 2 3 4
p012-b2-t7,organic,nonlinear_backfill,4,5,,1 3 4 2 1
p012-b2-t8,organic,nonlinear_backfill,4,12,3,1 2 1 4 2 3 4 3 2 3 1 3
p012-b2-t9,organic,nonlinear_backfill,6,11,,1 2 1 2 3 5 4 5 7 3 1
p012-b3-t1,organic,linear_regression,5,12,4,1 2 1 2 3 4 5 3 2 3 4 1
p012-b3-t10,organic,nonlinear_backfill,6,7,,1 3 2 3 4 5 6
p012-b3-t2,organic,strictly_linear,1,1,,1
p012-b3-t3,organic,nonlinear_backfill,9,15,1,1 2 3 5 3 4 5 6 7 6 7 8 10 1 2
p012-b3-t4,organic,linear_regression,4,7,1,1 2 1 2 3 4 1
p012-b3-t5,organic,linear_regression,7,24,1,1 2 1 2 1 2 3 1 2 1 4 3 2 3 1 5 4 5 4 5 6 7 6 1
p012-b3-t6,organic,linear_regression,4,10,1,1 2 1 2 1 2 1 3 4 1
p012-b3-t7,organic,linear_regression,8,24,,1 2 1 2 1 2 1 2 1 2 3 4 3 4 3 4 3 4 5 6 5 7 6 8
p012-b3-t8,organic,linear_regression,2,3,1,1 2 1
p012-b3-t9,organic,linear_regression,8,22,1,1 2 1 2 1 2 1 3 4 3 4 3 4 5 6 5 7 8 6 4 2 1
p012-b4-t1,organic,linear_regression,2,3,1,1 2 1
p012-b4-t10,organic,nonlinear_backfill,2,2,1,3 1
p012-b4-t2,organic,nonlinear_skip_only,8,15,1,1 2 3 4 3 5 6 4 5 7 6 9 3 4 1
p012-b4-t3,organic,strictly_linear,1,1,1,1
p012-b4-t4,organic,nonlinear_backfill,8,14,5,1 3 4 5 6 9 8 9 5 6 7 6 4 5
p012-b4-t5,organic,nonlinear_backfill,2,4,1,2 1 2 1
p012-b4-t6,organic,nonlinear_backfill,4,7,1,1 3 2 1 2 4 1
p012-b4-t7,organic,nonlinear_backfill,7,21,,1 3 2 3 2 4 3 4 3 4 3 2 4 6 7 6 7 8 2 3 1
p012-b4-t8,organic,strictly_linear,1,1,1,1
p012-b4-t9,organic,nonlinear_backfill,3,5,3,2 1 2 3 2
p012-b5-t1,organic,nonlinear_backfill,8,11,1,1 2 1 3 4 7 5 8 7 6 1
p012-b5-t10,organic,linear_regression,8,27,3,1 2 1 2 3 4 5 4 5 4 3 5 6 5 6 7 6 7 8 3 2 3 2 3 2 3 2
p012-b5-t2,organic,linear_regression,7,13,2,1 2 3 2 3 2 3 4 5 6 7 3 2
p012-b5-t3,organic,nonlinear_skip_only,6,16,1,1 2 3 2 1 3 4 7 8 3 2 1 2 3 2 1
p012-b5-t4,organic,linear_regression,3,4,2,1 2 3 2
p012-b5-t5,organic,nonlinear_backfill,4,15,2,2 1 2 1 2 4 3 2 4 3 4 2 1 2 1
p012-b5-t6,organic,strictly_linear,1,1,,1
p012-b5-t7,organic,nonlinear_backfill,4,5,1,1 3 2 1 4
p012-b5-t8,organic,nonlinear_backfill,8,18,1,1 2 4 2 1 2 3 2 3 4 3 5 3 6 8 7 5 1
p012-b5-t9,organic,nonlinear_backfill,6,19,4,1 2 1 3 4 3 4 3 4 3 4 3 4 6 5 4 6 4 3
p012-b6-t1,organic,nonlinear_backfill,3,3,1,1 3 2
p012-b6-t10,organic,nonlinear_backfill,6,8,2,1 2 5 6 7 4 2 1
p012-b6-t2,organic,nonlinear_backfill,3,6,2,1 4 1 2 4 2
p012-b6-t3,organic,nonlinear_backfill,6,18,,1 2 1 4 2 3 4 5 3 1 2 6 5 4 5 4 5 2
p012-b6-t5,organic,nonlinear_skip_only,5,8,1,1 2 4 6 7 2 1 2
p012-b6-t6,organic,nonlinear_backfill,2,7,3,3 2 3 2 3 2 3
p012-b6-t7,organic,nonlinear_skip_only,5,7,1,1 2 3 5 8 2 1
p012-b6-t8,organic,nonlinear_backfill,7,13,,1 2 3 2 3 2 4 5 7 6 7 6 1
p012-b6-t9,organic,linear_regression,4,6,4,1 2 3 2 3 4
p013-b1-t1,organic,strictly_linear,1,1,,1
p013-b1-t10,organic,strictly_linear,1,1,1,1
p013-b1-t4,organic,nonlinear_backfill,3,3,,3 2 1
p013-b1-t6,organic,nonlinear_backfill,2,4,1,2 1 2 1
p013-b1-t8,organic,strictly_linear,1,1,1,1
p013-b1-t9,organic,linear_regression,3,4,3,1 2 3 1
p013-b2-t1,organic,strictly_linear,1,1,1,1
p013-b2-t10,organic,strictly_linear,1,1,1,1
p013-b2-t4,organic,linear_regression,3,4,3,1 2 3 1
p013-b2-t5,organic,strictly_linear,1,1,,1
p013-b2-t6,organic,strictly_linear,1,1,1,1
p013-b2-t7,organic,strictly_linear,1,1,,6
p013-b2-t8,organic,nonlinear_backfill,5,6,5,3 5 4 5 2 1
p013-b2-t9,organic,strictly_linear,1,1,1,1
p013-b3-t1,organic,strictly_linear,1,1,1,1
p013-b3-t10,organic,strictly_linear,1,1,1,1
p013-b3-t2,organic,nonlinear_backfill,5,6,1,1 2 5 4 3 1
p013-b3-t5,organic,linear_regression,3,5,1,1 2 3 2 1
p013-b3-t7,organic,linear_regression,2,3,1,1 2 1
p013-b3-t8,organic,nonlinear_backfill,3,4,,2 3 2 1
p013-b3-t9,organic,strictly_linear,1,1,,1
p013-b4-t1,organic,nonlinear_backfill,4,7,4,1 2 1 2 4 3 2
p013-b4-t10,organic,linear_regression,4,6,1,1 2 3 4 2 1
p013-b4-t2,organic,strictly_linear,1,1,1,1
p013-b4-t3,organic,strictly_linear,1,1,1,1
p013-b4-t5,organic,strictly_linear,1,1,,1
p013-b4-t6,organic,linear_regression,2,3,2,1 2 1
p013-b4-t7,organic,strictly_linear,1,1,1,1
p013-b5-t10,organic,nonlinear_backfill,4,5,2,2 3 4 2 1
p013-b5-t3,organic,strictly_linear,2,2,2,1 2
p013-b5-t4,organic,strictly_linear,1,1,1,1
p013-b5-t7,organic,strictly_linear,1,1,2,1
p013-b6-t1,organic,nonlinear_backfill,2,2,1,2 1
p013-b6-t6,organic,strictly_linear,1,1,1,1
p013-b6-t7,organic,nonlinear_backfill,3,3,6,1 6 3
p013-b6-t8,organic,strictly_linear,2,2,2,1 2
p013-b6-t9,organic,linear_regression,3,4,3,1 2 3 1
p014-b1-t1,organic,nonlinear_skip_only,3,3,,1 3 4
p014-b1-t10,organic,nonlinear_backfill,9,11,10,1 3 2 5 6 7 8 9 10 9 7
p014-b1-t2,organic,nonlinear_skip_only,6,12,1,1 2 1 2 1 2 3 4 7 9 2 1
p014-b1-t3,organic,nonlinear_skip_only,7,14,1,1 2 3 1 3 4 1 4 5 4 5 6 8 1
p014-b1-t4,organic,linear_regression,4,7,4,1 2 3 2 3 4 2
p014-b1-t5,organic,strictly_linear,1,1,,1
p014-b1-t6,organic,nonlinear_skip_only,7,13,,1 2 3 4 3 1 2 1 2 3 7 8 9
p014-b1-t7,organic,strictly_linear,1,1,1,1
p014-b1-t8,organic,nonlinear_skip_only,6,6,,1 2 3 4 5 7
p014-b1-t9,organic,nonlinear_backfill,9,19,8,1 2 4 3 2 3 2 3 2 3 5 6 7 9 8 7 8 9 5
p014-b2-t1,organic,nonlinear_backfill,4,8,,1 2 5 4 5 4 5 2
p014-b2-t10,organic,nonlinear_backfill,5,10,1,2 5 4 3 2 1 2 1 2 1
p014-b2-t2,organic,nonlinear_backfill,9,31,6,4 1 2 1 2 3 2 3 1 2 1 3 4 3 1 2 1 4 5 6 3 4 8 9 10 5 4 3 4 6 1
p014-b2-t3,organic,linear_regression,3,27,3,1 2 1 2 3 2 3 2 1 2 1 2 1 3 2 1 3 2 3 2 3 2 3 2 3 2 3
p014-b2-t4,organic,nonlinear_backfill,7,33,1,2 1 2 1 2 1 2 1 2 1 2 1 2 3 2 1 2 3 4 2 4 5 4 5 3 4 5 6 5 7 1 2 1
p014-b2-t5,organic,linear_regression,5,22,5,1 2 1 2 1 2 3 2 3 4 2 3 2 1 3 1 3 4 5 4 5 3
p014-b2-t6,organic,linear_regression,10,29,8,1 2 1 2 1 2 1 2 1 3 4 3 4 5 6 5 6 5 6 7 8 7 9 10 8 9 8 7 6
p014-b2-t7,organic,linear_regression,7,34,1,1 2 1 2 1 2 1 2 1 2 3 4 3 4 3 4 5 3 5 6 5 7 6 5 7 6 7 4 2 1 2 1 2 1
p014-b2-t8,organic,nonlinear_backfill,6,13,4,1 2 1 2 3 4 3 4 3 6 5 4 3
p014-b2-t9,organic,nonlinear_backfill,7,25,4,1 2 1 2 1 2 4 2 3 2 4 5 4 5 4 6 7 6 5 4 3 5 4 3 1
p014-b3-t1,organic,nonlinear_backfill,8,22,,3 1 2 1 3 2 3 2 3 4 5 6 5 6 7 9 5 4 2 1 2 1
p014-b3-t10,organic,strictly_linear,1,1,,1
p014-b3-t2,organic,nonlinear_backfill,7,21,,1 2 1 2 1 2 1 2 3 1 2 1 3 4 3 4 3 5 7 6 5
p014-b3-t3,organic,nonlinear_backfill,8,17,5,1 2 1 2 3 5 6 5 6 5 6 7 8 6 4 3 4
p014-b3-t4,organic,nonlinear_skip_only,6,13,4,1 2 1 2 3 2 3 4 6 7 3 4 1
p014-b3-t5,organic,nonlinear_skip_only,4,14,4,1 2 1 2 4 5 4 5 4 5 4 5 4 1
p014-b3-t6,organic,nonlinear_skip_only,3,6,1,1 2 1 2 5 1
p014-b3-t8,organic,linear_regression,8,15,3,1 2 3 4 5 4 5 6 7 8 6 2 3 1 2
p014-b3-t9,organic,nonlinear_backfill,9,21,1,1 3 2 1 2 1 2 3 4 5 7 6 5 6 7 8 7 8 9 5 1
p014-b4-t1,organic,linear_regression,3,5,3,1 2 3 1 2
p014-b4-t10,organic,linear_regression,2,5,1,1 2 1 2 1
p014-b4-t2,organic,linear_regression,5,14,1,1 2 1 2 1 2 3 4 3 4 5 4 3 1
p014-b4-t3,organic,linear_regression,7,25,1,1 2 1 2 3 2 3 2 3 1 4 3 5 2 4 5 4 5 6 5 4 6 7 2 1
p014-b4-t4,organic,linear_regression,5,9,2,1 2 3 4 5 2 1 2 1
p014-b4-t5,organic,nonlinear_backfill,5,12,4,1 2 4 3 4 5 4 5 4 5 4 2
p014-b4-t6,organic,linear_regression,3,10,2,1 2 1 2 3 2 3 2 3 2
p014-b4-t7,organic,nonlinear_backfill,8,32,7,1 3 1 2 1 5 1 3 5 4 5 6 7 6 7 6 7 8 7 8 6 7 8 5 2 1 2 4 6 7 5 4
p014-b4-t8,organic,strictly_linear,1,1,,1
p014-b4-t9,organic,nonlinear_backfill,8,34,4,1 3 2 1 2 1 4 3 2 3 4 3 4 3 1 3 4 3 4 5 4 6 5 6 7 6 7 8 6 4 3 4 2 1
p014-b5-t1,organic,strictly_linear,2,2,,1 2
p014-b5-t10,organic,nonlinear_backfill,4,7,4,2 1 2 1 2 3 4
p014-b5-t2,organic,nonlinear_skip_only,8,33,3,1 2 3 2 3 4 3 1 3 2 3 4 3 4 5 6 5 6 8 9 8 5 2 3 4 5 6 2 1 2 3 2 3
p014-b5-t3,organic,nonlinear_backfill,5,13,3,1 3 1 2 1 2 3 2 1 2 4 5 4
p014-b5-t4,organic,nonlinear_backfill,10,19,9,1 2 3 2 4 3 4 3 5 6 5 6 9 8 9 7 9 10 4
p014-b5-t5,organic,linear_regression,5,11,5,1 2 3 2 3 2 1 3 4 5 1
p014-b5-t6,organic,nonlinear_backfill,8,23,2,1 2 1 2 1 2 1 3 2 1 4 3 5 4 5 6 9 8 6 3 2 1 2
p014-b5-t7,organic,linear_regression,8,15,1,1 2 3 2 3 4 2 4 5 6 7 8 7 4 1
p014-b5-t8,organic,linear_regression,7,18,5,1 2 3 4 5 6 7 5 4 5 6 5 6 5 6 5 6 5
p014-b5-t9,organic,linear_regression,9,18,1,1 2 1 2 1 2 3 4 3 5 6 7 8 9 8 9 4 1
p014-b6-t1,organic,linear_regression,5,7,1,1 2 1 3 4 5 1
p014-b6-t10,organic,nonlinear_backfill,10,29,,1 2 1 2 1 3 2 6 5 6 7 10 8 10 9 7 5 4 2 3 1 2 1 4 3 6 8 9 10
p014-b6-t2,organic,linear_regression,2,3,,1 2 1
p014-b6-t3,organic,nonlinear_backfill,6,6,,1 2 3 6 5 7
p014-b6-t4,organic,linear_regression,3,11,2,1 2 3 2 3 2 1 2 1 2 1
p014-b6-t5,organic,nonlinear_backfill,8,16,2,1 2 3 2 3 4 3 4 3 5 6 8 7 4 1 2
p014-b6-t6,organic,nonlinear_backfill,5,22,3,1 2 1 2 1 4 3 4 3 2 1 2 1 2 4 5 4 3 4 5 3 1
p014-b6-t7,organic,nonlinear_backfill,9,19,1,1 2 3 4 5 4 1 3 4 5 6 8 7 6 7 9 1 2 1
p014-b6-t8,organic,linear_regression,2,3,1,1 2 1
p014-b6-t9,organic,linear_regression,3,7,2,1 2 1 2 1 3 2
p015-b1-t1,organic,nonlinear_skip_only,7,11,1,1 2 1 2 3 5 6 7 8 3 1
p015-b1-t10,organic,nonlinear_backfill,8,17,1,1 2 4 2 3 2 3 4 3 4 5 6 7 8 4 3 1
p015-b1-t2,organic,linear_regression,6,14,1,1 2 3 2 4 5 3 5 6 5 6 3 4 1
p015-b1-t3,organic,nonlinear_backfill,9,30,1,2 1 2 3 2 3 2 3 4 5 3 5 6 5 4 6 7 8 7 9 8 9 7 6 3 4 2 1 2 1
p015-b1-t4,organic,nonlinear_backfill,7,21,1,1 2 1 2 1 2 4 3 4 5 6 7 6 5 4 5 6 2 1 2 1
p015-b1-t5,organic,linear_regression,9,31,1,1 2 1 2 3 2 1 3 4 5 4 5 6 7 6 7 8 9 4 3 2 1 2 1 2 3 1 2 1 2 1
p015-b1-t6,organic,nonlinear_backfill,4,27,1,1 2 1 2 1 2 1 2 4 3 4 3 2 1 2 1 2 1 2 1 2 3 4 3 2 1 2
p015-b1-t7,organic,nonlinear_backfill,6,11,1,1 4 6 7 6 7 6 5 4 2 1
p015-b1-t8,organic,nonlinear_backfill,9,28,2,2 1 2 3 2 1 2 1 2 3 2 1 2 1 2 3 2 3 5 4 5 6 7 9 8 7 3 2
p015-b1-t9,organic,nonlinear_skip_only,8,40,1,1 2 1 2 1 2 1 2 1 2 1 2 1 2 3 1 2 1 3 4 5 4 5 6 5 4 5 7 6 9 2 3 2 3 2 1 2 1 2 1
p015-b2-t1,organic,linear_regression,9,39,1,1 2 1 3 4 5 4 6 7 3 5 4 3 4 8 7 8 9 6 7 6 8 7 5 6 2 1 2 1 2 1 2 1 3 1 2 1 2 1
p015-b2-t10,organic,nonlinear_backfill,5,24,1,1 2 1 2 1 2 1 2 1 3 1 3 1 2 1 5 4 3 2 3 4 1 2 1
p015-b2-t2,organic,nonlinear_backfill,9,40,1,1 2 1 2 3 1 5 1 3 1 2 3 2 3 1 2 3 2 3 4 3 4 3 2 5 4 5 4 3 4 5 6 7 8 9 5 3 1 2 1
p015-b2-t3,organic,nonlinear_backfill,6,45,1,1 2 1 2 3 2 3 2 3 2 3 4 3 4 3 4 3 4 6 5 4 5 6 5 6 5 6 5 6 5 6 2 4 1 3 4 1 2 1 2 3 2 1 2 1
p015-b2-t4,organic,linear_regression,2,9,2,1 2 1 2 1 2 1 2 1
p015-b2-t5,organic,nonlinear_skip_only,5,12,2,1 2 1 2 1 2 3 4 6 4 2 1
p015-b2-t6,organic,linear_regression,6,38,2,1 2 1 2 3 2 1 2 3 2 3 2 3 2 3 2 3 2 3 2 3 2 3 4 3 4 5 6 3 2 1 2 3 2 3 2 3 1
p015-b2-t7,organic,nonlinear_backfill,7,36,1,1 2 1 2 1 4 2 1 2 3 2 3 4 5 3 2 3 4 5 4 5 6 5 4 5 9 5 2 4 2 1 4 3 1 2 1
p015-b2-t8,organic,nonlinear_backfill,7,32,1,2 3 2 1 2 3 1 2 3 4 5 3 5 3 1 7 1 2 6 5 4 5 4 5 4 7 3 2 3 1 2 1
p015-b2-t9,organic,linear_regression,6,29,4,1 2 3 2 3 2 3 2 1 2 1 4 5 4 5 2 3 1 4 3 2 5 4 5 6 5 6 5 4
p015-b3-t1,organic,nonlinear_backfill,5,21,1,2 1 2 1 2 3 5 3 2 3 4 5 4 5 4 5 2 1 2 1 2
p015-b3-t10,organic,linear_regression,5,37,1,1 2 3 1 2 3 2 1 2 3 1 3 1 2 3 2 4 5 3 5 1 3 2 1 2 1 3 1 2 3 2 3 4 5 2 1 2
p015-b3-t2,organic,nonlinear_backfill,6,37,2,1 2 1 2 1 2 1 2 3 2 3 2 3 4 2 4 3 4 3 4 6 2 1 3 1 2 3 5 4 5 4 2 4 3 4 5 1
p015-b3-t3,organic,nonlinear_skip_only,4,20,1,1 2 1 2 1 2 1 2 1 2 3 1 2 3 5 1 2 1 2 1
p015-b3-t4,organic,nonlinear_skip_only,8,23,1,1 2 3 2 1 2 3 4 2 4 3 4 5 6 5 7 9 5 1 2 4 1 2
p015-b3-t5,organic,nonlinear_backfill,7,28,2,2 3 2 1 3 2 1 2 3 2 3 2 5 3 4 2 1 2 3 4 3 5 4 7 8 3 2 1
p015-b3-t7,organic,nonlinear_backfill,8,54,4,4 3 2 1 4 1 2 1 2 1 2 1 3 4 2 4 2 4 3 4 3 4 6 4 5 3 6 7 6 7 6 8 2 3 2 1 2 3 2 3 2 3 2 3 2 4 3 4 2 1 4 2 4 3
p015-b3-t8,organic,nonlinear_backfill,5,15,1,2 1 2 1 2 5 7 6 7 2 1 2 1 2 1
p015-b3-t9,organic,nonlinear_backfill,7,30,1,1 2 1 3 1 3 1 2 1 2 1 3 2 3 4 8 7 8 5 4 2 1 2 1 2 3 2 3 2 1
p015-b4-t1,organic,nonlinear_backfill,4,12,2,1 2 1 2 1 2 1 2 4 3 2 1
p015-b4-t10,organic,nonlinear_backfill,5,26,2,2 1 2 1 2 3 5 2 1 3 2 3 4 1 2 1 4 1 2 4 1 2 4 3 1 2
p015-b4-t2,organic,nonlinear_backfill,8,20,1,1 3 1 2 1 3 4 3 7 5 6 4 1 3 5 8 5 3 4 2
p015-b4-t3,organic,linear_regression,6,20,1,1 2 1 2 1 2 3 4 5 4 6 5 2 1 2 1 3 1 2 1
p015-b4-t4,organic,nonlinear_backfill,8,29,5,1 3 1 2 5 2 1 5 1 3 4 6 3 4 5 7 4 5 7 6 7 5 6 8 7 8 7 3 5
p015-b4-t5,organic,nonlinear_backfill,7,27,1,2 1 2 3 1 2 1 2 4 5 1 3 1 2 1 2 7 1 3 6 5 2 3 2 3 1 2
p015-b4-t6,organic,nonlinear_backfill,4,14,2,2 1 2 1 2 1 2 1 2 4 2 3 1 2
p015-b4-t7,organic,nonlinear_backfill,4,8,1,1 3 2 3 2 4 2 1
p015-b4-t8,organic,nonlinear_backfill,7,34,4,2 1 3 2 3 2 4 1 5 4 2 3 2 5 7 4 5 7 3 6 4 1 5 7 2 5 4 2 3 7 6 3 7 2
p015-b4-t9,organic,linear_regression,5,30,2,1 2 1 2 3 2 4 5 1 3 1 2 1 2 5 3 2 4 5 2 1 4 1 2 4 2 1 4 3 4
p015-b5-t1,organic,linear_regression,4,9,1,1 2 1 3 1 2 4 2 1
p015-b5-t10,organic,nonlinear_backfill,4,7,1,1 3 2 1 3 4 1
p015-b5-t2,organic,nonlinear_backfill,7,56,2,2 4 3 4 3 2 4 2 3 1 2 4 1 3 5 1 2 5 2 3 2 1 2 3 2 5 4 5 6 5 6 7 6 7 5 4 6 7 2 7 5 7 5 6 7 1 3 2 1 4 2 3 2 4 1 2
p015-b5-t3,organic,nonlinear_backfill,8,30,1,1 4 1 5 2 6 8 4 3 2 4 5 7 8 7 6 7 6 5 2 3 7 1 2 6 5 3 5 4 3
p015-b5-t4,organic,nonlinear_backfill,7,36,1,1 2 1 4 2 3 2 3 6 5 7 5 3 5 4 1 2 6 3 6 1 3 7 5 4 7 6 7 4 7 3 4 6 2 4 1
p015-b5-t5,organic,nonlinear_backfill,6,14,3,1 3 2 4 6 3 4 5 2 6 4 3 1 2
p015-b5-t6,organic,nonlinear_backfill,5,20,1,1 4 2 1 2 1 6 2 1 2 1 2 1 4 3 1 2 3 4 1
p015-b5-t7,organic,nonlinear_backfill,9,20,1,2 1 2 3 4 6 7 6 9 8 2 1 4 2 5 4 3 4 2 1
p015-b5-t8,organic,strictly_linear,1,1,1,1
p015-b5-t9,organic,linear_regression,7,32,2,1 2 3 1 3 1 2 3 1 2 3 2 3 1 2 3 4 5 6 7 3 2 3 2 3 2 3 1 2 3 2 1
p015-b6-t1,organic,nonlinear_backfill,6,21,1,1 3 1 2 3 5 3 5 3 1 3 1 2 1 2 3 5 8 3 4 2
p015-b6-t10,organic,nonlinear_backfill,6,24,1,1 2 1 3 5 2 1 2 3 2 4 5 9 5 1 3 2 1 3 2 3 2 3 2
p015-b6-t2,organic,nonlinear_backfill,6,9,1,1 3 2 3 4 5 6 1 2
p015-b6-t3,organic,nonlinear_backfill,5,13,1,3 2 3 2 1 2 3 2 5 3 4 5 2
p015-b6-t4,organic,nonlinear_skip_only,5,11,1,1 2 1 2 3 2 3 4 6 2 1
p015-b6-t5,organic,nonlinear_backfill,4,17,1,2 3 1 2 4 1 4 1 2 1 2 3 1 2 4 3 4
p015-b6-t6,organic,nonlinear_backfill,4,8,1,1 3 1 2 1 3 4 1
p015-b6-t7,organic,nonlinear_backfill,7,29,6,2 1 2 1 5 4 3 4 5 3 6 5 3 6 7 6 3 6 4 7 1 3 7 4 7 6 7 6 5
p015-b6-t8,organic,nonlinear_backfill,8,22,1,1 5 1 3 4 1 4 3 4 3 4 1 5 7 6 2 8 6 1 2 1 2
p015-b6-t9,organic,nonlinear_backfill,6,17,1,1 4 2 1 2 1 2 1 2 1 2 3 4 5 6 4 1
p016-b1-t1,organic,linear_regression,2,3,,1 2 1
p016-b1-t10,organic,linear_regression,6,24,2,1 2 1 2 1 2 1 2 1 2 3 2 3 4 5 6 2 1 6 1 2 1 2 1
p016-b1-t2,organic,linear_regression,6,10,1,1 2 1 2 3 4 5 6 2 1
p016-b1-t3,organic,nonlinear_backfill,8,15,,1 2 1 2 3 2 4 6 7 9 8 9 6 3 1
p016-b1-t4,organic,nonlinear_skip_only,2,3,1,1 3 1
p016-b1-t5,organic,nonlinear_backfill,6,11,,1 2 3 2 1 2 4 6 5 4 1
p016-b1-t6,organic,linear_regression,4,5,1,1 2 3 4 1
p016-b1-t7,organic,linear_regression,4,11,2,1 2 1 2 1 2 3 2 3 4 1
p016-b1-t8,organic,nonlinear_backfill,2,7,2,2 1 2 1 2 1 2
p016-b1-t9,organic,strictly_linear,2,2,2,1 2
p016-b2-t1,organic,nonlinear_backfill,7,17,4,2 1 2 4 3 4 3 8 5 4 5 4 5 4 5 9 3
p016-b2-t10,organic,linear_regression,2,3,1,1 2 1
p016-b2-t2,organic,linear_regression,3,7,1,1 2 1 2 3 2 1
p016-b2-t3,organic,strictly_linear,1,1,1,1
p016-b2-t4,organic,linear_regression,5,13,1,1 2 1 2 3 4 3 4 3 4 5 2 1
p016-b2-t6,organic,nonlinear_backfill,7,16,1,1 2 1 2 5 4 5 7 5 6 5 3 1 2 1 2
p016-b2-t7,organic,strictly_linear,2,2,1,1 2
p016-b2-t8,organic,linear_regression,2,3,1,1 2 1
p016-b2-t9,organic,linear_regression,2,3,1,1 2 1
p016-b3-t1,organic,linear_regression,3,11,1,1 2 1 2 1 2 1 2 1 3 1
p016-b3-t2,organic,linear_regression,3,5,1,1 2 3 2 1
p016-b3-t3,organic,linear_regression,6,13,1,1 2 3 4 3 1 2 4 2 4 5 6 1
p016-b3-t4,organic,linear_regression,4,5,1,1 2 3 4 1
p016-b3-t5,organic,linear_regression,2,3,1,1 2 1
p016-b3-t6,organic,linear_regression,2,3,1,1 2 1
p016-b3-t7,organic,nonlinear_skip_only,6,21,5,1 2 1 2 3 4 5 4 7 4 5 4 1 4 5 2 3 1 3 5 1
p016-b3-t9,organic,linear_regression,2,3,1,1 2 1
p016-b4-t1,organic,strictly_linear,1,1,1,1
p016-b4-t2,organic,linear_regression,2,7,1,1 2 1 2 1 2 1
p016-b4-t3,organic,nonlinear_skip_only,7,18,,1 2 1 2 1 3 4 3 2 3 4 5 6 8 1 2 1 2
p016-b4-t4,organic,nonlinear_backfill,4,10,1,1 4 1 2 1 2 1 2 3 1
p016-b4-t5,organic,strictly_linear,1,1,1,1
p016-b4-t9,organic,strictly_linear,1,1,1,1
p016-b5-t1,organic,linear_regression,2,3,1,1 2 1
p016-b5-t10,organic,nonlinear_backfill,7,12,2,1 2 5 4 5 4 3 5 6 7 2 1
p016-b5-t2,organic,nonlinear_backfill,2,3,2,2 1 2
p016-b5-t3,organic,linear_regression,2,9,1,1 2 1 2 1 2 1 2 1
p016-b5-t4,organic,strictly_linear,1,1,1,1
p016-b5-t5,organic,linear_regression,2,4,2,1 2 1 2
p016-b5-t6,organic,linear_regression,3,10,1,1 2 3 2 1 2 3 1 2 1
p016-b5-t7,organic,linear_regression,4,10,2,1 2 3 4 2 3 4 3 2 1
p016-b5-t8,organic,strictly_linear,1,1,1,1
p016-b5-t9,organic,linear_regression,2,3,1,1 2 1
p016-b6-t1,organic,linear_regression,2,3,1,1 2 1
p016-b6-t10,organic,strictly_linear,1,1,1,1
p016-b6-t2,organic,nonlinear_skip_only,5,8,2,1 2 5 6 8 2 1 2
p016-b6-t3,organic,linear_regression,3,6,2,1 2 3 2 1 2
p016-b6-t4,organic,nonlinear_backfill,6,8,2,1 5 6 8 1 2 3 2
p016-b6-t5,organic,linear_regression,6,12,1,1 2 3 4 5 6 4 1 3 1 2 1
p016-b6-t6,organic,strictly_linear,1,1,1,1
p016-b6-t7,organic,nonlinear_skip_only,3,4,1,1 2 4 1
p016-b6-t8,organic,linear_regression,3,6,1,1 2 3 1 2 1
p016-b6-t9,organic,nonlinear_backfill,5,33,2,1 3 4 5 4 3 2 1 2 1 3 2 1 2 1 2 3 2 3 2 3 2 3 4 3 4 3 4 5 4 2 3 2
p017-b1-t1,organic,strictly_linear,2,2,,1 2
p017-b1-t10,organic,linear_regression,2,5,2,1 2 1 2 1
p017-b1-t2,organic,linear_regression,5,9,3,1 2 3 4 5 4 3 2 3
p017-b1-t3,organic,linear_regression,3,6,1,1 2 1 2 3 1
p017-b1-t4,organic,linear_regression,2,4,2,1 2 1 2
p017-b1-t5,organic,strictly_linear,1,1,1,1
p017-b1-t6,organic,nonlinear_backfill,2,2,,2 1
p017-b1-t7,organic,nonlinear_backfill,4,4,4,1 2 4 3
p017-b1-t8,organic,linear_regression,2,3,1,1 2 1
p017-b1-t9,organic,linear_regression,4,5,3,1 2 3 4 3
p017-b2-t1,organic,linear_regression,2,6,2,1 2 1 2 1 2
p017-b2-t2,organic,strictly_linear,1,1,1,1
p017-b2-t3,organic,nonlinear_backfill,3,8,3,1 3 1 2 1 3 2 1
p017-b2-t4,organic,linear_regression,2,4,2,1 2 1 2
p017-b2-t5,organic,strictly_linear,4,4,4,1 2 3 4
p017-b2-t6,organic,linear_regression,7,12,6,1 2 3 4 5 6 7 6 5 6 5 3
p017-b2-t7,organic,strictly_linear,1,1,1,1
p017-b2-t8,organic,strictly_linear,3,3,3,1 2 3
p017-b2-t9,organic,linear_regression,8,16,7,1 2 1 2 1 3 4 5 4 5 6 7 8 7 8 7
p017-b3-t1,organic,nonlinear_backfill,3,5,3,2 1 2 3 1
p017-b3-t10,organic,nonlinear_backfill,7,9,6,1 4 5 2 7 9 5 6 5
p017-b3-t2,organic,strictly_linear,1,1,1,1
p017-b3-t5,organic,linear_regression,4,5,4,1 2 3 4 3
p017-b3-t6,organic,linear_regression,2,3,1,1 2 1
p017-b3-t7,organic,nonlinear_backfill,4,6,3,1 2 4 3 4 2
p017-b3-t8,organic,strictly_linear,6,6,6,1 2 3 4 5 6
p017-b3-t9,organic,strictly_linear,1,1,1,1
p017-b4-t1,organic,strictly_linear,1,1,1,1
p017-b4-t10,organic,strictly_linear,1,1,1,1
p017-b4-t2,organic,nonlinear_backfill,5,6,5,1 4 5 3 2 3
p017-b4-t3,organic,nonlinear_skip_only,5,7,8,1 2 1 4 5 8 5
p017-b4-t4,organic,linear_regression,2,3,3,2 3 2
p017-b4-t5,organic,nonlinear_skip_only,6,6,7,1 2 4 5 6 7
p017-b4-t6,organic,linear_regression,3,5,3,1 2 3 2 3
p017-b4-t7,organic,strictly_linear,1,1,1,1
p017-b4-t8,organic,strictly_linear,1,1,1,1
p017-b4-t9,organic,linear_regression,3,4,2,1 2 3 1
p017-b5-t1,organic,strictly_linear,1,1,1,1
p017-b5-t10,organic,linear_regression,7,9,7,1 2 3 4 3 5 6 7 4
p017-b5-t3,organic,linear_regression,7,8,1,1 2 3 4 5 6 7 1
p017-b5-t4,organic,linear_regression,7,10,2,1 2 3 4 5 6 7 3 2 1
p017-b5-t6,organic,nonlinear_skip_only,5,14,4,1 2 1 2 1 3 2 3 4 3 4 8 4 3
p017-b5-t7,organic,nonlinear_backfill,7,14,7,5 1 2 1 2 3 4 3 5 7 6 7 6 3
p017-b5-t8,organic,nonlinear_backfill,3,3,1,2 3 1
p017-b5-t9,organic,linear_regression,3,4,3,1 2 3 1
p017-b6-t1,organic,nonlinear_backfill,6,13,4,1 2 1 3 5 8 4 5 3 4 3 1 3
p017-b6-t10,organic,nonlinear_skip_only,5,6,4,1 2 3 4 7 4
p017-b6-t3,organic,linear_regression,5,6,5,1 2 3 4 5 3
p017-b6-t4,organic,strictly_linear,1,1,1,1
p017-b6-t5,organic,strictly_linear,1,1,1,1
p017-b6-t6,organic,linear_regression,4,7,3,1 2 3 2 3 4 2
p017-b6-t7,organic,nonlinear_backfill,6,8,6,2 3 6 7 8 7 6 5
p017-b6-t8,organic,linear_regression,3,6,3,1 2 1 2 3 1
p018-b1-t1,organic,nonlinear_skip_only,3,6,1,1 2 1 4 2 1
p018-b1-t10,organic,linear_regression,9,23,1,1 2 1 2 1 3 2 1 3 1 3 4 5 6 7 8 9 2 4 2 1 2 1
p018-b1-t2,organic,linear_regression,5,9,1,1 2 1 2 3 4 3 5 1
p018-b1-t3,organic,linear_regression,2,3,1,1 2 1
p018-b1-t4,organic,nonlinear_backfill,9,12,1,1 2 3 5 4 1 6 7 8 9 3 1
p018-b1-t5,organic,linear_regression,3,6,1,1 2 1 2 3 2
p018-b1-t6,organic,linear_regression,8,12,1,1 2 3 4 5 6 7 8 2 1 2 1
p018-b1-t7,organic,strictly_linear,1,1,1,1
p018-b1-t8,organic,nonlinear_skip_only,5,8,1,1 2 1 4 6 7 1 2
p018-b1-t9,organic,linear_regression,2,3,1,1 2 1
p018-b2-t1,organic,linear_regression,3,5,1,1 2 1 3 1
p018-b2-t2,organic,linear_regression,3,6,1,1 2 1 2 3 1
p018-b2-t3,organic,strictly_linear,1,1,1,1
p018-b2-t4,organic,linear_regression,3,8,2,1 2 1 2 1 2 3 1
p018-b2-t5,organic,nonlinear_backfill,6,26,4,1 2 3 2 5 3 4 5 7 3 2 3 5 4 2 3 2 1 2 1 2 4 3 4 5 2
p018-b2-t7,organic,nonlinear_skip_only,5,8,,1 3 4 3 4 5 6 5
p018-b2-t8,organic,nonlinear_backfill,8,15,2,1 2 1 3 2 3 2 4 3 4 6 5 7 8 1
p018-b2-t9,organic,nonlinear_backfill,7,17,3,1 4 3 2 3 6 8 3 2 8 9 8 3 4 2 3 2
p018-b3-t10,organic,linear_regression,3,6,1,1 2 1 3 2 1
p018-b3-t2,organic,nonlinear_backfill,3,8,1,1 3 2 3 2 3 2 1
p018-b3-t3,organic,nonlinear_backfill,6,18,3,2 1 2 3 2 3 4 3 4 3 5 7 5 4 3 2 1 2
p018-b3-t4,organic,strictly_linear,1,1,1,1
p018-b3-t5,organic,linear_regression,6,17,2,1 2 1 3 4 3 1 2 3 4 5 6 1 2 1 2 1
p018-b3-t6,organic,strictly_linear,2,2,1,1 2
p018-b3-t7,organic,strictly_linear,1,1,1,1
p018-b3-t8,organic,linear_regression,3,5,1,1 2 3 2 1
p018-b3-t9,organic,nonlinear_backfill,9,28,8,2 3 2 1 2 3 2 3 2 1 4 3 8 7 8 7 9 4 6 5 8 7 8 7 8 6 8 4
p018-b4-t1,organic,strictly_linear,1,1,1,1
p018-b4-t10,organic,nonlinear_backfill,3,8,2,2 1 2 1 2 3 1 2
p018-b4-t2,organic,nonlinear_backfill,3,4,,1 3 2 3
p018-b4-t3,organic,linear_regression,2,3,1,1 2 1
p018-b4-t4,organic,strictly_linear,1,1,1,1
p018-b4-t5,organic,linear_regression,2,3,1,1 2 1
p018-b4-t6,organic,linear_regression,2,5,1,1 2 1 2 1
p018-b4-t7,organic,nonlinear_backfill,3,4,1,2 1 3 1
p018-b4-t8,organic,linear_regression,7,14,1,1 2 3 2 4 5 6 7 4 3 4 5 2 1
p018-b4-t9,organic,strictly_linear,1,1,1,1
p018-b5-t1,organic,linear_regression,3,6,2,1 2 3 1 2 1
p018-b5-t10,organic,linear_regression,4,8,1,1 2 1 3 4 3 4 1
p018-b5-t2,organic,strictly_linear,1,1,1,1
p018-b5-t3,organic,strictly_linear,1,1,1,1
p018-b5-t4,organic,strictly_linear,1,1,1,1
p018-b5-t5,organic,strictly_linear,1,1,1,1
p018-b5-t6,organic,linear_regression,2,3,1,1 2 1
p018-b5-t7,organic,nonlinear_backfill,9,13,3,1 2 3 2 6 5 7 8 9 4 3 2 1
p018-b5-t8,organic,linear_regression,2,3,1,1 2 1
p018-b5-t9,organic,strictly_linear,1,1,1,1
p018-b6-t1,organic,strictly_linear,1,1,1,1
p018-b6-t10,organic,nonlinear_skip_only,7,27,2,1 2 3 1 2 3 4 2 3 1 3 2 3 6 8 9 2 3 2 1 2 3 2 3 2 1 2
p018-b6-t2,organic,strictly_linear,2,2,1,1 2
p018-b6-t3,organic,strictly_linear,1,1,1,1
p018-b6-t4,organic,linear_regression,3,4,1,1 2 1 3
p018-b6-t5,organic,nonlinear_skip_only,3,14,1,1 2 1 2 1 2 1 2 1 2 1 2 4 1
p018-b6-t6,organic,nonlinear_backfill,4,8,1,1 2 4 2 4 3 2 1
p018-b6-t7,organic,linear_regression,3,5,2,1 2 3 1 2
p018-b6-t8,organic,strictly_linear,1,1,1,1
p018-b6-t9,organic,linear_regression,2,7,1,1 2 1 2 1 2 1
p019-b1-t1,organic,strictly_linear,1,1,1,1
p019-b1-t10,organic,nonlinear_skip_only,8,11,7,1 2 4 5 6 7 8 9 7 4 5
p019-b1-t2,organic,strictly_linear,1,1,1,1
p019-b1-t3,organic,nonlinear_skip_only,5,12,3,1 3 1 3 4 5 4 5 6 4 3 1
p019-b1-t4,organic,linear_regression,2,4,2,1 2 1 2
p019-b1-t5,organic,nonlinear_backfill,5,11,1,2 1 2 4 5 6 1 2 1 2 1
p019-b1-t6,organic,linear_regression,6,7,6,1 2 3 4 5 6 4
p019-b1-t7,organic,nonlinear_backfill,6,11,1,1 3 5 6 8 5 2 1 2 3 1
p019-b1-t8,organic,nonlinear_backfill,8,23,1,1 2 3 4 1 6 7 8 3 2 1 3 2 1 2 5 6 8 5 3 5 2 1
p019-b1-t9,organic,nonlinear_backfill,4,9,3,2 1 3 4 3 4 3 2 3
p019-b2-t1,organic,linear_regression,2,3,1,1 2 1
p019-b2-t10,organic,nonlinear_backfill,9,12,2,1 3 4 5 6 7 8 9 3 1 2 1
p019-b2-t2,organic,nonlinear_backfill,8,22,1,4 2 4 5 6 8 9 1 2 3 4 5 1 2 3 5 6 4 1 2 3 1
p019-b2-t3,organic,nonlinear_backfill,7,20,1,1 3 4 6 1 2 8 3 1 2 7 8 1 2 1 2 3 4 3 1
p019-b2-t4,organic,nonlinear_backfill,7,11,1,1 2 3 5 7 9 7 3 4 2 1
p019-b2-t5,organic,nonlinear_backfill,7,16,2,1 2 3 4 6 8 6 8 7 6 3 1 2 1 2 1
p019-b2-t6,organic,nonlinear_backfill,7,13,,1 2 3 2 3 2 4 2 6 8 7 2 1
p019-b2-t7,organic,nonlinear_skip_only,5,7,1,1 2 3 4 6 2 1
p019-b2-t8,organic,nonlinear_skip_only,7,10,,1 2 3 4 5 7 8 4 2 1
p019-b2-t9,organic,nonlinear_skip_only,6,8,1,1 2 3 4 6 9 6 1
p019-b3-t1,organic,strictly_linear,2,2,2,1 2
p019-b3-t10,organic,nonlinear_backfill,9,27,1,1 2 1 3 4 5 6 8 7 8 9 1 2 1 2 3 4 5 6 8 9 6 1 2 3 2 1
p019-b3-t2,organic,strictly_linear,4,4,1,1 2 3 4
p019-b3-t3,organic,linear_regression,3,7,1,1 2 1 2 3 2 1
p019-b3-t4,organic,linear_regression,3,4,1,1 2 1 3
p019-b3-t5,organic,linear_regression,5,6,1,1 2 3 4 5 1
p019-b3-t6,organic,linear_regression,3,7,2,1 2 3 2 1 2 1
p019-b3-t8,organic,nonlinear_backfill,4,7,,1 2 1 4 2 3 1
p019-b3-t9,organic,strictly_linear,2,2,2,1 2
p019-b4-t1,organic,nonlinear_skip_only,4,7,1,1 2 1 2 3 5 1
p019-b4-t10,organic,nonlinear_skip_only,8,18,1,1 2 3 5 6 5 6 7 6 8 9 7 2 1 2 1 2 1
p019-b4-t2,organic,nonlinear_backfill,3,10,2,3 1 2 3 1 3 1 3 2 3
p019-b4-t3,organic,nonlinear_skip_only,7,10,3,1 3 4 5 7 8 9 3 1 3
p019-b4-t4,organic,linear_regression,2,3,1,1 2 1
p019-b4-t5,organic,nonlinear_skip_only,4,6,1,1 2 3 6 2 1
p019-b4-t6,organic,nonlinear_backfill,6,9,1,1 2 3 4 7 6 2 3 1
p019-b4-t7,organic,linear_regression,7,14,1,1 2 3 4 1 2 5 4 5 6 7 2 1 2
p019-b4-t9,organic,nonlinear_backfill,6,14,,1 2 4 3 4 7 6 7 2 3 2 1 2 1
p019-b5-t1,organic,nonlinear_skip_only,4,5,1,1 3 7 8 1
p019-b5-t10,organic,nonlinear_backfill,8,12,8,1 2 3 6 5 4 3 8 7 8 6 5
p019-b5-t3,organic,linear_regression,2,3,,1 2 1
p019-b5-t4,organic,nonlinear_skip_only,3,5,3,1 3 4 3 1
p019-b5-t5,organic,linear_regression,9,18,9,1 2 3 2 3 4 5 6 3 6 7 8 9 4 8 9 8 4
p019-b5-t6,organic,nonlinear_backfill,4,14,2,3 2 4 5 3 2 5 4 2 3 2 4 5 2
p019-b5-t7,organic,nonlinear_backfill,8,13,1,1 2 3 4 5 7 6 5 7 8 7 5 1
p019-b5-t8,organic,nonlinear_backfill,4,7,4,1 3 5 4 5 4 3
p019-b5-t9,organic,nonlinear_skip_only,5,7,,1 2 1 2 3 7 8
p019-b6-t1,organic,nonlinear_backfill,9,22,1,2 3 5 4 7 8 9 6 4 3 4 5 1 2 3 5 6 7 8 7 5 1
p019-b6-t10,organic,linear_regression,4,5,3,1 2 3 4 3
p019-b6-t2,organic,nonlinear_backfill,7,10,1,1 2 1 2 5 4 6 7 8 1
p019-b6-t3,organic,strictly_linear,1,1,1,1
p019-b6-t4,organic,nonlinear_backfill,8,25,2,1 2 3 5 4 3 6 7 4 1 3 8 3 4 1 2 4 3 4 6 7 8 2 1 2
p019-b6-t6,organic,strictly_linear,1,1,1,1
p019-b6-t7,organic,linear_regression,3,5,2,1 2 1 2 3
p019-b6-t8,organic,strictly_linear,3,3,2,1 2 3
p019-b6-t9,organic,nonlinear_backfill,5,8,1,1 2 3 1 5 4 5 1
p020-b1-t1,organic,linear_regression,5,10,2,1 2 1 3 4 5 2 1 2 1
p020-b1-t2,organic,linear_regression,3,5,2,1 2 3 2 1
p020-b1-t3,organic,nonlinear_backfill,8,17,1,1 3 2 3 4 3 4 5 6 7 8 7 8 5 3 2 1
p020-b1-t4,organic,linear_regression,6,7,1,1 2 3 4 5 6 1
p020-b1-t5,organic,linear_regression,7,20,1,1 2 1 3 4 5 6 7 5 3 1 2 1 2 1 2 1 2 1 3
p020-b1-t6,organic,linear_regression,8,17,,1 2 3 2 3 4 3 4 3 4 5 6 7 8 7 8 7
p020-b1-t7,organic,nonlinear_backfill,7,22,1,2 1 2 1 2 1 2 3 4 3 4 3 4 3 4 5 6 7 2 1 2 1
p020-b1-t8,organic,linear_regression,5,14,,1 2 3 4 5 4 5 4 5 4 5 4 5 2
p020-b2-t1,organic,nonlinear_backfill,5,13,4,1 2 4 3 2 3 4 5 4 5 4 1 4
p020-b2-t10,organic,nonlinear_backfill,7,25,6,2 1 2 3 2 3 4 3 4 1 4 6 5 7 6 5 6 4 5 6 5 6 5 6 2
p020-b2-t2,organic,linear_regression,2,3,1,1 2 1
p020-b2-t3,organic,linear_regression,4,9,3,1 2 3 2 3 2 3 4 3
p020-b2-t4,organic,nonlinear_skip_only,6,14,1,1 2 1 2 1 3 4 6 7 6 4 3 2 1
p020-b2-t5,organic,linear_regression,7,27,2,1 2 1 2 1 2 1 2 1 2 1 2 1 2 1 2 3 4 3 4 5 6 7 2 1 2 1
p020-b2-t6,organic,strictly_linear,1,1,,1
p020-b2-t7,organic,nonlinear_skip_only,7,26,,1 2 1 2 3 1 2 1 2 3 1 3 2 1 4 3 4 3 4 3 5 6 5 8 6 5
p020-b2-t8,organic,nonlinear_backfill,8,36,1,2 1 2 1 2 1 2 1 2 3 2 1 2 3 4 5 6 7 6 7 8 7 5 6 4 3 4 1 2 1 2 1 2 1 3 1
p020-b2-t9,organic,nonlinear_backfill,8,41,1,2 1 2 1 2 3 2 3 4 3 4 3 4 2 3 4 3 2 3 4 5 3 2 3 4 5 6 7 6 7 8 6 4 3 2 1 3 2 1 3 2
p020-b3-t1,organic,linear_regression,2,3,1,1 2 1
p020-b3-t10,organic,linear_regression,9,14,,1 2 1 2 3 2 3 4 5 6 7 8 9 6
p020-b3-t2,organic,nonlinear_backfill,6,11,4,1 3 4 5 6 2 1 2 3 4 3
p020-b3-t3,organic,linear_regression,6,8,2,1 2 3 4 5 6 1 2
p020-b3-t4,organic,linear_regression,3,5,,1 2 1 2 3
p020-b3-t5,organic,linear_regression,2,5,1,1 2 1 2 1
p020-b3-t6,organic,linear_regression,3,7,2,1 2 1 3 2 1 2
p020-b3-t7,organic,nonlinear_backfill,6,11,,2 1 2 1 2 3 5 6 7 5 7
p020-b3-t8,organic,linear_regression,3,4,1,1 2 3 1
p020-b3-t9,organic,nonlinear_backfill,7,10,,1 2 3 5 4 6 7 6 2 1
p020-b4-t1,organic,linear_regression,9,15,,1 2 1 2 3 4 5 6 7 6 7 8 9 7 5
p020-b4-t10,organic,nonlinear_backfill,7,47,3,1 2 1 2 1 2 1 2 1 2 1 2 1 2 1 2 1 2 1 2 4 3 4 3 4 2 1 3 4 5 4 6 2 1 3 4 1 2 1 2 4 3 4 6 5 6 7
p020-b4-t2,organic,linear_regression,9,35,,1 2 1 2 3 2 3 2 3 2 3 2 4 3 4 5 4 5 6 7 6 7 8 9 1 6 4 6 7 8 7 6 7 8 7
p020-b4-t3,organic,nonlinear_skip_only,2,3,1,1 3 1
p020-b4-t4,organic,nonlinear_backfill,7,17,1,1 2 1 2 3 2 3 5 6 7 2 1 2 3 4 5 1
p020-b4-t5,organic,nonlinear_backfill,6,19,2,2 1 2 3 4 3 4 5 6 5 6 5 4 5 1 2 3 2 3
p020-b4-t6,organic,linear_regression,3,21,1,1 2 1 2 3 1 2 1 2 1 2 3 2 3 1 3 1 2 1 2 1
p020-b4-t7,organic,linear_regression,8,24,1,1 2 1 2 3 4 5 6 5 7 8 7 8 2 4 5 3 2 3 4 2 1 2 1
p020-b4-t8,organic,nonlinear_skip_only,7,12,,1 2 1 3 2 3 4 3 4 6 7 8
p020-b4-t9,organic,nonlinear_backfill,7,23,6,2 1 3 1 2 1 4 1 2 1 3 2 3 4 5 6 7 6 5 6 7 6 1
p020-b5-t1,organic,nonlinear_backfill,8,19,2,1 2 1 4 5 6 7 8 7 6 5 4 3 2 1 3 2 3 2
p020-b5-t10,organic,nonlinear_backfill,5,22,1,1 3 1 2 1 2 3 4 3 4 5 4 5 1 2 4 1 3 1 3 2 1
p020-b5-t2,organic,nonlinear_skip_only,5,11,2,1 2 3 1 2 3 2 1 3 5 6
p020-b5-t3,organic,nonlinear_skip_only,7,21,1,1 2 1 2 3 2 1 4 5 7 8 5 4 3 1 5 1 2 1 2 1
p020-b5-t4,organic,nonlinear_backfill,8,26,1,1 2 5 4 2 3 5 6 7 8 6 5 4 3 2 4 3 2 1 2 3 2 3 4 5 1
p020-b5-t5,organic,nonlinear_backfill,5,13,2,1 2 6 7 3 2 1 2 1 2 1 2 1
p020-b5-t6,organic,nonlinear_backfill,9,26,9,3 4 1 2 1 2 3 4 5 4 5 6 5 6 7 8 9 4 1 7 8 9 8 7 9 8
p020-b5-t7,organic,linear_regression,5,22,3,1 2 3 4 3 4 5 4 3 1 2 3 4 5 4 3 2 3 4 3 1 4
p020-b5-t8,organic,nonlinear_backfill,8,19,1,1 2 1 2 1 2 3 4 5 7 6 8 6 4 3 2 1 2 1
p020-b5-t9,organic,linear_regression,7,50,5,1 2 1 3 4 5 6 5 4 5 6 5 6 2 7 6 5 6 1 2 3 4 3 5 4 3 4 5 6 5 6 5 6 4 5 6 7 6 7 5 6 7 6 5 6 5 6 5 4 7
p020-b6-t1,organic,nonlinear_backfill,8,32,1,1 2 3 2 1 2 1 2 3 4 5 2 1 5 9 7 6 5 4 5 2 3 2 1 2 1 2 1 2 1 2 1
p020-b6-t10,organic,nonlinear_backfill,8,20,,1 2 1 5 1 2 1 2 1 2 3 2 3 4 5 4 3 7 8 9
p020-b6-t2,organic,nonlinear_skip_only,7,38,3,1 2 3 1 2 4 5 7 8 5 3 1 2 3 4 5 3 1 2 1 2 1 2 3 2 1 2 1 2 3 4 3 2 3 2 3 4 3
p020-b6-t3,organic,linear_regression,3,6,2,1 2 1 2 3 2
p020-b6-t4,organic,nonlinear_backfill,10,36,1,1 3 1 2 1 2 3 2 3 2 3 4 1 4 3 4 5 4 3 4 1 2 1 2 3 4 5 6 7 8 9 10 8 4 3 1
p020-b6-t5,organic,linear_regression,7,51,2,1 2 3 4 2 1 2 1 2 1 2 3 4 3 2 3 4 2 1 2 1 2 1 2 1 2 3 2 3 2 3 4 5 6 7 6 1 3 2 1 3 4 2 1 2 1 2 1 2 3 1
p020-b6-t6,organic,linear_regression,8,14,,1 2 3 2 3 4 3 4 5 6 7 8 6 7
p020-b6-t7,organic,linear_regression,9,23,1,1 2 3 4 3 5 6 7 8 3 2 1 2 1 5 7 8 9 5 4 3 2 1
p020-b6-t8,organic,nonlinear_backfill,5,34,3,3 1 4 2 3 2 3 2 3 1 3 4 3 4 5 4 5 4 2 1 3 2 4 2 3 2 1 3 2 3 4 3 2 3
p020-b6-t9,organic,nonlinear_skip_only,6,6,,1 2 3 4 5 7
p021-b1-t1,organic,linear_regression,6,9,2,1 2 3 4 5 6 5 6 2
p021-b1-t10,organic,linear_regression,3,7,1,1 2 3 2 1 2 1
p021-b1-t4,organic,nonlinear_backfill,3,6,3,2 1 2 3 2 3
p021-b1-t6,organic,linear_regression,2,5,1,1 2 1 2 1
p021-b1-t7,organic,nonlinear_backfill,3,5,,2 1 2 3 2
p021-b1-t8,organic,strictly_linear,1,1,1,1
p021-b1-t9,organic,nonlinear_skip_only,6,12,3,1 2 1 2 1 2 3 4 5 7 3 1
p021-b2-t1,organic,linear_regression,2,6,2,1 2 1 2 1 2
p021-b2-t10,organic,nonlinear_skip_only,3,3,7,1 3 4
p021-b2-t2,organic,nonlinear_backfill,6,13,1,1 2 3 4 6 5 3 2 3 2 1 2 1
p021-b2-t3,organic,nonlinear_backfill,8,15,3,1 3 2 3 4 3 4 6 7 8 3 5 4 3 1
p021-b2-t4,organic,nonlinear_backfill,5,6,1,1 2 4 6 5 1
p021-b2-t5,organic,nonlinear_skip_only,5,10,1,1 2 1 3 5 6 2 1 2 1
p021-b2-t6,organic,linear_regression,3,7,3,1 2 3 2 1 3 1
p021-b2-t7,organic,nonlinear_backfill,6,16,,2 1 2 4 2 4 5 7 6 5 6 7 5 4 2 1
p021-b2-t8,organic,nonlinear_backfill,5,6,1,2 5 4 3 2 1
p021-b2-t9,organic,strictly_linear,2,2,2,1 2
p021-b3-t1,organic,nonlinear_backfill,5,8,,1 2 1 2 5 4 5 3
p021-b3-t10,organic,nonlinear_skip_only,4,4,,1 2 5 6
p021-b3-t2,organic,nonlinear_backfill,2,5,2,2 1 2 1 2
p021-b3-t4,organic,nonlinear_skip_only,7,12,1,1 2 3 5 6 7 8 6 7 3 1 2
p021-b3-t5,organic,linear_regression,8,11,1,1 2 3 4 3 4 5 6 7 8 1
p021-b3-t6,organic,nonlinear_backfill,4,7,2,1 4 3 2 4 3 2
p021-b3-t7,organic,linear_regression,5,11,,1 2 3 4 5 4 5 4 1 2 1
p021-b3-t8,organic,nonlinear_skip_only,2,3,1,1 3 1
p021-b3-t9,organic,nonlinear_skip_only,7,9,,1 2 3 5 6 7 8 6 7
p021-b4-t1,organic,strictly_linear,1,1,4,1
p021-b4-t10,organic,linear_regression,6,19,2,1 2 1 2 3 4 5 6 3 4 6 2 1 2 3 2 3 2 1
p021-b4-t2,organic,linear_regression,9,23,1,1 2 3 4 3 2 5 4 5 2 5 6 7 8 7 9 7 5 3 2 1 3 1
p021-b4-t3,organic,nonlinear_backfill,8,14,1,2 3 4 5 7 8 7 8 9 3 2 1 2 1
p021-b4-t4,organic,nonlinear_backfill,5,7,4,1 2 4 5 3 2 1
p021-b4-t5,organic,nonlinear_skip_only,3,5,1,1 4 8 4 1
p021-b4-t6,organic,nonlinear_backfill,8,14,1,1 2 3 2 1 5 7 8 6 7 4 3 4 1
p021-b4-t7,organic,strictly_linear,2,2,3,2 3
p021-b4-t8,organic,linear_regression,7,34,3,1 2 3 1 2 1 2 1 2 1 2 3 2 3 4 3 4 3 4 3 4 3 1 2 1 2 1 4 5 6 7 4 3 1
p021-b4-t9,organic,nonlinear_backfill,8,21,5,1 3 2 1 3 7 8 6 7 6 5 6 5 6 5 4 3 1 4 5 3
p021-b5-t1,organic,linear_regression,3,9,2,1 2 1 2 3 2 1 2 1
p021-b5-t10,organic,nonlinear_backfill,6,16,3,6 5 4 3 4 3 4 3 4 3 1 2 4 5 1 2
p021-b5-t2,organic,strictly_linear,1,1,1,1
p021-b5-t4,organic,nonlinear_backfill,5,9,5,1 2 4 5 3 4 3 4 3
p021-b5-t5,organic,strictly_linear,1,1,,1
p021-b5-t6,organic,nonlinear_backfill,7,11,6,1 4 3 4 6 5 6 7 9 5 6
p021-b5-t8,organic,linear_regression,8,19,,1 2 3 2 4 5 4 3 4 3 4 5 4 6 5 6 7 8 6
p021-b5-t9,organic,linear_regression,7,12,3,1 2 3 4 5 6 7 5 2 1 3 2
p021-b6-t1,organic,nonlinear_backfill,4,11,4,1 4 5 4 5 4 5 4 3 4 1
p021-b6-t10,organic,nonlinear_backfill,7,21,,2 3 2 4 7 6 5 4 3 2 3 2 1 2 3 4 5 6 7 4 3
p021-b6-t2,organic,nonlinear_backfill,5,6,1,1 5 8 4 2 1
p021-b6-t3,organic,nonlinear_backfill,4,6,1,2 3 4 1 3 1
p021-b6-t4,organic,nonlinear_backfill,7,10,9,3 5 4 6 7 8 9 3 4 5
p021-b6-t5,organic,nonlinear_backfill,6,7,,5 1 2 5 6 7 9
p021-b6-t6,organic,nonlinear_backfill,6,7,,3 1 2 7 8 4 1
p021-b6-t7,organic,nonlinear_backfill,5,5,3,10 3 4 5 6
p021-b6-t8,organic,nonlinear_backfill,9,10,5,6 5 8 9 10 2 3 5 4 1
p021-b6-t9,organic,linear_regression,2,6,1,1 2 1 2 1 2
p022-b1-t1,organic,linear_regression,4,8,2,1 2 3 2 4 2 3 2
p022-b1-t10,organic,linear_regression,4,16,4,1 2 3 2 1 2 4 3 4 3 4 3 2 1 2 4
p022-b1-t2,organic,linear_regression,3,6,2,1 2 1 2 3 2
p022-b1-t3,organic,linear_regression,5,14,3,1 2 1 3 2 4 5 2 3 4 3 2 3 1
p022-b1-t4,organic,linear_regression,2,7,1,1 2 1 2 1 2 1
p022-b1-t5,organic,linear_regression,3,6,1,1 2 1 2 3 1
p022-b1-t6,organic,linear_regression,2,3,1,1 2 1
p022-b1-t7,organic,linear_regression,2,3,,1 2 1
p022-b1-t8,organic,linear_regression,7,11,7,1 2 3 1 2 3 4 5 6 7 3
p022-b1-t9,organic,linear_regression,2,3,1,1 2 1
p022-b2-t1,organic,linear_regression,9,14,3,1 2 3 4 5 6 7 8 9 3 2 1 3 2
p022-b2-t10,organic,linear_regression,5,19,2,1 2 3 2 3 4 5 3 5 4 5 4 5 4 3 1 2 1 2
p022-b2-t2,organic,linear_regression,4,10,3,1 2 3 2 3 2 4 3 4 1
p022-b2-t3,organic,strictly_linear,1,1,1,1
p022-b2-t4,organic,linear_regression,5,22,1,1 2 3 4 5 1 3 4 5 4 5 4 5 2 1 3 2 1 2 1 2 1
p022-b2-t5,organic,nonlinear_backfill,8,29,6,1 2 4 3 2 3 5 6 5 4 3 6 7 8 6 5 6 5 6 5 4 5 4 5 4 5 2 3 6
p022-b2-t6,organic,nonlinear_backfill,6,14,5,1 2 3 5 4 5 6 3 4 3 6 5 6 1
p022-b2-t7,organic,linear_regression,7,24,1,1 2 1 2 1 2 1 2 3 4 5 6 7 5 6 5 1 6 7 5 6 7 5 1
p022-b2-t8,organic,linear_regression,4,18,2,1 2 1 2 1 2 1 2 3 2 3 2 3 2 3 2 3 4
p022-b2-t9,organic,nonlinear_skip_only,9,25,1,1 2 3 4 1 5 6 5 3 4 2 4 3 5 8 9 8 10 4 3 4 3 1 2 1
p022-b3-t1,organic,linear_regression,3,11,2,1 2 3 1 2 1 2 3 2 1 2
p022-b3-t10,organic,linear_regression,4,11,1,1 2 3 4 3 2 3 2 3 2 1
p022-b3-t2,organic,linear_regression,3,6,1,1 2 1 2 3 2
p022-b3-t3,organic,linear_regression,4,15,2,1 2 3 2 3 4 1 2 1 2 1 2 1 2 1
p022-b3-t4,organic,linear_regression,3,5,3,1 2 1 2 3
p022-b3-t5,organic,nonlinear_skip_only,7,13,1,1 2 3 4 5 6 5 8 1 2 1 2 1
p022-b3-t6,organic,linear_regression,3,4,1,1 2 3 1
p022-b3-t7,organic,strictly_linear,1,1,1,1
p022-b3-t8,organic,strictly_linear,2,2,1,1 2
p022-b3-t9,organic,linear_regression,3,4,1,1 2 3 1
p022-b4-t1,organic,linear_regression,2,5,1,1 2 1 2 1
p022-b4-t10,organic,linear_regression,2,3,1,1 2 1
p022-b4-t2,organic,linear_regression,5,10,1,1 2 3 4 5 4 3 1 2 1
p022-b4-t3,organic,linear_regression,2,3,1,1 2 1
p022-b4-t4,organic,nonlinear_backfill,2,4,1,2 1 2 1
p022-b4-t5,organic,linear_regression,5,14,2,1 2 3 4 5 1 2 1 2 5 4 3 2 1
p022-b4-t6,organic,nonlinear_backfill,6,13,5,1 3 1 2 3 1 2 4 5 4 5 6 3
p022-b4-t7,organic,strictly_linear,1,1,1,1
p022-b4-t8,organic,linear_regression,2,3,1,1 2 1
p022-b4-t9,organic,linear_regression,4,9,2,1 2 3 2 3 4 3 2 1
p022-b5-t1,organic,linear_regression,4,6,1,1 2 1 2 3 4
p022-b5-t10,organic,linear_regression,4,7,1,1 2 3 4 2 3 1
p022-b5-t2,organic,linear_regression,2,3,1,1 2 1
p022-b5-t5,organic,strictly_linear,1,1,,1
p022-b5-t6,organic,linear_regression,4,7,2,1 2 3 4 2 1 2
p022-b5-t7,organic,linear_regression,3,5,2,1 2 1 2 3
p022-b5-t8,organic,linear_regression,4,8,4,1 2 3 2 1 2 3 4
p022-b5-t9,organic,strictly_linear,2,2,2,1 2
p022-b6-t1,organic,strictly_linear,2,2,2,1 2
p022-b6-t10,organic,linear_regression,3,10,2,1 2 1 3 2 1 2 1 2 3
p022-b6-t2,organic,linear_regression,2,4,2,1 2 1 2
p022-b6-t3,organic,linear_regression,2,3,1,1 2 1
p022-b6-t5,organic,linear_regression,5,11,1,1 2 3 4 5 2 3 1 3 2 1
p022-b6-t7,organic,linear_regression,2,3,1,1 2 1
p022-b6-t8,organic,linear_regression,3,5,1,1 2 1 2 3
p022-b6-t9,organic,linear_regression,2,5,1,1 2 1 2 1
p023-b1-t1,organic,nonlinear_skip_only,6,7,,1 2 3 5 7 9 1
p023-b1-t10,organic,strictly_linear,1,1,,4
p023-b1-t3,organic,nonlinear_skip_only,3,6,1,1 2 1 4 2 1
p023-b1-t4,organic,linear_regression,3,6,1,1 2 1 3 2 1
p023-b1-t6,organic,nonlinear_backfill,5,6,,1 3 5 7 6 1
p023-b1-t7,organic,strictly_linear,2,2,2,1 2
p023-b2-t1,organic,linear_regression,2,3,1,1 2 1
p023-b2-t3,organic,strictly_linear,1,1,1,1
p023-b2-t4,organic,linear_regression,2,3,1,1 2 1
p023-b2-t6,organic,strictly_linear,1,1,,2
p023-b2-t7,organic,linear_regression,2,3,1,1 2 1
p023-b2-t9,organic,nonlinear_backfill,2,2,4,4 2
p023-b3-t10,organic,strictly_linear,1,1,1,1
p023-b3-t2,organic,strictly_linear,1,1,1,1
p023-b3-t3,organic,strictly_linear,1,1,1,1
p023-b3-t4,organic,strictly_linear,2,2,1,1 2
p023-b3-t5,organic,nonlinear_backfill,2,2,2,2 1
p023-b3-t6,organic,strictly_linear,1,1,1,1
p023-b3-t8,organic,nonlinear_backfill,2,2,1,3 1
p023-b3-t9,organic,strictly_linear,1,1,1,1
p023-b4-t1,organic,nonlinear_backfill,3,3,2,2 4 1
p023-b4-t10,organic,nonlinear_backfill,2,2,1,2 1
p023-b4-t2,organic,strictly_linear,1,1,2,2
p023-b4-t3,organic,strictly_linear,1,1,1,1
p023-b4-t4,organic,nonlinear_skip_only,2,2,1,1 3
p023-b4-t5,organic,strictly_linear,1,1,2,2
p023-b4-t6,organic,linear_regression,2,3,1,1 2 1
p023-b5-t1,organic,nonlinear_backfill,2,2,1,2 1
p023-b5-t10,organic,nonlinear_backfill,2,2,1,2 1
p023-b5-t2,organic,strictly_linear,1,1,1,1
p023-b5-t4,organic,strictly_linear,1,1,1,1
p023-b5-t5,organic,linear_regression,2,4,2,1 2 1 2
p023-b5-t6,organic,nonlinear_backfill,3,3,4,5 3 2
p023-b5-t7,organic,strictly_linear,1,1,1,1
p023-b5-t9,organic,nonlinear_backfill,2,4,2,2 1 2 1
p023-b6-t1,organic,linear_regression,2,4,1,1 2 1 2
p023-b6-t10,organic,nonlinear_skip_only,3,4,1,1 4 5 1
p023-b6-t2,organic,strictly_linear,1,1,1,1
p023-b6-t3,organic,strictly_linear,1,1,1,1
p023-b6-t4,organic,strictly_linear,1,1,1,3
p023-b6-t7,organic,nonlinear_backfill,2,2,1,2 1
p023-b6-t8,organic,strictly_linear,1,1,1,1
p023-b6-t9,organic,nonlinear_skip_only,2,3,3,1 3 1
p024-b1-t1,organic,linear_regression,2,3,1,1 2 1
p024-b1-t10,organic,nonlinear_backfill,9,19,3,3 1 5 9 8 1 8 7 6 7 8 4 5 1 6 3 2 3 2
p024-b1-t2,organic,linear_regression,4,5,4,1 2 3 4 1
p024-b1-t3,organic,nonlinear_backfill,6,10,7,2 1 2 4 5 6 7 6 7 6
p024-b1-t4,organic,linear_regression,2,4,2,1 2 1 2
p024-b1-t5,organic,linear_regression,7,11,2,1 2 3 4 5 6 7 5 3 1 2
p024-b1-t6,organic,nonlinear_backfill,7,13,4,1 2 3 4 3 4 5 4 7 6 5 4 2
p024-b1-t7,organic,nonlinear_backfill,6,10,4,1 2 1 2 3 4 6 5 4 2
p024-b1-t8,organic,nonlinear_backfill,7,13,1,1 3 5 3 5 7 6 2 1 3 4 3 1
p024-b1-t9,organic,linear_regression,5,13,3,1 2 3 4 5 1 4 3 4 3 2 3 2
p024-b2-t1,organic,linear_regression,2,3,2,1 2 1
p024-b2-t10,organic,nonlinear_backfill,3,5,2,2 1 2 1 3
p024-b2-t2,organic,nonlinear_backfill,8,17,4,1 2 3 4 6 5 6 8 9 4 2 3 4 6 3 4 2
p024-b2-t3,organic,nonlinear_skip_only,8,12,7,1 2 3 4 5 7 8 7 8 9 8 7
p024-b2-t4,organic,linear_regression,2,4,2,1 2 1 2
p024-b2-t6,organic,linear_regression,2,4,2,1 2 1 2
p024-b2-t7,organic,strictly_linear,1,1,1,1
p024-b2-t8,organic,nonlinear_backfill,7,11,1,1 3 4 3 5 6 7 1 2 3 4
p024-b2-t9,organic,strictly_linear,2,2,,1 2
p024-b3-t1,organic,nonlinear_skip_only,5,7,2,1 2 5 6 9 1 2
p024-b3-t10,organic,nonlinear_backfill,8,17,1,1 2 1 2 3 6 5 4 6 4 5 6 8 9 3 2 1
p024-b3-t2,organic,strictly_linear,2,2,2,1 2
p024-b3-t3,organic,linear_regression,5,7,5,1 2 1 2 3 4 5
p024-b3-t4,organic,nonlinear_backfill,5,12,5,1 2 1 2 1 2 5 4 5 1 5 3
p024-b3-t5,organic,linear_regression,6,9,1,1 2 1 3 4 5 6 4 1
p024-b3-t6,organic,nonlinear_backfill,6,10,1,1 2 1 2 3 9 8 7 2 1
p024-b3-t7,organic,linear_regression,2,3,2,1 2 1
p024-b3-t8,organic,nonlinear_backfill,7,7,8,2 1 3 4 5 10 8
p024-b3-t9,organic,strictly_linear,1,1,1,1
p024-b4-t1,organic,linear_regression,3,5,2,1 2 3 2 1
p024-b4-t10,organic,nonlinear_backfill,5,5,4,2 3 1 4 6
p024-b4-t2,organic,nonlinear_skip_only,7,8,1,1 2 3 4 5 6 8 1
p024-b4-t3,organic,linear_regression,2,5,2,1 2 1 2 1
p024-b4-t4,organic,nonlinear_skip_only,6,9,2,1 2 3 2 7 8 9 2 1
p024-b4-t5,organic,nonlinear_backfill,7,14,1,1 2 5 6 7 6 4 2 1 2 3 1 2 1
p024-b4-t6,organic,linear_regression,2,5,2,1 2 1 2 1
p024-b4-t7,organic,nonlinear_backfill,6,9,2,1 2 7 4 5 3 2 3 2
p024-b4-t8,organic,linear_regression,2,3,2,1 2 1
p024-b4-t9,organic,nonlinear_backfill,4,11,4,1 3 2 3 4 3 4 3 4 3 4
p024-b5-t1,organic,linear_regression,7,17,2,1 2 1 3 4 3 4 5 4 6 7 3 4 2 1 2 1
p024-b5-t10,organic,linear_regression,8,9,7,1 2 3 4 5 6 7 8 7
p024-b5-t3,organic,nonlinear_skip_only,5,8,1,1 2 1 2 4 5 6 1
p024-b5-t4,organic,linear_regression,6,10,,1 2 3 4 5 6 4 5 1 2
p024-b5-t5,organic,strictly_linear,3,3,3,1 2 3
p024-b5-t8,organic,nonlinear_skip_only,2,2,1,1 4
p024-b5-t9,organic,nonlinear_backfill,2,2,1,2 1
p024-b6-t1,organic,strictly_linear,1,1,,1
p024-b6-t10,organic,linear_regression,8,11,2,1 2 3 4 5 6 7 8 1 2 1
p024-b6-t2,organic,nonlinear_backfill,5,9,4,1 4 5 7 6 4 5 4 1
p024-b6-t3,organic,strictly_linear,1,1,1,1
p024-b6-t4,organic,nonlinear_skip_only,4,7,1,1 2 3 1 2 5 1
p024-b6-t5,organic,nonlinear_skip_only,7,19,1,1 2 1 3 4 3 4 3 4 3 4 3 5 6 9 2 3 2 1
p024-b6-t6,organic,nonlinear_backfill,3,6,4,1 4 2 1 4 1
p024-b6-t7,organic,nonlinear_backfill,8,10,1,3 2 1 4 9 8 7 6 3 1
p024-b6-t8,organic,nonlinear_backfill,3,8,1,2 1 2 3 1 2 3 1
p024-b6-t9,organic,strictly_linear,1,1,1,1
p025-b1-t1,organic,linear_regression,2,5,1,1 2 1 2 1
p025-b1-t10,organic,nonlinear_backfill,9,22,7,1 2 1 2 4 5 4 5 4 6 8 9 8 7 8 9 8 9 7 4 3 5
p025-b1-t2,organic,strictly_linear,2,2,2,1 2
p025-b1-t3,organic,linear_regression,3,13,1,1 2 1 2 1 2 3 1 2 3 2 1 2
p025-b1-t4,organic,linear_regression,6,12,4,1 2 3 4 5 4 5 6 5 4 5 3
p025-b1-t5,organic,nonlinear_skip_only,6,17,3,1 2 3 2 4 3 5 8 5 3 4 3 4 3 4 3 1
p025-b1-t6,organic,linear_regression,3,6,1,1 2 1 2 3 1
p025-b1-t8,organic,nonlinear_skip_only,4,5,1,1 3 5 8 1
p025-b1-t9,organic,linear_regression,5,8,2,1 2 1 2 3 4 5 2
p025-b2-t1,organic,linear_regression,3,4,1,1 2 3 1
p025-b2-t10,organic,linear_regression,3,5,1,1 2 1 3 1
p025-b2-t2,organic,linear_regression,3,4,,1 2 3 2
p025-b2-t4,organic,linear_regression,4,11,1,1 2 3 2 3 4 3 4 3 1 4
p025-b2-t5,organic,linear_regression,4,11,2,1 2 1 2 1 2 3 4 3 2 1
p025-b2-t6,organic,nonlinear_backfill,5,11,1,1 2 1 2 4 5 1 3 1 2 1
p025-b2-t7,organic,linear_regression,3,5,,1 2 1 2 3
p025-b2-t8,organic,nonlinear_skip_only,3,5,1,1 2 1 2 4
p025-b2-t9,organic,linear_regression,2,4,,2 3 2 3
p025-b3-t1,organic,nonlinear_backfill,7,9,,1 2 1 2 3 5 6 8 4
p025-b3-t10,organic,linear_regression,2,3,1,1 2 1
p025-b3-t2,organic,linear_regression,3,9,3,1 2 1 2 1 2 3 2 1
p025-b3-t3,organic,linear_regression,4,8,4,1 2 1 2 3 4 1 2
p025-b3-t4,organic,nonlinear_backfill,3,8,1,2 1 2 1 5 1 5 2
p025-b3-t5,organic,nonlinear_skip_only,7,16,,1 2 1 3 2 1 2 4 5 6 5 8 6 4 2 1
p025-b3-t6,organic,linear_regression,2,3,,1 2 1
p025-b3-t7,organic,linear_regression,2,3,1,1 2 1
p025-b3-t8,organic,nonlinear_skip_only,7,12,3,1 2 1 3 4 6 7 3 7 8 3 1
p025-b3-t9,organic,linear_regression,2,3,1,1 2 1
p025-b4-t1,organic,linear_regression,5,10,1,1 2 3 4 5 4 5 1 2 1
p025-b4-t10,organic,nonlinear_backfill,8,10,1,1 3 6 5 4 8 7 8 9 1
p025-b4-t2,organic,nonlinear_backfill,7,8,6,1 2 4 5 7 8 5 6
p025-b4-t3,organic,linear_regression,5,10,3,1 2 1 2 1 2 3 4 3 5
p025-b4-t4,organic,nonlinear_backfill,5,6,1,1 3 2 3 4 5
p025-b4-t5,organic,nonlinear_skip_only,5,11,1,1 2 1 3 2 1 2 3 5 6 1
p025-b4-t6,organic,nonlinear_backfill,6,6,,2 5 7 8 6 4
p025-b4-t7,organic,linear_regression,2,12,1,1 2 1 2 1 2 1 2 1 2 1 2
p025-b4-t8,organic,nonlinear_skip_only,6,24,1,1 2 3 2 3 4 3 2 3 4 3 1 4 5 7 2 4 3 2 1 4 2 3 1
p025-b4-t9,organic,linear_regression,2,5,1,1 2 1 2 1
p025-b5-t1,organic,linear_regression,2,4,1,1 2 1 2
p025-b5-t2,organic,linear_regression,6,13,1,1 2 1 2 3 4 5 4 5 6 3 2 1
p025-b5-t3,organic,linear_regression,4,14,1,1 2 1 2 1 2 1 2 1 2 3 4 1 2
p025-b5-t4,organic,nonlinear_backfill,8,23,1,1 2 1 2 1 2 1 2 1 3 2 3 4 6 7 5 6 7 9 3 1 2 1
p025-b5-t5,organic,linear_regression,5,12,5,1 2 3 4 5 4 5 4 5 4 1 2
p025-b5-t6,organic,linear_regression,4,14,1,1 2 1 2 1 3 4 3 2 3 2 1 2 1
p025-b5-t7,organic,nonlinear_backfill,7,15,1,1 2 5 1 2 3 1 4 5 6 5 6 7 6 1
p025-b5-t9,organic,linear_regression,3,6,2,1 2 1 2 3 2
p025-b6-t10,organic,nonlinear_skip_only,5,10,1,1 2 1 4 7 8 2 1 2 1
p025-b6-t2,organic,nonlinear_backfill,7,26,7,1 3 5 6 7 8 6 7 6 7 8 7 8 3 2 1 2 3 2 1 2 1 2 6 7 3
p025-b6-t3,organic,linear_regression,5,20,1,1 2 1 2 3 4 3 4 3 4 3 4 5 3 1 2 3 4 2 1
p025-b6-t4,organic,nonlinear_backfill,9,24,4,1 2 1 2 1 2 1 2 4 3 5 4 6 7 10 9 10 3 4 3 4 5 4 3
p025-b6-t5,organic,linear_regression,4,12,1,1 2 1 3 2 1 2 1 3 1 4 2
p025-b6-t6,organic,linear_regression,3,7,1,1 2 1 2 1 2 3
p025-b6-t7,organic,linear_regression,3,5,1,1 2 3 2 1
p025-b6-t8,organic,nonlinear_skip_only,4,11,2,1 2 1 2 1 2 3 5 1 2 1
p025-b6-t9,organic,nonlinear_backfill,5,14,2,2 1 3 2 1 2 3 2 3 6 4 2 1 2
p026-b1-t1,organic,strictly_linear,1,1,1,1
p026-b1-t10,organic,nonlinear_backfill,3,5,1,1 3 2 3 1
p026-b1-t2,organic,nonlinear_backfill,3,9,2,2 1 2 1 2 3 2 1 2
p026-b1-t3,organic,linear_regression,2,12,2,1 2 1 2 1 2 1 2 1 2 1 2
p026-b1-t4,organic,nonlinear_backfill,5,20,2,3 1 2 3 4 3 7 4 3 4 3 2 1 2 1 2 1 2 1 2
p026-b1-t5,organic,linear_regression,4,20,1,1 2 1 3 2 3 2 3 1 2 3 2 1 3 4 3 2 3 2 1
p026-b1-t6,organic,nonlinear_backfill,4,10,1,1 3 1 2 1 2 1 2 3 4
p026-b1-t7,organic,linear_regression,5,12,4,1 2 1 2 3 2 3 4 3 5 4 1
p026-b1-t8,organic,strictly_linear,1,1,1,1
p026-b1-t9,organic,nonlinear_backfill,6,17,3,1 3 2 3 2 3 2 1 2 3 1 3 5 8 7 2 3
p026-b2-t1,organic,strictly_linear,2,2,1,1 2
p026-b2-t10,organic,nonlinear_backfill,3,5,1,2 3 1 2 1
p026-b2-t2,organic,strictly_linear,2,2,1,1 2
p026-b2-t3,organic,nonlinear_backfill,3,9,1,2 1 2 1 2 1 5 2 1
p026-b2-t4,organic,nonlinear_backfill,4,7,1,2 3 2 4 3 2 1
p026-b2-t5,organic,linear_regression,2,5,2,1 2 1 2 1
p026-b2-t6,organic,strictly_linear,1,1,1,1
p026-b2-t7,organic,nonlinear_backfill,3,6,2,1 3 2 1 2 1
p026-b2-t8,organic,nonlinear_backfill,5,5,1,2 3 4 5 1
p026-b2-t9,organic,nonlinear_backfill,5,8,2,1 2 5 4 5 3 2 1
p026-b3-t1,organic,nonlinear_backfill,2,2,1,2 1
p026-b3-t10,organic,nonlinear_backfill,6,8,1,4 5 6 2 3 2 3 1
p026-b3-t4,organic,linear_regression,6,8,1,1 2 3 4 5 6 5 1
p026-b3-t8,organic,strictly_linear,1,1,1,1
p026-b3-t9,organic,nonlinear_backfill,4,7,2,1 3 4 2 3 2 1
p026-b4-t10,organic,strictly_linear,1,1,1,1
p026-b4-t2,organic,nonlinear_backfill,4,8,1,2 1 2 1 4 3 2 1
p026-b4-t3,organic,nonlinear_backfill,7,14,4,1 2 1 2 1 4 5 8 9 4 5 2 3 2
p026-b4-t4,organic,nonlinear_backfill,2,2,1,4 1
p026-b4-t5,organic,strictly_linear,1,1,1,1
p026-b4-t6,organic,nonlinear_backfill,3,5,1,1 3 2 1 2
p026-b4-t7,organic,nonlinear_backfill,2,5,2,2 1 2 1 2
p026-b4-t9,organic,linear_regression,3,5,2,1 2 3 2 1
p026-b5-t10,organic,nonlinear_backfill,2,3,2,2 1 2
p026-b5-t3,organic,nonlinear_skip_only,5,7,5,1 2 3 5 6 5 3
p026-b5-t4,organic,strictly_linear,1,1,1,1
p026-b5-t5,organic,strictly_linear,1,1,1,1
p026-b5-t7,organic,nonlinear_skip_only,2,3,1,1 3 1
p026-b5-t9,organic,strictly_linear,2,2,1,1 2
p026-b6-t1,organic,nonlinear_backfill,6,7,8,1 3 8 6 7 9 8
p026-b6-t10,organic,linear_regression,5,8,4,1 2 1 2 3 4 5 4
p026-b6-t2,organic,nonlinear_backfill,2,2,1,2 1
p026-b6-t3,organic,linear_regression,2,3,1,1 2 1
p026-b6-t4,organic,strictly_linear,2,2,1,1 2
p026-b6-t5,organic,nonlinear_backfill,3,6,2,2 1 2 3 2 3
p026-b6-t6,organic,strictly_linear,2,2,1,1 2
p026-b6-t7,organic,strictly_linear,2,2,1,1 2
p026-b6-t8,organic,linear_regression,2,3,2,2 3 2
p026-b6-t9,organic,nonlinear_backfill,3,3,1,2 3 1
p027-b1-t1,organic,strictly_linear,1,1,1,1
p027-b1-t10,organic,linear_regression,3,4,,1 2 3 1
p027-b1-t2,organic,linear_regression,3,5,1,1 2 3 2 1
p027-b1-t3,organic,linear_regression,3,6,1,1 2 1 3 1 3
p027-b1-t4,organic,linear_regression,2,5,1,1 2 1 2 1
p027-b1-t5,organic,linear_regression,4,12,2,1 2 1 2 1 3 4 2 1 2 1 2
p027-b1-t6,organic,linear_regression,2,4,1,1 2 1 2
p027-b1-t7,organic,nonlinear_backfill,4,10,4,2 1 2 3 4 3 2 3 4 3
p027-b1-t8,organic,nonlinear_skip_only,2,2,1,1 3
p027-b1-t9,organic,linear_regression,3,8,2,1 2 1 2 3 2 3 2
p027-b2-t1,organic,linear_regression,2,3,1,1 2 1
p027-b2-t10,organic,strictly_linear,1,1,1,1
p027-b2-t2,organic,linear_regression,4,7,3,1 2 1 3 4 2 3
p027-b2-t3,organic,linear_regression,4,5,1,1 2 3 4 1
p027-b2-t4,organic,linear_regression,5,6,1,1 2 3 4 5 1
p027-b2-t5,organic,strictly_linear,1,1,1,1
p027-b2-t6,organic,nonlinear_skip_only,4,5,1,1 3 4 5 1
p027-b2-t7,organic,linear_regression,5,11,4,1 2 1 2 1 3 4 3 2 3 5
p027-b2-t8,organic,strictly_linear,2,2,2,1 2
p027-b2-t9,organic,linear_regression,3,6,2,1 2 3 2 1 2
p027-b3-t1,organic,linear_regression,3,6,1,1 2 1 3 2 1
p027-b3-t10,organic,nonlinear_skip_only,8,13,1,1 2 1 2 3 4 5 6 4 6 7 9 1
p027-b3-t2,organic,linear_regression,8,16,3,1 2 3 4 3 4 5 6 7 8 2 3 4 1 3 2
p027-b3-t3,organic,strictly_linear,2,2,1,1 2
p027-b3-t4,organic,linear_regression,3,4,1,1 2 3 1
p027-b3-t5,organic,strictly_linear,5,5,,1 2 3 4 5
p027-b3-t6,organic,nonlinear_backfill,4,7,3,1 2 1 2 4 3 2
p027-b3-t7,organic,nonlinear_backfill,9,14,5,1 2 3 4 5 6 8 9 7 3 5 4 5 2
p027-b3-t8,organic,linear_regression,3,4,1,1 2 3 1
p027-b3-t9,organic,linear_regression,4,6,1,1 2 3 4 2 1
p027-b4-t1,organic,strictly_linear,3,3,3,1 2 3
p027-b4-t10,organic,linear_regression,5,8,1,1 2 3 4 5 1 2 1
p027-b4-t2,organic,linear_regression,3,6,1,1 2 1 2 3 1
p027-b4-t3,organic,strictly_linear,2,2,2,1 2
p027-b4-t4,organic,linear_regression,7,14,2,1 2 3 4 5 4 5 6 7 6 2 1 2 1
p027-b4-t5,organic,linear_regression,3,7,2,1 2 1 2 3 2 1
p027-b4-t6,organic,linear_regression,2,12,1,1 2 1 2 1 2 1 2 1 2 1 2
p027-b4-t7,organic,nonlinear_skip_only,4,6,1,1 2 3 5 1 2
p027-b4-t8,organic,nonlinear_backfill,8,9,,1 2 3 4 6 5 8 7 1
p027-b4-t9,organic,linear_regression,4,13,3,1 2 1 2 3 4 3 2 3 4 3 4 3
p027-b5-t1,organic,nonlinear_skip_only,5,6,1,1 3 4 5 6 1
p027-b5-t10,organic,nonlinear_backfill,7,18,3,1 2 3 2 3 2 3 4 3 4 3 5 7 6 5 7 2 1
p027-b5-t2,organic,nonlinear_skip_only,4,12,3,1 2 1 2 3 2 1 2 1 2 3 5
p027-b5-t3,organic,linear_regression,2,5,1,1 2 1 2 1
p027-b5-t4,organic,linear_regression,7,18,3,1 2 3 2 3 4 3 5 4 6 7 1 2 3 2 3 2 4
p027-b5-t5,organic,linear_regression,8,17,1,1 2 3 2 4 3 4 5 6 7 8 7 5 6 1 2 1
p027-b5-t6,organic,linear_regression,3,9,3,1 2 3 2 3 2 3 1 3
p027-b5-t7,organic,nonlinear_skip_only,6,10,1,1 2 3 1 4 5 7 1 2 1
p027-b5-t8,organic,linear_regression,8,17,5,1 2 1 2 3 4 5 4 5 6 4 5 7 8 7 3 2
p027-b5-t9,organic,nonlinear_skip_only,3,4,1,1 3 4 1
p027-b6-t1,organic,linear_regression,6,17,3,1 2 3 2 3 4 5 6 4 5 4 3 5 3 5 2 1
p027-b6-t10,organic,linear_regression,5,8,1,1 2 3 4 5 3 5 1
p027-b6-t2,organic,nonlinear_skip_only,3,4,1,1 2 4 1
p027-b6-t3,organic,linear_regression,5,8,1,1 2 3 4 5 4 3 1
p027-b6-t4,organic,linear_regression,2,3,2,1 2 1
p027-b6-t5,organic,linear_regression,3,5,1,1 2 3 2 1
p027-b6-t6,organic,linear_regression,4,9,4,1 2 3 4 1 3 1 3 4
p027-b6-t7,organic,linear_regression,4,6,1,1 2 1 3 4 1
p027-b6-t8,organic,linear_regression,5,10,2,1 2 1 2 3 4 5 1 2 1
p027-b6-t9,organic,nonlinear_skip_only,3,4,1,1 3 4 1
p028-b1-t1,organic,linear_regression,6,19,3,1 2 1 2 3 2 3 2 3 4 5 6 3 1 3 2 1 2 1
p028-b1-t10,organic,linear_regression,6,7,1,1 2 3 4 5 6 1
p028-b1-t2,organic,nonlinear_backfill,8,11,1,1 3 2 3 4 5 6 8 7 2 1
p028-b1-t3,organic,linear_regression,7,20,5,1 2 3 4 5 4 3 2 3 1 4 5 6 5 4 5 6 7 3 1
p028-b1-t4,organic,nonlinear_backfill,7,24,1,3 1 2 1 4 2 1 2 3 2 4 2 1 2 3 4 5 6 8 3 2 3 2 1
p028-b1-t5,organic,linear_regression,7,10,1,1 2 3 4 3 4 5 6 7 1
p028-b1-t6,organic,linear_regression,4,19,1,1 2 1 2 1 2 3 2 3 2 4 2 1 2 1 2 1 2 1
p028-b1-t7,organic,nonlinear_backfill,7,20,1,1 2 1 4 2 1 2 1 2 3 4 3 2 4 5 6 7 1 2 1
p028-b1-t8,organic,nonlinear_backfill,5,14,4,2 1 2 1 2 3 2 3 4 3 4 5 4 1
p028-b1-t9,organic,nonlinear_skip_only,7,21,1,1 2 1 2 1 2 1 2 1 2 3 4 3 2 3 4 5 6 8 2 1
p028-b2-t1,organic,linear_regression,3,9,1,1 2 1 2 3 1 3 1 3
p028-b2-t10,organic,nonlinear_backfill,7,22,7,1 5 6 5 1 2 1 2 4 2 1 3 2 3 2 3 1 5 6 7 6 7
p028-b2-t2,organic,nonlinear_backfill,3,11,3,3 1 2 1 2 1 2 3 2 1 2
p028-b2-t3,organic,nonlinear_skip_only,7,14,,1 2 3 1 2 4 2 4 5 6 9 1 2 3
p028-b2-t4,organic,nonlinear_backfill,6,28,1,1 2 1 6 1 2 1 2 1 2 5 2 6 2 3 2 3 2 4 1 4 1 2 1 2 1 3 1
p028-b2-t5,organic,nonlinear_backfill,6,12,1,1 2 5 6 7 1 2 3 2 1 3 2
p028-b2-t6,organic,nonlinear_backfill,7,18,1,3 1 2 3 1 2 3 4 6 5 6 7 5 6 7 1 5 1
p028-b2-t7,organic,nonlinear_backfill,6,23,2,1 2 3 5 3 4 2 4 5 4 5 1 2 4 2 5 6 1 2 1 2 1 3
p028-b2-t8,organic,nonlinear_backfill,8,28,2,1 2 1 2 3 2 1 2 1 2 4 8 3 8 5 3 8 3 2 3 4 6 7 6 2 5 7 8
p028-b2-t9,organic,nonlinear_backfill,7,22,2,1 2 4 2 3 2 4 2 3 2 1 6 5 6 7 6 1 2 1 2 1 2
p028-b3-t1,organic,nonlinear_skip_only,6,7,1,1 2 3 4 6 7 1
p028-b3-t10,organic,nonlinear_skip_only,8,19,2,1 2 1 2 3 5 6 5 6 7 6 8 9 2 1 2 1 2 1
p028-b3-t2,organic,nonlinear_backfill,7,15,2,1 2 1 2 3 4 5 4 8 6 1 2 1 2 1
p028-b3-t3,organic,nonlinear_backfill,6,12,1,1 3 2 3 4 6 5 6 3 2 1 2
p028-b3-t4,organic,nonlinear_backfill,5,12,1,2 3 1 2 4 3 2 5 3 1 2 3
p028-b3-t5,organic,nonlinear_skip_only,6,18,,1 4 5 4 5 4 6 5 6 5 6 7 8 5 1 4 5 8
p028-b3-t6,organic,nonlinear_backfill,9,22,1,1 2 4 3 2 3 6 5 6 5 7 8 9 7 2 4 5 1 2 3 4 1
p028-b3-t7,organic,nonlinear_backfill,6,10,2,2 1 2 3 4 5 6 5 1 2
p028-b3-t8,organic,linear_regression,3,21,1,1 2 3 1 2 1 3 1 2 1 2 1 2 3 1 2 1 2 1 2 1
p028-b3-t9,organic,nonlinear_backfill,8,66,2,3 2 3 1 2 1 2 3 4 1 3 1 2 5 1 6 5 1 7 6 4 5 6 1 6 1 6 1 3 2 1 7 2 3 2 8 3 8 1 2 1 3 2 1 2 1 3 1 2 5 4 6 3 1 6 7 4 2 1 3 4 1 2 1 8 1
p028-b4-t1,organic,linear_regression,5,11,4,1 2 3 2 3 4 3 4 3 4 5
p028-b4-t10,organic,linear_regression,3,11,2,1 2 1 2 1 2 1 2 3 2 1
p028-b4-t2,organic,nonlinear_backfill,7,8,1,1 2 3 6 7 9 8 1
p028-b4-t3,organic,linear_regression,5,8,1,1 2 3 1 4 5 4 1
p028-b4-t4,organic,linear_regression,2,11,2,1 2 1 2 1 2 1 2 1 2 1
p028-b4-t5,organic,nonlinear_backfill,6,19,2,1 5 1 2 3 4 2 3 1 2 4 5 8 2 1 2 1 2 1
p028-b4-t6,organic,nonlinear_backfill,6,15,4,1 2 3 2 3 4 7 3 1 4 3 1 4 3 5
p028-b4-t7,organic,nonlinear_backfill,6,27,1,2 1 3 1 2 1 2 1 4 2 1 2 1 4 3 4 5 6 5 6 5 1 2 3 2 3 1
p028-b4-t8,organic,linear_regression,2,10,2,1 2 1 2 1 2 1 2 1 2
p028-b4-t9,organic,nonlinear_skip_only,3,7,1,1 2 1 2 1 4 2
p028-b5-t1,organic,nonlinear_backfill,8,27,2,2 1 3 1 2 5 1 2 1 2 1 2 1 2 4 5 6 7 6 5 7 9 1 6 5 6 1
p028-b5-t10,organic,nonlinear_backfill,5,9,1,2 3 1 3 1 2 3 4 6
p028-b5-t2,organic,nonlinear_skip_only,5,6,2,1 2 3 6 7 1
p028-b5-t3,organic,nonlinear_backfill,3,6,1,1 3 1 2 3 1
p028-b5-t4,organic,nonlinear_backfill,3,7,2,2 1 2 3 1 3 1
p028-b5-t5,organic,nonlinear_backfill,3,10,3,2 1 2 1 2 1 2 3 2 1
p028-b5-t6,organic,nonlinear_backfill,7,22,4,1 2 3 2 1 2 3 1 2 3 1 7 2 1 6 1 4 3 5 3 4 1
p028-b5-t7,organic,nonlinear_skip_only,7,10,1,1 2 3 2 3 4 5 6 8 2
p028-b5-t8,organic,nonlinear_skip_only,2,2,4,1 3
p028-b5-t9,organic,nonlinear_skip_only,4,5,1,1 2 4 9 2
p028-b6-t1,organic,nonlinear_backfill,5,30,2,2 3 1 2 3 4 1 2 3 2 1 2 3 5 3 4 5 4 3 4 3 2 4 3 5 1 2 1 2 1
p028-b6-t10,organic,nonlinear_backfill,6,15,4,1 2 1 2 1 2 1 2 1 2 3 4 6 5 4
p028-b6-t2,organic,strictly_linear,2,2,1,1 2
p028-b6-t3,organic,nonlinear_backfill,5,15,1,5 1 5 1 3 5 1 2 3 2 1 2 3 4 1
p028-b6-t4,organic,nonlinear_backfill,5,11,2,2 1 2 5 4 2 3 1 2 3 1
p028-b6-t5,organic,nonlinear_backfill,4,13,3,1 2 1 5 1 2 3 1 2 3 1 3 2
p028-b6-t6,organic,nonlinear_backfill,4,21,1,3 1 2 1 2 1 4 3 2 3 4 3 1 2 3 1 2 3 1 4 2
p028-b6-t7,organic,nonlinear_backfill,7,21,1,1 3 1 5 1 2 1 2 1 2 3 4 5 6 9 5 1 3 1 3 1
p028-b6-t8,organic,linear_regression,6,16,1,1 2 1 2 3 4 3 4 5 6 4 2 1 2 1 2
p028-b6-t9,organic,nonlinear_backfill,7,31,4,4 2 1 2 1 2 5 3 1 2 6 2 3 4 1 2 1 3 4 3 6 3 4 3 5 7 6 7 6 3 2
p029-b1-t10,organic,nonlinear_backfill,3,5,1,2 1 3 2 1
p029-b1-t2,organic,linear_regression,3,4,1,1 2 3 1
p029-b1-t3,organic,strictly_linear,4,4,2,1 2 3 4
p029-b1-t4,organic,linear_regression,3,4,2,1 2 3 2
p029-b1-t5,organic,strictly_linear,5,5,5,1 2 3 4 5
p029-b1-t6,organic,linear_regression,2,3,1,1 2 1
p029-b1-t7,organic,linear_regression,2,3,1,1 2 1
p029-b1-t8,organic,nonlinear_backfill,2,4,2,2 1 2 1
p029-b1-t9,organic,linear_regression,2,7,1,1 2 1 2 1 2 1
p029-b2-t1,organic,strictly_linear,4,4,4,1 2 3 4
p029-b2-t2,organic,nonlinear_skip_only,4,5,5,1 2 4 5 1
p029-b2-t3,organic,nonlinear_backfill,3,4,,2 1 2 3
p029-b2-t6,organic,linear_regression,3,4,3,1 2 3 1
p029-b2-t8,organic,strictly_linear,1,1,1,1
p029-b2-t9,organic,linear_regression,3,4,3,1 2 3 1
p029-b3-t1,organic,strictly_linear,2,2,1,1 2
p029-b3-t10,organic,nonlinear_skip_only,4,4,9,5 6 8 9
p029-b3-t2,organic,strictly_linear,2,2,,1 2
p029-b3-t3,organic,strictly_linear,1,1,1,1
p029-b3-t4,organic,strictly_linear,1,1,,1
p029-b3-t5,organic,nonlinear_backfill,7,13,9,5 4 1 7 9 7 9 8 9 6 7 9 6
p029-b3-t6,organic,strictly_linear,1,1,1,2
p029-b3-t7,organic,linear_regression,5,6,5,1 2 3 4 5 1
p029-b3-t9,organic,nonlinear_backfill,5,6,5,5 7 8 3 2 3
p029-b4-t1,organic,nonlinear_backfill,3,3,,3 4 2
p029-b4-t10,organic,strictly_linear,1,1,1,1
p029-b4-t2,organic,nonlinear_backfill,3,5,3,1 4 1 3 1
p029-b4-t3,organic,nonlinear_backfill,6,9,3,1 4 5 3 4 5 7 6 1
p029-b4-t4,organic,strictly_linear,1,1,,1
p029-b4-t5,organic,linear_regression,2,3,2,1 2 1
p029-b4-t6,organic,strictly_linear,1,1,,1
p029-b4-t7,organic,strictly_linear,1,1,1,1
p029-b4-t9,organic,linear_regression,2,5,1,1 2 1 2 1
p029-b5-t1,organic,linear_regression,2,3,2,1 2 1
p029-b5-t10,organic,nonlinear_backfill,3,3,5,3 5 2
p029-b5-t3,organic,linear_regression,3,4,1,1 2 3 1
p029-b5-t4,organic,nonlinear_backfill,5,6,4,2 1 3 4 5 4
p029-b5-t5,organic,nonlinear_backfill,4,7,2,2 1 2 3 2 6 1
p029-b5-t6,organic,nonlinear_skip_only,5,8,2,1 2 1 2 5 6 7 2
p029-b5-t7,organic,linear_regression,3,8,1,1 2 3 2 1 2 1 2
p029-b5-t9,organic,strictly_linear,1,1,1,1
p029-b6-t1,organic,strictly_linear,1,1,2,2
p029-b6-t10,organic,strictly_linear,1,1,6,1
p029-b6-t3,organic,nonlinear_skip_only,3,4,,1 2 1 6
p029-b6-t5,organic,nonlinear_backfill,4,4,6,1 3 2 6
p029-b6-t6,organic,nonlinear_backfill,4,4,5,1 7 6 5
p029-b6-t7,organic,nonlinear_skip_only,5,7,4,1 2 1 4 1 5 6
p029-b6-t8,organic,strictly_linear,1,1,,1
p029-b6-t9,organic,nonlinear_backfill,5,7,9,2 1 5 6 5 9 6
p030-b1-t1,organic,linear_regression,4,11,3,1 2 3 1 4 2 3 2 1 2 3
p030-b1-t10,organic,strictly_linear,1,1,1,1
p030-b1-t2,organic,linear_regression,2,7,1,1 2 1 2 1 2 1
p030-b1-t3,organic,linear_regression,2,3,1,1 2 1
p030-b1-t4,organic,strictly_linear,1,1,,1
p030-b1-t5,organic,nonlinear_backfill,2,5,3,3 2 3 2 3
p030-b1-t6,organic,linear_regression,2,3,1,1 2 1
p030-b1-t7,organic,linear_regression,3,6,2,1 2 3 2 1 2
p030-b1-t8,organic,nonlinear_backfill,8,18,1,1 3 1 4 5 6 7 8 5 6 5 4 5 4 2 3 2 1
p030-b1-t9,organic,strictly_linear,2,2,2,1 2
p030-b2-t1,organic,linear_regression,2,3,2,1 2 1
p030-b2-t10,organic,linear_regression,2,4,3,1 2 1 2
p030-b2-t2,organic,linear_regression,5,8,5,1 2 3 4 3 4 5 4
p030-b2-t3,organic,strictly_linear,1,1,1,1
p030-b2-t4,organic,strictly_linear,1,1,1,1
p030-b2-t5,organic,strictly_linear,3,3,3,1 2 3
p030-b2-t6,organic,strictly_linear,1,1,1,1
p030-b2-t7,organic,linear_regression,3,10,1,1 2 1 2 3 2 3 2 3 1
p030-b2-t8,organic,strictly_linear,1,1,1,1
p030-b2-t9,organic,linear_regression,2,3,2,1 2 1
p030-b3-t1,organic,strictly_linear,1,1,1,1
p030-b3-t10,organic,linear_regression,2,6,1,1 2 1 2 1 2
p030-b3-t2,organic,strictly_linear,1,1,1,1
p030-b3-t3,organic,strictly_linear,3,3,1,1 2 3
p030-b3-t4,organic,linear_regression,4,9,3,1 2 1 2 3 4 1 3 1
p030-b3-t5,organic,linear_regression,2,3,2,1 2 1
p030-b3-t6,organic,linear_regression,5,13,3,1 2 3 4 1 2 4 3 5 4 5 4 3
p030-b3-t7,organic,strictly_linear,2,2,,1 2
p030-b3-t8,organic,linear_regression,2,3,1,1 2 1
p030-b3-t9,organic,strictly_linear,3,3,3,1 2 3
p030-b4-t1,organic,strictly_linear,2,2,2,1 2
p030-b4-t10,organic,linear_regression,3,7,1,1 2 3 2 1 3 1
p030-b4-t2,organic,linear_regression,7,17,4,1 2 3 4 5 6 7 3 2 3 4 5 4 3 4 3 2
p030-b4-t3,organic,strictly_linear,2,2,3,1 2
p030-b4-t4,organic,linear_regression,2,3,1,1 2 1
p030-b4-t5,organic,linear_regression,3,10,2,1 2 1 2 1 2 3 2 3 1
p030-b4-t6,organic,linear_regression,2,3,2,1 2 1
p030-b4-t7,organic,nonlinear_backfill,3,4,1,1 3 2 1
p030-b4-t8,organic,linear_regression,2,7,2,1 2 1 2 1 2 1
p030-b4-t9,organic,linear_regression,2,4,2,1 2 1 2
p030-b5-t1,organic,strictly_linear,1,1,1,1
p030-b5-t10,organic,linear_regression,3,11,3,1 2 1 2 1 2 3 2 3 2 1
p030-b5-t2,organic,strictly_linear,1,1,1,1
p030-b5-t4,organic,strictly_linear,1,1,1,1
p030-b5-t6,organic,strictly_linear,1,1,1,1
p030-b5-t7,organic,strictly_linear,1,1,1,1
p030-b5-t8,organic,linear_regression,2,3,1,1 2 1
p030-b5-t9,organic,linear_regression,3,4,2,1 2 3 2
p030-b6-t1,organic,linear_regression,3,6,1,1 2 3 1 2 1
p030-b6-t10,organic,nonlinear_backfill,3,8,3,1 3 1 2 1 2 1 2
p030-b6-t2,organic,strictly_linear,1,1,1,1
p030-b6-t3,organic,linear_regression,7,17,1,1 2 3 4 2 1 5 6 7 6 5 6 5 4 3 2 1
p030-b6-t4,organic,strictly_linear,1,1,1,1
p030-b6-t5,organic,nonlinear_backfill,5,12,1,2 1 2 1 2 1 3 4 5 4 2 1
p030-b6-t6,organic,strictly_linear,1,1,,1
p030-b6-t7,organic,strictly_linear,1,1,1,1
p030-b6-t8,organic,strictly_linear,1,1,1,1
p030-b6-t9,organic,linear_regression,3,9,2,1 2 3 2 1 2 1 2 1
p031-b1-t1,organic,nonlinear_skip_only,5,6,1,1 3 5 7 8 1
p031-b1-t10,organic,linear_regression,5,7,5,1 2 3 4 3 4 5
p031-b1-t2,organic,nonlinear_skip_only,6,7,1,1 2 3 6 8 9 1
p031-b1-t3,organic,nonlinear_backfill,7,11,1,1 2 1 2 6 7 8 5 2 3 1
p031-b1-t4,organic,nonlinear_skip_only,3,3,1,1 3 4
p031-b1-t5,organic,linear_regression,6,7,1,1 2 3 4 5 6 1
p031-b1-t6,organic,nonlinear_backfill,7,18,3,1 2 3 5 6 8 6 3 2 4 3 5 3 1 2 1 3 1
p031-b1-t7,organic,nonlinear_backfill,5,6,1,1 3 4 9 1 2
p031-b1-t8,organic,nonlinear_skip_only,5,8,1,1 2 3 2 3 5 6 1
p031-b1-t9,organic,nonlinear_backfill,6,11,1,1 2 3 4 2 1 6 5 6 5 1
p031-b2-t1,organic,strictly_linear,2,2,1,2 3
p031-b2-t10,organic,strictly_linear,1,1,1,1
p031-b2-t2,organic,linear_regression,2,5,1,1 2 1 2 1
p031-b2-t3,organic,nonlinear_backfill,6,9,3,1 4 8 1 2 3 4 5 2
p031-b2-t4,organic,nonlinear_backfill,6,8,1,1 2 4 3 5 6 4 1
p031-b2-t5,organic,linear_regression,2,3,1,1 2 1
p031-b2-t6,organic,nonlinear_skip_only,2,3,2,1 4 1
p031-b2-t7,organic,nonlinear_skip_only,2,2,1,1 3
p031-b2-t8,organic,linear_regression,3,4,3,1 2 3 2
p031-b2-t9,organic,nonlinear_backfill,8,14,2,1 3 1 2 3 4 5 6 7 8 2 1 2 1
p031-b3-t1,organic,linear_regression,3,7,2,1 2 3 2 1 2 1
p031-b3-t10,organic,nonlinear_backfill,3,4,1,1 3 2 1
p031-b3-t2,organic,strictly_linear,1,1,1,1
p031-b3-t3,organic,linear_regression,5,6,1,1 2 3 4 5 1
p031-b3-t4,organic,linear_regression,5,13,4,1 2 3 2 1 4 1 2 3 4 5 3 2
p031-b3-t5,organic,strictly_linear,1,1,2,2
p031-b3-t6,organic,nonlinear_backfill,5,6,1,1 5 7 8 2 1
p031-b3-t7,organic,strictly_linear,1,1,2,1
p031-b3-t8,organic,nonlinear_backfill,5,5,1,2 3 4 5 1
p031-b3-t9,organic,nonlinear_skip_only,6,8,1,1 2 3 4 6 8 2 1
p031-b4-t1,organic,nonlinear_backfill,2,4,2,2 1 2 1
p031-b4-t10,organic,nonlinear_backfill,6,7,1,1 2 3 6 5 7 1
p031-b4-t2,organic,nonlinear_skip_only,4,5,6,1 2 1 5 6
p031-b4-t3,organic,nonlinear_backfill,7,8,7,1 2 3 4 5 7 6 7
p031-b4-t4,organic,nonlinear_skip_only,2,3,3,1 3 1
p031-b4-t6,organic,nonlinear_backfill,7,11,2,2 3 5 7 6 7 4 1 2 3 1
p031-b4-t7,organic,nonlinear_backfill,8,15,6,1 3 4 5 7 6 5 6 8 7 3 1 2 3 1
p031-b4-t8,organic,nonlinear_backfill,6,11,2,1 2 4 3 6 2 7 2 1 2 1
p031-b4-t9,organic,nonlinear_backfill,5,7,3,1 3 2 3 4 5 2
p031-b5-t1,organic,nonlinear_backfill,4,9,1,1 2 1 2 4 3 2 1 2
p031-b5-t10,organic,nonlinear_backfill,3,5,3,2 3 2 3 1
p031-b5-t2,organic,strictly_linear,1,1,1,1
p031-b5-t3,organic,nonlinear_skip_only,4,6,3,1 2 4 5 2 1
p031-b5-t4,organic,strictly_linear,1,1,1,1
p031-b5-t5,organic,strictly_linear,2,2,2,1 2
p031-b5-t6,organic,strictly_linear,1,1,,1
p031-b5-t7,organic,nonlinear_skip_only,4,6,1,1 2 4 5 2 1
p031-b5-t8,organic,strictly_linear,2,2,3,2 3
p031-b5-t9,organic,nonlinear_skip_only,3,5,1,1 2 1 2 4
p031-b6-t1,organic,linear_regression,8,15,1,1 2 3 1 2 4 5 6 7 6 7 8 7 8 1
p031-b6-t10,organic,nonlinear_backfill,5,6,1,1 4 3 5 6 1
p031-b6-t2,organic,linear_regression,4,7,2,1 2 3 4 3 1 2
p031-b6-t3,organic,nonlinear_backfill,6,8,1,1 4 3 4 5 6 7 1
p031-b6-t4,organic,linear_regression,6,8,5,1 2 3 4 5 6 5 1
p031-b6-t5,organic,nonlinear_skip_only,7,10,1,1 2 1 3 5 6 7 8 3 1
p031-b6-t6,organic,nonlinear_backfill,3,4,3,2 1 3 1
p031-b6-t7,organic,nonlinear_backfill,5,6,2,1 3 5 6 3 2
p031-b6-t8,organic,nonlinear_backfill,8,11,1,1 2 5 4 3 5 4 6 7 8 1
p031-b6-t9,organic,nonlinear_skip_only,6,9,1,1 2 1 2 3 5 6 7 1
p032-b1-t1,organic,strictly_linear,1,1,1,1
p032-b1-t2,organic,strictly_linear,1,1,1,1
p032-b1-t3,organic,linear_regression,2,3,,1 2 1
p032-b1-t4,organic,nonlinear_backfill,3,4,,3 1 4 3
p032-b1-t5,organic,strictly_linear,1,1,2,2
p032-b1-t6,organic,linear_regression,2,3,2,1 2 1
p032-b1-t7,organic,strictly_linear,2,2,1,1 2
p032-b1-t8,organic,strictly_linear,1,1,1,1
p032-b1-t9,organic,strictly_linear,3,3,3,1 2 3
p032-b2-t10,organic,linear_regression,2,3,1,1 2 1
p032-b2-t2,organic,linear_regression,2,5,1,1 2 1 2 1
p032-b2-t3,organic,linear_regression,3,8,1,1 2 3 1 2 3 2 1
p032-b2-t4,organic,strictly_linear,1,1,1,1
p032-b2-t5,organic,strictly_linear,1,1,1,1
p032-b2-t6,organic,linear_regression,2,3,1,1 2 1
p032-b2-t7,organic,strictly_linear,1,1,1,1
p032-b2-t9,organic,strictly_linear,1,1,1,1
p032-b3-t10,organic,strictly_linear,2,2,2,1 2
p032-b3-t2,organic,strictly_linear,1,1,2,2
p032-b3-t3,organic,strictly_linear,1,1,1,1
p032-b3-t4,organic,strictly_linear,1,1,1,1
p032-b3-t5,organic,linear_regression,2,5,1,1 2 1 2 1
p032-b3-t6,organic,strictly_linear,1,1,1,1
p032-b3-t8,organic,strictly_linear,2,2,2,1 2
p032-b3-t9,organic,strictly_linear,1,1,1,1
p032-b4-t10,organic,strictly_linear,1,1,,3
p032-b4-t2,organic,strictly_linear,1,1,1,1
p032-b4-t3,organic,strictly_linear,1,1,1,1
p032-b4-t4,organic,linear_regression,2,3,2,1 2 1
p032-b4-t5,organic,linear_regression,2,7,1,1 2 1 2 1 2 1
p032-b4-t6,organic,strictly_linear,2,2,2,1 2
p032-b4-t7,organic,linear_regression,2,3,1,1 2 1
p032-b4-t8,organic,nonlinear_skip_only,2,2,3,1 3
p032-b4-t9,organic,strictly_linear,1,1,1,1
p032-b5-t1,organic,strictly_linear,1,1,1,1
p032-b5-t10,organic,nonlinear_skip_only,3,4,1,1 2 4 1
p032-b5-t2,organic,strictly_linear,1,1,1,1
p032-b5-t3,organic,strictly_linear,1,1,1,1
p032-b5-t4,organic,nonlinear_backfill,2,2,1,2 1
p032-b5-t5,organic,nonlinear_backfill,3,4,1,1 5 4 5
p032-b5-t6,organic,strictly_linear,1,1,1,1
p032-b5-t7,organic,linear_regression,3,5,3,1 2 3 2 1
p032-b5-t8,organic,strictly_linear,1,1,1,1
p032-b5-t9,organic,linear_regression,2,3,1,1 2 1
p032-b6-t1,organic,nonlinear_skip_only,2,3,3,1 3 1
p032-b6-t10,organic,strictly_linear,1,1,1,1
p032-b6-t2,organic,linear_regression,2,3,2,1 2 1
p032-b6-t3,organic,strictly_linear,1,1,1,1
p032-b6-t5,organic,linear_regression,2,3,1,1 2 1
p032-b6-t6,organic,strictly_linear,1,1,1,1
p032-b6-t7,organic,strictly_linear,1,1,1,1
p033-b1-t2,organic,nonlinear_skip_only,4,5,,1 2 3 5 2
p033-b1-t3,organic,nonlinear_backfill,9,15,1,1 2 1 2 1 2 3 5 4 7 6 8 9 3 1
p033-b1-t4,organic,nonlinear_backfill,3,3,1,5 3 1
p033-b1-t5,organic,linear_regression,2,5,1,1 2 1 2 1
p033-b1-t7,organic,strictly_linear,4,4,,1 2 3 4
p033-b1-t8,organic,linear_regression,2,3,1,1 2 1
p033-b1-t9,organic,linear_regression,2,3,1,1 2 1
p033-b2-t1,organic,strictly_linear,1,1,1,1
p033-b2-t2,organic,strictly_linear,1,1,,1
p033-b2-t4,organic,nonlinear_skip_only,2,2,1,1 3
p033-b2-t5,organic,nonlinear_backfill,10,19,1,1 2 1 2 3 5 6 7 6 7 8 10 1 9 10 6 4 2 1
p033-b2-t6,organic,nonlinear_backfill,7,14,4,2 1 2 3 4 3 5 6 8 1 3 4 2 1
p033-b2-t7,organic,nonlinear_backfill,3,6,1,1 3 2 1 3 1
p033-b2-t8,organic,strictly_linear,1,1,1,1
p033-b2-t9,organic,linear_regression,2,3,1,1 2 1
p033-b3-t1,organic,strictly_linear,1,1,1,1
p033-b3-t2,organic,nonlinear_skip_only,2,2,,1 4
p033-b3-t3,organic,strictly_linear,1,1,,1
p033-b4-t1,organic,strictly_linear,1,1,1,1
p033-b4-t10,organic,nonlinear_skip_only,4,4,,1 2 5 7
p033-b4-t2,organic,nonlinear_backfill,4,4,3,1 2 4 3
p033-b4-t7,organic,nonlinear_skip_only,3,5,2,1 2 1 4 2
p033-b4-t9,organic,linear_regression,3,4,1,1 2 3 1
p033-b5-t1,organic,nonlinear_backfill,4,4,,3 7 4 2
p033-b5-t10,organic,strictly_linear,1,1,1,1
p033-b5-t2,organic,nonlinear_backfill,3,3,,2 3 1
p033-b5-t3,organic,nonlinear_backfill,2,2,,2 1
p033-b5-t4,organic,nonlinear_backfill,5,11,,1 3 2 1 2 3 4 5 4 5 1
p033-b5-t6,organic,nonlinear_backfill,6,9,,1 3 4 5 4 5 6 2 1
p033-b5-t7,organic,linear_regression,2,3,2,1 2 1
p033-b5-t8,organic,strictly_linear,1,1,,1
p033-b6-t10,organic,linear_regression,3,9,2,1 2 3 2 1 2 1 2 1
p033-b6-t3,organic,nonlinear_backfill,7,9,,2 3 1 2 4 5 2 8 6
p033-b6-t4,organic,nonlinear_skip_only,5,7,2,2 3 4 6 7 3 2
p033-b6-t6,organic,linear_regression,3,5,3,1 2 3 2 3
p033-b6-t7,organic,nonlinear_skip_only,5,9,1,1 2 3 4 6 3 4 2 1
p033-b6-t8,organic,nonlinear_backfill,2,2,,2 1
p034-b1-t1,organic,nonlinear_skip_only,2,2,3,1 3
p034-b1-t10,organic,nonlinear_backfill,6,13,2,1 2 1 2 1 2 1 7 8 6 2 3 2
p034-b1-t2,organic,nonlinear_backfill,7,19,3,1 3 2 1 3 1 3 2 3 4 5 8 7 5 4 2 3 2 1
p034-b1-t3,organic,linear_regression,5,8,3,1 2 3 4 5 4 3 1
p034-b1-t4,organic,nonlinear_backfill,6,10,1,1 2 5 3 4 3 4 5 6 1
p034-b1-t5,organic,nonlinear_backfill,7,25,1,1 2 1 2 1 4 3 2 1 4 5 4 8 9 4 2 1 2 1 2 1 2 1 2 1
p034-b1-t6,organic,nonlinear_backfill,7,20,1,1 2 1 2 1 2 3 2 1 5 6 8 7 3 2 1 2 1 2 1
p034-b1-t7,organic,linear_regression,3,5,1,1 2 1 2 3
p034-b1-t8,organic,linear_regression,6,16,5,1 2 1 2 1 3 4 2 3 1 3 4 5 6 5 2
p034-b1-t9,organic,nonlinear_backfill,7,15,6,1 2 5 4 3 6 7 1 2 1 3 4 5 6 7
p034-b2-t1,organic,linear_regression,2,4,2,1 2 1 2
p034-b2-t10,organic,linear_regression,4,22,1,1 2 1 2 1 3 4 2 1 2 1 2 3 1 2 3 1 4 2 4 2 1
p034-b2-t2,organic,nonlinear_backfill,8,16,7,1 3 2 3 2 3 2 1 4 5 7 8 7 9 7 4
p034-b2-t3,organic,strictly_linear,2,2,2,1 2
p034-b2-t4,organic,strictly_linear,1,1,1,1
p034-b2-t5,organic,linear_regression,4,9,1,1 2 1 2 3 4 3 2 1
p034-b2-t6,organic,nonlinear_backfill,9,24,,1 2 1 2 4 2 1 2 3 4 1 4 2 1 4 5 6 7 8 9 8 7 6 5
p034-b2-t7,organic,nonlinear_skip_only,3,5,,1 2 1 2 4
p034-b2-t8,organic,nonlinear_backfill,2,3,2,2 1 2
p034-b2-t9,organic,linear_regression,5,21,2,1 2 3 4 5 2 3 2 3 4 2 3 4 3 2 3 4 2 5 4 3
p034-b3-t1,organic,linear_regression,2,3,1,1 2 1
p034-b3-t10,organic,nonlinear_backfill,2,2,1,2 1
p034-b3-t2,organic,strictly_linear,1,1,1,1
p034-b3-t3,organic,nonlinear_skip_only,7,14,2,1 2 3 4 2 3 5 6 4 5 4 5 9 1
p034-b3-t4,organic,nonlinear_skip_only,7,12,1,1 2 3 2 4 3 4 5 8 9 5 1
p034-b3-t5,organic,nonlinear_backfill,7,16,1,1 2 3 2 3 1 3 1 2 1 2 5 7 6 4 1
p034-b3-t6,organic,nonlinear_backfill,3,6,2,1 3 2 3 2 1
p034-b3-t7,organic,nonlinear_backfill,7,23,1,3 2 6 5 4 5 4 5 3 5 1 3 1 2 3 5 6 7 5 3 1 2 1
p034-b3-t8,organic,linear_regression,2,7,1,1 2 1 2 1 2 1
p034-b3-t9,organic,strictly_linear,1,1,1,1
p034-b4-t1,organic,nonlinear_backfill,5,16,1,2 1 2 3 1 2 4 5 2 3 2 1 2 1 2 1
p034-b4-t10,organic,linear_regression,2,7,,1 2 1 2 1 2 1
p034-b4-t2,organic,strictly_linear,2,2,1,1 2
p034-b4-t3,organic,nonlinear_backfill,7,26,1,2 1 2 1 2 1 2 4 3 4 3 4 5 6 7 6 2 3 2 1 2 1 2 1 2 1
p034-b4-t4,organic,linear_regression,4,10,1,1 2 3 4 3 4 3 1 2 1
p034-b4-t5,organic,nonlinear_backfill,6,25,1,2 1 2 3 4 3 4 3 4 3 2 1 2 1 2 3 7 5 1 2 3 2 1 2 1
p034-b4-t6,organic,linear_regression,2,5,1,1 2 1 2 1
p034-b4-t7,organic,nonlinear_backfill,4,15,3,1 2 1 2 4 2 3 4 3 4 2 3 4 3 4
p034-b4-t8,organic,linear_regression,2,3,1,1 2 1
p034-b4-t9,organic,linear_regression,7,24,1,1 2 3 2 3 2 1 2 3 4 3 4 5 6 7 6 3 1 2 1 2 3 2 1
p034-b5-t1,organic,nonlinear_backfill,4,5,1,1 2 5 4 1
p034-b5-t10,organic,nonlinear_backfill,5,15,3,2 1 3 2 1 2 1 2 3 4 2 4 5 3 1
p034-b5-t2,organic,nonlinear_skip_only,7,22,1,1 2 3 2 3 4 5 6 8 6 3 2 1 2 1 2 1 3 2 3 2 1
p034-b5-t3,organic,linear_regression,3,6,3,2 3 4 3 4 3
p034-b5-t4,organic,nonlinear_backfill,3,3,4,2 5 4
p034-b5-t6,organic,nonlinear_backfill,4,6,2,1 3 1 2 3 4
p034-b5-t7,organic,nonlinear_backfill,3,3,1,3 1 2
p034-b5-t8,organic,strictly_linear,1,1,1,1
p034-b5-t9,organic,nonlinear_backfill,6,13,3,3 2 3 6 3 6 5 6 8 7 6 3 2
p034-b6-t1,organic,nonlinear_backfill,7,12,3,2 1 3 4 5 6 5 1 8 2 1 3
p034-b6-t10,organic,linear_regression,2,5,1,1 2 1 2 1
p034-b6-t2,organic,linear_regression,2,4,2,1 2 1 2
p034-b6-t3,organic,nonlinear_backfill,9,18,1,1 4 5 6 5 9 8 7 8 7 4 3 2 1 2 1 2 1
p034-b6-t4,organic,strictly_linear,1,1,1,1
p034-b6-t5,organic,linear_regression,2,3,,1 2 1
p034-b6-t6,organic,strictly_linear,1,1,2,2
p034-b6-t7,organic,strictly_linear,1,1,1,1
p034-b6-t8,organic,strictly_linear,1,1,1,1
p034-b6-t9,organic,linear_regression,2,3,,1 2 1
p035-b1-t1,organic,linear_regression,4,5,1,1 2 3 4 1
p035-b1-t10,organic,linear_regression,3,6,1,1 2 1 2 3 1
p035-b1-t2,organic,linear_regression,6,18,1,1 2 3 2 3 4 5 6 2 3 2 1 2 1 2 3 2 1
p035-b1-t3,organic,linear_regression,9,18,,1 2 1 2 3 4 5 6 7 8 9 8 9 7 6 7 3 6
p035-b1-t4,organic,linear_regression,5,7,4,1 2 3 4 3 2 5
p035-b1-t5,organic,linear_regression,8,32,6,1 2 3 4 5 6 7 6 5 6 7 8 6 5 4 5 7 6 4 1 3 4 3 1 2 4 5 2 7 6 1 7
p035-b1-t6,organic,linear_regression,7,14,1,1 2 1 2 3 4 3 4 5 6 7 1 2 1
p035-b1-t7,organic,strictly_linear,2,2,,1 2
p035-b1-t8,organic,nonlinear_skip_only,4,9,1,1 2 5 7 1 2 1 2 1
p035-b1-t9,organic,nonlinear_backfill,7,12,1,1 2 4 5 4 1 2 7 6 3 2 1
p035-b2-t1,organic,linear_regression,5,11,2,1 2 1 3 2 3 4 5 1 2 1
p035-b2-t10,organic,nonlinear_skip_only,5,12,3,1 2 3 5 6 3 2 3 2 1 2 1
p035-b2-t2,organic,strictly_linear,3,3,1,1 2 3
p035-b2-t3,organic,nonlinear_skip_only,6,11,1,1 2 3 5 6 7 6 2 1 2 1
p035-b2-t4,organic,nonlinear_backfill,6,8,1,1 2 4 6 7 4 1 3
p035-b2-t5,organic,nonlinear_backfill,6,14,1,1 2 3 1 3 2 1 2 1 5 8 3 4 1
p035-b2-t6,organic,linear_regression,6,22,3,1 2 3 1 2 3 4 3 4 3 4 2 3 2 3 1 3 2 4 5 6 2
p035-b2-t7,organic,linear_regression,2,5,1,1 2 1 2 1
p035-b2-t8,organic,linear_regression,2,4,2,1 2 1 2
p035-b2-t9,organic,linear_regression,5,24,1,1 2 1 2 1 3 2 1 2 1 2 1 2 3 2 3 4 5 4 1 2 3 2 1
p035-b3-t1,organic,nonlinear_backfill,6,8,3,1 3 4 7 8 2 3 2
p035-b3-t10,organic,nonlinear_skip_only,7,8,1,1 2 4 5 6 7 8 1
p035-b3-t2,organic,nonlinear_backfill,8,35,5,1 3 5 4 5 4 3 4 5 4 5 3 2 1 2 3 6 5 6 7 8 6 5 4 5 4 5 4 6 7 8 3 6 5 2
p035-b3-t3,organic,nonlinear_backfill,6,9,1,2 1 2 1 4 5 6 7 1
p035-b3-t4,organic,linear_regression,5,6,2,1 2 3 2 4 5
p035-b3-t5,organic,nonlinear_backfill,9,16,1,1 2 3 4 5 7 9 7 8 6 7 3 1 2 3 4
p035-b3-t6,organic,nonlinear_backfill,7,10,1,1 3 4 6 7 8 6 4 2 1
p035-b3-t8,organic,linear_regression,2,3,1,1 2 1
p035-b3-t9,organic,nonlinear_backfill,2,5,2,2 1 2 1 2
p035-b4-t1,organic,nonlinear_skip_only,4,7,1,1 2 1 4 1 4 5
p035-b4-t10,organic,nonlinear_skip_only,5,7,1,1 2 1 4 5 6 1
p035-b4-t2,organic,nonlinear_skip_only,5,15,1,1 2 3 4 6 1 2 1 2 4 6 3 4 2 1
p035-b4-t3,organic,nonlinear_backfill,3,3,2,1 3 2
p035-b4-t4,organic,nonlinear_skip_only,7,11,1,1 2 1 2 3 4 3 6 7 9 1
p035-b4-t5,organic,nonlinear_backfill,6,9,1,1 2 3 4 7 5 4 3 1
p035-b4-t6,organic,nonlinear_skip_only,5,10,1,1 2 1 2 3 7 8 2 1 2
p035-b4-t7,organic,nonlinear_backfill,5,9,1,1 3 7 9 3 2 1 2 1
p035-b4-t8,organic,nonlinear_backfill,6,10,3,1 6 2 3 4 3 4 5 2 1
p035-b4-t9,organic,linear_regression,4,8,2,1 2 1 2 3 1 2 4
p035-b5-t1,organic,nonlinear_backfill,7,9,,2 1 3 4 7 6 5 1 2
p035-b5-t10,organic,nonlinear_backfill,5,9,,1 2 1 2 4 8 7 2 1
p035-b5-t2,organic,nonlinear_backfill,3,6,1,2 1 2 1 2 3
p035-b5-t3,organic,nonlinear_backfill,7,12,1,1 2 3 4 1 3 6 7 4 7 5 1
p035-b5-t4,organic,nonlinear_backfill,6,9,1,1 2 4 5 4 6 1 2 3
p035-b5-t5,organic,nonlinear_skip_only,5,11,1,1 2 3 4 7 4 1 2 1 2 1
p035-b5-t6,organic,linear_regression,3,12,1,1 2 3 1 2 1 2 1 2 1 2 1
p035-b5-t7,organic,nonlinear_skip_only,3,4,1,1 2 4 1
p035-b5-t8,organic,linear_regression,10,14,1,1 2 1 3 4 5 6 7 8 9 10 1 2 1
p035-b6-t10,organic,nonlinear_backfill,7,18,1,1 2 3 2 3 4 5 1 7 6 1 2 3 4 5 1 2 1
p035-b6-t2,organic,nonlinear_backfill,6,13,1,1 2 1 4 1 2 1 2 3 4 5 7 1
p035-b6-t3,organic,nonlinear_backfill,6,11,1,3 2 4 6 7 3 1 2 1 2 1
p035-b6-t4,organic,linear_regression,4,13,3,1 2 1 3 2 4 2 3 2 1 2 1 2
p035-b6-t5,organic,linear_regression,6,10,,1 2 1 2 1 3 2 4 5 6
p035-b6-t6,organic,nonlinear_backfill,3,4,3,2 1 2 3
p035-b6-t7,organic,nonlinear_backfill,4,14,2,1 2 1 2 1 2 6 5 6 1 2 6 5 1
p035-b6-t8,organic,nonlinear_skip_only,2,3,1,1 3 1
p035-b6-t9,organic,linear_regression,3,7,1,1 2 1 2 1 3 1
p036-b1-t1,organic,linear_regression,2,3,1,1 2 1
p036-b1-t10,organic,linear_regression,2,3,,1 2 1
p036-b1-t2,organic,strictly_linear,4,4,,1 2 3 4
p036-b1-t3,organic,linear_regression,6,7,1,1 2 3 4 5 6 1
p036-b1-t4,organic,linear_regression,2,5,,1 2 1 2 1
p036-b1-t5,organic,nonlinear_backfill,3,4,,1 5 3 1
p036-b1-t6,organic,linear_regression,8,12,1,1 2 3 4 3 2 5 6 7 8 3 1
p036-b1-t7,organic,nonlinear_backfill,7,16,3,1 2 1 2 1 2 1 2 3 4 6 5 8 2 3 1
p036-b1-t8,organic,nonlinear_backfill,5,13,3,2 1 2 1 2 1 2 3 1 3 4 5 3
p036-b1-t9,organic,strictly_linear,1,1,1,1
p036-b2-t1,organic,strictly_linear,1,1,1,1
p036-b2-t10,organic,linear_regression,2,5,,1 2 1 2 1
p036-b2-t2,organic,linear_regression,2,3,1,1 2 1
p036-b2-t3,organic,nonlinear_skip_only,3,4,1,1 2 4 1
p036-b2-t4,organic,linear_regression,5,17,4,1 2 1 2 1 3 2 3 4 5 2 3 1 4 3 4 2
p036-b2-t5,organic,nonlinear_backfill,9,15,1,1 2 3 2 3 5 4 6 8 9 10 2 1 2 1
p036-b2-t6,organic,strictly_linear,1,1,1,1
p036-b2-t7,organic,strictly_linear,2,2,2,1 2
p036-b2-t8,organic,linear_regression,3,13,1,1 2 3 2 1 2 3 2 1 2 1 2 1
p036-b2-t9,organic,linear_regression,3,4,1,1 2 3 1
p036-b3-t1,organic,strictly_linear,2,2,2,1 2
p036-b3-t10,organic,linear_regression,4,14,1,1 2 1 2 1 2 1 2 1 2 3 4 3 1
p036-b3-t2,organic,linear_regression,2,4,2,1 2 1 2
p036-b3-t3,organic,linear_regression,2,4,,1 2 1 2
p036-b3-t4,organic,nonlinear_backfill,4,16,3,1 3 1 2 3 2 3 4 3 4 3 1 2 3 4 1
p036-b3-t5,organic,strictly_linear,2,2,1,1 2
p036-b3-t6,organic,nonlinear_backfill,4,8,1,5 1 2 3 2 1 2 1
p036-b3-t7,organic,strictly_linear,1,1,1,1
p036-b3-t8,organic,linear_regression,2,3,1,1 2 1
p036-b3-t9,organic,strictly_linear,1,1,,1
p036-b4-t10,organic,linear_regression,2,3,1,1 2 1
p036-b4-t2,organic,strictly_linear,1,1,1,1
p036-b4-t3,organic,strictly_linear,1,1,1,1
p036-b4-t4,organic,linear_regression,2,3,1,1 2 1
p036-b4-t5,organic,linear_regression,3,5,2,1 2 1 2 3
p036-b4-t6,organic,linear_regression,4,16,2,1 2 1 2 3 2 3 2 3 4 3 4 1 2 1 2
p036-b4-t7,organic,strictly_linear,1,1,1,1
p036-b4-t8,organic,strictly_linear,1,1,1,1
p036-b4-t9,organic,linear_regression,4,8,1,1 2 3 1 2 3 4 1
p036-b5-t1,organic,strictly_linear,1,1,1,1
p036-b5-t10,organic,nonlinear_skip_only,8,13,1,1 2 1 2 3 4 3 4 5 6 7 9 1
p036-b5-t2,organic,linear_regression,2,4,,1 2 1 2
p036-b5-t3,organic,strictly_linear,1,1,1,1
p036-b5-t4,organic,linear_regression,2,5,1,1 2 1 2 1
p036-b5-t6,organic,linear_regression,2,3,1,1 2 1
p036-b5-t7,organic,linear_regression,2,4,2,1 2 1 2
p036-b5-t8,organic,linear_regression,2,7,1,1 2 1 2 1 2 1
p036-b5-t9,organic,linear_regression,2,7,1,1 2 1 2 1 2 1
p036-b6-t1,organic,linear_regression,4,16,3,1 2 1 2 3 2 1 3 2 3 2 1 2 4 3 2
p036-b6-t10,organic,linear_regression,3,6,3,1 2 3 2 3 1
p036-b6-t2,organic,linear_regression,2,7,2,1 2 1 2 1 2 1
p036-b6-t4,organic,nonlinear_backfill,7,15,2,1 4 5 6 7 6 5 7 8 7 2 1 2 1 2
p036-b6-t5,organic,nonlinear_skip_only,4,6,,1 2 1 2 4 6
p036-b6-t6,organic,strictly_linear,1,1,1,1
p036-b6-t7,organic,strictly_linear,6,6,6,1 2 3 4 5 6
p036-b6-t8,organic,strictly_linear,2,2,,1 2
p036-b6-t9,organic,linear_regression,2,5,1,1 2 1 2 1
p037-b1-t10,organic,nonlinear_backfill,6,15,2,1 2 1 2 3 2 3 1 2 4 6 5 2 1 2
p037-b1-t2,organic,nonlinear_backfill,6,17,2,1 2 1 2 1 3 4 6 5 6 1 2 1 2 1 2 1
p037-b1-t3,organic,nonlinear_backfill,3,12,2,1 3 2 1 3 2 3 2 1 2 1 2
p037-b1-t4,organic,linear_regression,3,9,2,1 2 1 2 1 2 1 2 3
p037-b1-t6,organic,linear_regression,9,25,1,1 2 1 3 4 3 4 3 5 6 5 6 5 7 8 9 3 4 1 2 1 2 1 3 1
p037-b1-t7,organic,linear_regression,2,8,2,1 2 1 2 1 2 1 2
p037-b1-t8,organic,nonlinear_backfill,9,17,2,1 2 3 4 5 6 7 9 8 4 1 2 1 2 1 2 1
p037-b1-t9,organic,linear_regression,2,4,,1 2 1 2
p037-b2-t1,organic,nonlinear_skip_only,7,11,1,1 2 3 4 6 7 8 2 1 2 1
p037-b2-t10,organic,linear_regression,9,25,6,1 2 1 2 3 4 5 6 7 8 9 1 2 3 2 1 2 4 3 6 1 4 6 5 1
p037-b2-t2,organic,nonlinear_backfill,8,16,1,1 2 1 2 1 5 6 7 5 3 4 5 7 8 6 1
p037-b2-t3,organic,nonlinear_backfill,3,4,1,1 3 2 1
p037-b2-t4,organic,linear_regression,9,25,8,1 2 1 2 1 2 3 4 5 4 3 2 6 5 7 8 1 6 5 6 5 8 9 8 3
p037-b2-t5,organic,linear_regression,7,31,1,1 2 1 2 3 2 3 4 5 6 7 3 1 2 1 2 1 2 1 2 3 4 1 2 3 2 3 4 5 6 1
p037-b2-t6,organic,nonlinear_skip_only,7,14,1,1 2 4 5 2 1 4 6 5 7 8 1 2 1
p037-b2-t7,organic,nonlinear_skip_only,6,18,2,1 2 3 2 1 3 2 4 6 7 4 3 2 3 2 1 2 1
p037-b2-t8,organic,nonlinear_skip_only,6,10,1,1 2 1 2 3 4 6 7 6 1
p037-b2-t9,organic,linear_regression,3,6,2,1 2 3 2 1 3
p037-b3-t1,organic,nonlinear_backfill,5,6,,1 4 6 7 1 2
p037-b3-t10,organic,linear_regression,9,31,3,1 2 1 2 1 2 3 4 5 6 7 5 6 7 4 5 8 9 6 3 1 2 3 2 5 1 4 1 4 3 2
p037-b3-t2,organic,nonlinear_backfill,7,18,1,1 2 1 2 3 5 4 8 7 1 2 1 2 1 2 1 2 1
p037-b3-t3,organic,strictly_linear,1,1,1,1
p037-b3-t4,organic,nonlinear_backfill,2,3,2,2 1 2
p037-b3-t5,organic,nonlinear_backfill,5,15,5,1 2 1 2 1 2 4 2 3 4 5 4 5 4 2
p037-b3-t6,organic,linear_regression,7,15,1,1 2 3 4 5 6 7 4 1 2 1 2 1 2 1
p037-b3-t7,organic,nonlinear_backfill,8,9,7,1 2 3 2 4 6 7 8 5
p037-b3-t8,organic,linear_regression,8,11,1,1 2 3 2 4 5 6 7 8 4 1
p037-b3-t9,organic,nonlinear_backfill,5,7,,1 2 3 5 4 3 4
p037-b4-t1,organic,nonlinear_backfill,7,16,1,1 2 1 2 3 4 6 8 5 2 1 4 3 4 1 2
p037-b4-t10,organic,nonlinear_backfill,5,11,3,1 4 3 1 3 4 5 4 3 2 1
p037-b4-t2,organic,nonlinear_backfill,8,14,1,1 2 3 5 4 5 4 5 6 8 7 3 2 1
p037-b4-t3,organic,nonlinear_backfill,6,14,5,1 2 3 2 3 5 4 5 4 5 4 6 4 5
p037-b4-t4,organic,linear_regression,7,9,5,1 2 3 4 5 6 7 5 3
p037-b4-t5,organic,nonlinear_backfill,9,21,3,1 2 4 5 6 5 6 7 2 3 1 6 8 7 9 1 2 3 2 3 2
p037-b4-t6,organic,linear_regression,9,17,1,1 2 1 2 3 4 5 4 6 7 3 7 5 7 8 9 1
p037-b4-t7,organic,nonlinear_skip_only,7,12,1,1 2 3 4 5 6 9 1 2 3 4 1
p037-b4-t8,organic,nonlinear_backfill,9,17,1,1 2 1 2 3 4 5 6 7 9 8 6 4 3 2 1 2
p037-b4-t9,organic,nonlinear_backfill,8,20,1,1 2 5 4 6 7 8 7 4 3 2 1 2 1 2 1 2 1 2 1
p037-b5-t1,organic,nonlinear_backfill,4,4,4,1 5 4 2
p037-b5-t10,organic,nonlinear_backfill,7,35,2,1 2 4 3 2 3 2 3 5 4 5 6 7 6 5 4 5 4 2 3 2 3 2 1 3 2 1 2 3 5 3 4 5 2 1
p037-b5-t2,organic,nonlinear_backfill,8,15,1,1 2 1 2 4 3 5 6 5 4 7 6 8 6 1
p037-b5-t3,organic,nonlinear_backfill,8,19,2,1 2 1 3 4 6 5 6 7 5 6 7 8 5 2 1 2 1 2
p037-b5-t4,organic,nonlinear_backfill,4,7,1,2 1 3 4 2 3 1
p037-b5-t5,organic,nonlinear_skip_only,7,10,7,1 2 1 2 3 4 7 8 7 9
p037-b5-t6,organic,linear_regression,9,18,3,1 2 3 2 3 4 5 6 7 6 7 8 9 4 2 1 2 3
p037-b5-t7,organic,nonlinear_backfill,10,25,1,1 2 3 2 3 5 4 1 2 3 4 5 6 5 6 7 8 7 9 10 2 1 2 3 1
p037-b5-t8,organic,nonlinear_backfill,9,17,2,1 2 3 5 6 7 9 8 9 5 3 4 5 1 2 1 2
p037-b5-t9,organic,nonlinear_backfill,6,16,4,3 1 2 3 4 5 4 3 5 4 5 6 4 3 1 2
p037-b6-t1,organic,linear_regression,5,6,1,1 2 3 4 5 1
p037-b6-t10,organic,nonlinear_backfill,8,19,1,1 2 3 4 5 4 1 5 9 6 3 1 2 3 4 5 7 6 1
p037-b6-t2,organic,nonlinear_backfill,8,28,2,1 2 3 6 5 4 7 6 9 5 7 6 5 6 4 3 2 1 4 3 4 6 1 6 5 4 3 2
p037-b6-t3,organic,nonlinear_backfill,6,8,1,1 3 4 5 6 4 2 1
p037-b6-t4,organic,nonlinear_skip_only,4,9,2,1 2 3 6 2 3 2 1 2
p037-b6-t5,organic,nonlinear_backfill,9,20,4,1 2 5 4 5 6 9 8 7 8 9 3 1 2 3 4 3 4 5 4
p037-b6-t6,organic,linear_regression,8,13,5,1 2 3 2 3 2 3 4 5 6 7 8 5
p037-b6-t7,organic,linear_regression,2,4,2,1 2 1 2
p037-b6-t8,organic,nonlinear_skip_only,6,7,7,1 2 3 4 5 7 3
p037-b6-t9,organic,linear_regression,8,22,3,1 2 1 2 3 4 3 2 4 3 2 3 4 3 2 3 5 3 6 7 8 2
p038-b1-t1,organic,strictly_linear,1,1,1,1
p038-b1-t10,organic,linear_regression,5,6,3,1 2 3 4 5 3
p038-b1-t2,organic,linear_regression,2,3,1,1 2 1
p038-b1-t3,organic,nonlinear_skip_only,4,9,3,1 3 4 5 3 5 3 1 3
p038-b1-t4,organic,nonlinear_backfill,5,14,2,3 2 1 2 1 2 3 2 5 8 3 2 3 2
p038-b1-t5,organic,nonlinear_backfill,5,8,2,1 3 4 5 2 1 2 1
p038-b1-t6,organic,nonlinear_skip_only,5,8,3,1 2 3 4 3 6 2 3
p038-b1-t7,organic,linear_regression,4,5,1,1 2 3 4 1
p038-b1-t8,organic,linear_regression,8,11,1,1 2 1 2 3 4 5 6 7 8 1
p038-b1-t9,organic,nonlinear_backfill,6,10,1,1 2 1 4 3 4 5 6 2 1
p038-b2-t1,organic,strictly_linear,1,1,1,1
p038-b2-t10,organic,linear_regression,2,5,2,1 2 1 2 1
p038-b2-t2,organic,nonlinear_skip_only,5,9,5,1 2 4 5 4 6 5 4 1
p038-b2-t3,organic,strictly_linear,1,1,1,1
p038-b2-t4,organic,nonlinear_backfill,7,11,1,1 2 3 5 3 4 2 6 7 6 1
p038-b2-t5,organic,linear_regression,2,3,1,1 2 1
p038-b2-t6,organic,nonlinear_backfill,6,9,7,1 5 6 5 8 6 7 6 3
p038-b2-t8,organic,linear_regression,5,7,1,1 2 3 4 5 2 1
p038-b3-t1,organic,linear_regression,3,6,3,1 2 3 1 2 1
p038-b3-t2,organic,linear_regression,6,7,1,1 2 3 4 5 6 1
p038-b3-t3,organic,nonlinear_backfill,5,9,3,2 4 3 2 4 7 9 4 3
p038-b3-t4,organic,nonlinear_backfill,7,9,1,1 3 5 6 7 6 8 2 1
p038-b3-t5,organic,nonlinear_backfill,7,13,1,1 2 5 7 2 1 2 3 4 3 4 6 1
p038-b3-t6,organic,strictly_linear,1,1,,1
p038-b3-t7,organic,nonlinear_backfill,3,4,2,2 3 2 1
p038-b3-t8,organic,linear_regression,3,4,1,1 2 3 1
p038-b4-t1,organic,strictly_linear,1,1,,1
p038-b4-t10,organic,strictly_linear,1,1,,1
p038-b4-t3,organic,nonlinear_backfill,8,16,6,1 2 3 6 7 8 6 5 4 5 2 3 5 6 5 3
p038-b4-t5,organic,nonlinear_backfill,7,8,5,1 2 3 6 7 8 7 5
p038-b4-t6,organic,nonlinear_backfill,3,4,3,2 1 2 3
p038-b4-t7,organic,nonlinear_backfill,5,6,3,1 3 4 7 3 2
p038-b4-t9,organic,nonlinear_skip_only,5,7,,1 2 3 5 7 3 1
p038-b5-t1,organic,nonlinear_skip_only,2,3,1,1 3 1
p038-b5-t2,organic,linear_regression,5,12,2,1 2 3 4 2 3 4 5 4 2 3 1
p038-b5-t3,organic,nonlinear_skip_only,3,4,3,1 2 4 1
p038-b5-t4,organic,strictly_linear,1,1,,1
p038-b5-t7,organic,nonlinear_skip_only,6,10,2,1 2 4 2 4 5 7 8 1 2
p038-b5-t8,organic,linear_regression,4,6,2,1 2 3 4 2 1
p038-b5-t9,organic,nonlinear_backfill,8,13,1,1 2 4 5 6 7 9 8 9 5 4 2 1
p038-b6-t1,organic,linear_regression,2,3,1,1 2 1
p038-b6-t10,organic,strictly_linear,1,1,2,2
p038-b6-t2,organic,linear_regression,3,4,1,1 2 3 1
p038-b6-t3,organic,linear_regression,2,3,1,1 2 1
p038-b6-t4,organic,nonlinear_skip_only,2,2,3,1 3
p038-b6-t5,organic,strictly_linear,1,1,1,1
p038-b6-t8,organic,strictly_linear,1,1,4,4
p038-b6-t9,organic,nonlinear_skip_only,4,7,4,1 2 4 5 4 2 4
p039-b1-t10,organic,linear_regression,3,12,2,1 2 1 2 3 2 1 2 3 2 1 2
p039-b1-t2,organic,linear_regression,8,17,1,1 2 3 4 3 4 5 6 7 8 6 2 1 2 3 2 1
p039-b1-t3,organic,nonlinear_backfill,8,16,,1 3 2 3 4 5 4 6 7 8 1 2 3 4 5 1
p039-b1-t4,organic,linear_regression,8,14,1,1 2 1 2 3 4 5 4 5 6 7 8 4 1
p039-b1-t5,organic,nonlinear_backfill,8,10,,1 2 3 4 3 5 8 9 7 2
p039-b1-t6,organic,linear_regression,7,12,,1 2 3 2 1 3 4 5 6 7 4 1
p039-b1-t7,organic,nonlinear_skip_only,7,26,1,1 2 1 2 3 2 1 4 3 5 7 8 5 4 3 1 2 1 2 1 2 3 4 1 2 1
p039-b1-t8,organic,linear_regression,5,13,,1 2 1 3 4 5 3 4 5 4 1 3 1
p039-b2-t1,organic,nonlinear_backfill,7,18,,1 2 1 2 3 1 3 2 1 2 6 4 5 6 7 3 2 1
p039-b2-t2,organic,nonlinear_skip_only,7,24,2,1 2 1 3 2 3 2 3 4 5 7 8 2 1 2 3 2 3 2 1 2 3 2 1
p039-b2-t3,organic,nonlinear_skip_only,5,7,,1 2 1 2 3 4 6
p039-b2-t4,organic,nonlinear_backfill,3,22,3,1 3 2 1 2 3 2 3 2 1 2 3 2 1 2 1 2 1 2 3 2 1
p039-b2-t7,organic,linear_regression,5,16,1,1 2 1 2 3 1 3 2 3 4 5 4 1 4 5 1
p039-b2-t8,organic,nonlinear_skip_only,2,3,,1 3 1
p039-b2-t9,organic,strictly_linear,1,1,,1
p039-b3-t1,organic,nonlinear_backfill,6,19,4,1 3 2 1 2 1 2 3 4 3 4 1 2 5 4 5 6 4 2
p039-b3-t2,organic,nonlinear_backfill,7,15,,1 2 1 2 1 2 4 3 5 7 9 1 2 1 2
p039-b3-t3,organic,nonlinear_backfill,7,16,3,1 2 3 4 2 3 2 3 4 5 7 6 7 3 2 3
p039-b3-t4,organic,nonlinear_backfill,9,31,2,1 2 1 2 1 2 1 2 1 2 3 4 3 6 5 4 5 7 8 9 5 4 2 1 2 1 2 1 2 1 2
p039-b3-t5,organic,linear_regression,8,19,,1 2 1 2 3 2 1 2 1 2 3 4 5 6 7 8 7 6 2
p039-b3-t7,organic,nonlinear_backfill,6,12,2,1 2 1 2 1 2 4 3 4 5 7 2
p039-b3-t8,organic,linear_regression,8,37,6,1 2 3 4 5 6 7 6 4 3 5 6 7 8 5 3 4 5 6 7 6 4 5 6 5 4 3 2 1 5 4 6 7 5 6 3 1
p039-b3-t9,organic,nonlinear_skip_only,5,12,1,1 2 1 2 3 2 3 5 6 5 3 1
p039-b4-t1,organic,strictly_linear,3,3,,1 2 3
p039-b4-t10,organic,nonlinear_skip_only,5,10,1,1 3 4 5 6 5 6 5 3 1
p039-b4-t4,organic,nonlinear_backfill,9,29,3,2 1 3 4 3 4 5 6 5 6 7 6 7 8 9 5 4 5 6 1 3 6 4 3 4 3 4 5 3
p039-b4-t5,organic,nonlinear_backfill,6,6,,1 2 3 5 4 7
p039-b5-t10,organic,linear_regression,3,21,3,1 2 3 2 3 2 1 3 2 1 2 3 1 3 1 3 1 3 2 1 3
p039-b5-t3,organic,linear_regression,8,14,2,1 2 1 2 3 4 5 6 7 8 7 8 2 1
p039-b5-t4,organic,linear_regression,8,15,,1 2 3 2 3 4 5 6 7 8 7 5 6 7 2
p039-b5-t5,organic,nonlinear_skip_only,6,19,2,1 2 1 2 1 2 3 5 6 7 2 1 2 1 2 1 2 1 2
p039-b5-t7,organic,nonlinear_skip_only,2,3,1,1 4 1
p039-b5-t8,organic,nonlinear_backfill,7,18,1,1 2 1 2 1 2 3 4 3 1 3 6 8 6 7 8 2 1
p039-b5-t9,organic,nonlinear_skip_only,6,15,2,1 2 3 2 3 4 5 7 5 4 3 1 2 3 2
p039-b6-t10,organic,linear_regression,8,18,1,1 2 1 2 3 4 5 6 5 6 7 6 7 8 5 4 3 1
p039-b6-t3,organic,nonlinear_skip_only,5,18,2,1 2 3 1 2 1 2 3 2 1 2 3 1 5 6 1 2 1
p039-b6-t4,organic,linear_regression,6,22,3,1 2 3 1 2 4 3 4 5 6 5 3 2 3 5 3 5 6 5 2 1 3
p039-b6-t5,organic,nonlinear_skip_only,5,12,,1 2 1 2 1 2 3 5 6 5 3 2
p039-b6-t7,organic,linear_regression,7,33,2,1 2 3 4 3 2 3 4 3 4 5 6 7 6 5 4 3 2 1 2 3 5 6 7 1 2 1 2 3 4 5 2 1
p039-b6-t8,organic,linear_regression,4,20,1,1 2 3 1 2 1 2 1 2 3 2 3 1 3 4 1 4 1 2 1
p039-b6-t9,organic,linear_regression,8,33,2,1 2 3 4 3 4 5 6 7 8 5 3 1 2 1 2 1 2 1 2 3 4 5 6 7 8 7 1 2 1 2 1 2
p040-b1-t1,organic,nonlinear_skip_only,8,14,4,1 2 3 4 5 6 7 9 6 5 4 3 2 5
p040-b1-t10,organic,nonlinear_backfill,9,14,1,1 2 3 4 5 6 7 9 8 4 3 1 2 1
p040-b1-t2,organic,linear_regression,8,12,7,1 2 3 2 3 4 5 6 7 8 7 4
p040-b1-t3,organic,strictly_linear,1,1,1,1
p040-b1-t4,organic,linear_regression,2,3,1,1 2 1
p040-b1-t5,organic,linear_regression,4,10,2,1 2 1 2 3 2 4 3 2 1
p040-b1-t6,organic,linear_regression,8,13,1,1 2 1 2 3 4 5 6 7 8 5 4 1
p040-b1-t7,organic,linear_regression,9,16,9,1 2 1 2 1 3 4 5 6 7 8 9 8 9 4 5
p040-b1-t8,organic,linear_regression,4,7,3,1 2 3 2 3 2 4
p040-b1-t9,organic,nonlinear_backfill,6,21,4,1 2 3 2 3 2 5 4 2 3 1 5 8 4 5 3 5 4 5 3 4
p040-b2-t1,organic,strictly_linear,1,1,1,1
p040-b2-t10,organic,linear_regression,6,11,1,1 2 1 2 3 4 5 6 1 2 1
p040-b2-t2,organic,nonlinear_backfill,9,26,4,2 1 2 1 2 1 2 3 2 3 4 3 4 5 6 7 8 9 5 2 3 1 2 3 2 4
p040-b2-t3,organic,linear_regression,2,9,2,1 2 1 2 1 2 1 2 1
p040-b2-t4,organic,nonlinear_backfill,7,16,1,1 2 1 4 2 1 3 4 5 4 6 7 5 1 2 1
p040-b2-t5,organic,nonlinear_backfill,5,15,4,2 1 3 4 1 2 1 3 4 3 4 3 4 3 5
p040-b2-t6,organic,linear_regression,5,18,2,1 2 1 2 1 2 1 2 1 3 4 5 4 2 1 2 1 2
p040-b2-t7,organic,nonlinear_backfill,6,30,1,1 4 1 3 1 4 3 2 3 4 5 4 2 1 3 2 3 2 5 6 5 2 4 3 1 3 2 3 2 1
p040-b2-t8,organic,linear_regression,6,9,2,1 2 3 4 5 6 4 3 2
p040-b2-t9,organic,nonlinear_skip_only,3,3,2,1 2 5
p040-b3-t1,organic,linear_regression,4,8,1,1 2 1 2 3 4 3 1
p040-b3-t10,organic,linear_regression,7,26,1,1 2 3 2 1 2 3 2 3 4 3 4 5 6 7 5 6 5 6 4 2 1 2 3 2 1
p040-b3-t2,organic,nonlinear_backfill,5,8,,1 2 3 6 5 6 3 1
p040-b3-t3,organic,nonlinear_backfill,8,16,2,1 4 5 6 8 7 4 1 2 1 2 1 2 3 2 1
p040-b3-t4,organic,linear_regression,8,20,4,1 2 1 2 1 2 1 3 2 3 4 5 4 5 6 7 8 6 4 2
p040-b3-t5,organic,nonlinear_backfill,9,23,1,1 2 3 2 3 4 5 7 6 7 8 7 8 9 8 7 5 3 4 3 1 2 1
p040-b3-t6,organic,linear_regression,8,22,4,1 2 3 4 5 4 5 6 7 8 7 5 6 5 6 5 4 3 4 3 2 3
p040-b3-t7,organic,nonlinear_backfill,5,6,,1 3 4 6 2 1
p040-b3-t8,organic,linear_regression,2,3,1,1 2 1
p040-b3-t9,organic,linear_regression,7,11,1,1 2 3 4 5 6 7 5 1 2 1
p040-b4-t1,organic,strictly_linear,2,2,2,1 2
p040-b4-t10,organic,nonlinear_backfill,9,27,1,1 2 1 2 1 2 1 2 3 5 4 5 6 7 9 8 9 8 9 8 6 7 6 4 1 2 1
p040-b4-t2,organic,nonlinear_backfill,9,19,7,1 2 3 4 5 6 8 7 8 9 7 8 7 8 9 8 7 6 7
p040-b4-t3,organic,linear_regression,8,17,2,1 2 1 2 1 2 3 4 5 6 7 8 2 1 2 1 2
p040-b4-t4,organic,linear_regression,6,21,2,1 2 1 2 3 4 5 6 5 6 2 1 2 1 2 1 2 3 2 3 2
p040-b4-t5,organic,nonlinear_backfill,7,10,,2 1 2 3 4 3 5 7 6 7
p040-b4-t6,organic,linear_regression,6,19,1,1 2 3 2 4 3 4 3 4 5 4 6 5 6 1 2 1 2 1
p040-b4-t7,organic,linear_regression,8,18,3,1 2 3 4 5 6 7 6 7 8 2 1 2 1 3 5 4 3
p040-b4-t8,organic,linear_regression,3,7,2,1 2 3 2 3 2 1
p040-b4-t9,organic,linear_regression,8,14,1,1 2 3 4 5 6 7 6 7 8 5 1 2 1
p040-b5-t1,organic,linear_regression,8,12,1,1 2 3 4 5 6 7 8 4 3 4 1
p040-b5-t10,organic,linear_regression,8,10,,1 2 1 3 4 5 6 7 8 2
p040-b5-t2,organic,strictly_linear,3,3,3,1 2 3
p040-b5-t3,organic,nonlinear_skip_only,7,15,1,1 2 3 2 3 5 6 5 6 7 8 2 1 2 1
p040-b5-t4,organic,nonlinear_backfill,6,8,7,1 2 3 6 7 6 5 7
p040-b5-t5,organic,linear_regression,8,20,5,1 2 1 2 3 2 3 4 3 4 3 5 6 4 5 7 8 3 4 3
p040-b5-t6,organic,nonlinear_backfill,8,17,1,1 2 1 2 3 5 6 8 9 5 3 4 3 4 3 1 3
p040-b5-t7,organic,linear_regression,7,13,1,1 2 1 3 4 5 6 7 6 4 3 1 2
p040-b5-t8,organic,linear_regression,2,3,1,1 2 1
p040-b5-t9,organic,nonlinear_backfill,9,20,5,1 3 1 4 5 4 5 6 1 2 4 5 6 7 8 9 8 5 4 2
p040-b6-t1,organic,nonlinear_backfill,6,15,1,1 2 5 6 2 1 2 6 3 2 6 8 1 2 1
p040-b6-t10,organic,linear_regression,7,13,1,1 2 3 4 5 6 7 4 3 4 3 2 1
p040-b6-t2,organic,strictly_linear,5,5,5,1 2 3 4 5
p040-b6-t3,organic,nonlinear_backfill,8,17,,2 1 2 3 4 2 5 3 5 4 5 4 3 6 7 8 6
p040-b6-t4,organic,linear_regression,7,13,1,1 2 3 4 5 4 6 5 6 7 1 2 1
p040-b6-t5,organic,linear_regression,9,14,,1 2 3 4 5 6 7 6 7 8 9 2 3 1
p040-b6-t6,organic,linear_regression,9,14,4,1 2 3 4 5 4 5 4 5 6 7 8 9 4
p040-b6-t7,organic,linear_regression,4,6,4,1 2 3 4 1 2
p040-b6-t8,organic,nonlinear_skip_only,6,7,1,1 2 4 5 6 9 1
p040-b6-t9,organic,nonlinear_backfill,7,8,6,1 3 4 5 6 2 6 7
p041-b1-t1,organic,strictly_linear,1,1,1,1
p041-b1-t5,organic,nonlinear_backfill,6,12,8,3 8 6 7 8 3 2 3 7 6 9 6
p041-b1-t6,organic,nonlinear_backfill,8,12,1,5 4 3 4 7 8 7 9 8 2 3 1
p041-b1-t8,organic,strictly_linear,1,1,,2
p041-b2-t10,organic,nonlinear_backfill,3,4,,1 3 1 2
p041-b2-t2,organic,nonlinear_backfill,7,10,6,1 4 3 6 5 7 6 7 6 2
p041-b2-t4,organic,nonlinear_backfill,3,13,2,1 3 2 1 3 1 3 2 1 2 1 2 1
p041-b2-t5,organic,strictly_linear,3,3,,1 2 3
p041-b2-t6,organic,linear_regression,2,21,1,1 2 1 2 1 2 1 2 1 2 1 2 1 2 1 2 1 2 1 2 1
p041-b2-t7,organic,nonlinear_backfill,4,6,8,1 5 8 7 8 7
p041-b2-t8,organic,strictly_linear,1,1,,1
p041-b2-t9,organic,nonlinear_backfill,5,7,1,2 3 4 5 1 2 1
p041-b3-t1,organic,nonlinear_backfill,3,4,1,1 4 2 1
p041-b3-t2,organic,strictly_linear,1,1,1,1
p041-b3-t3,organic,nonlinear_backfill,3,7,2,1 3 2 3 1 2 3
p041-b3-t5,organic,linear_regression,3,7,1,2 3 2 3 2 4 3
p041-b3-t6,organic,strictly_linear,1,1,,2
p041-b3-t7,organic,nonlinear_backfill,8,13,,3 2 3 1 5 4 6 8 7 8 3 2 1
p041-b3-t8,organic,nonlinear_backfill,4,12,1,2 1 2 1 2 1 3 4 3 2 1 2
p041-b4-t2,organic,nonlinear_backfill,6,8,8,1 3 4 3 2 3 7 8
p041-b4-t3,organic,strictly_linear,1,1,,6
p041-b4-t5,organic,strictly_linear,1,1,1,1
p041-b4-t6,organic,nonlinear_skip_only,3,4,1,2 6 2 9
p041-b4-t8,organic,nonlinear_skip_only,2,2,1,2 4
p041-b5-t1,organic,strictly_linear,2,2,,1 2
p041-b5-t4,organic,nonlinear_backfill,5,9,,1 2 5 4 2 3 2 4 2
p041-b5-t5,organic,linear_regression,4,15,3,1 2 3 2 3 4 2 3 4 2 4 3 4 3 2
p041-b5-t6,organic,nonlinear_backfill,6,12,6,2 1 4 5 4 5 7 5 6 5 1 5
p041-b5-t7,organic,strictly_linear,2,2,,1 2
p041-b5-t9,organic,strictly_linear,2,2,,2 3
p041-b6-t1,organic,nonlinear_skip_only,3,5,1,1 3 1 4 1
p041-b6-t10,organic,nonlinear_backfill,4,13,3,1 3 1 4 1 2 3 2 3 2 3 4 2
p041-b6-t2,organic,nonlinear_backfill,7,17,,1 2 1 2 1 2 1 2 1 3 2 1 6 5 4 6 7
p041-b6-t3,organic,nonlinear_backfill,7,14,4,1 2 3 5 4 7 5 4 6 5 6 5 4 1
p041-b6-t4,organic,nonlinear_backfill,4,15,2,2 1 3 4 2 1 3 2 1 2 1 2 1 3 4
p041-b6-t6,organic,strictly_linear,1,1,1,1
p041-b6-t8,organic,nonlinear_backfill,8,30,5,1 4 1 8 6 5 7 2 4 6 5 1 8 3 1 5 3 4 3 4 3 2 3 4 7 3 4 5 6 2
p041-b6-t9,organic,nonlinear_backfill,4,11,2,1 2 1 4 2 1 3 1 2 3 1
p042-b1-t1,organic,nonlinear_backfill,7,11,,2 3 4 5 6 7 1 2 1 2 3
p042-b1-t10,organic,nonlinear_backfill,6,17,,1 3 2 3 4 1 2 1 3 7 8 3 1 3 2 3 1
p042-b1-t2,organic,linear_regression,3,8,2,1 2 1 2 3 2 3 2
p042-b1-t3,organic,nonlinear_backfill,7,31,1,1 3 4 3 4 5 6 7 6 7 5 2 3 2 6 5 6 5 6 5 6 7 6 7 2 1 2 1 2 4 1
p042-b1-t4,organic,linear_regression,8,10,1,1 2 3 4 5 6 7 8 2 1
p042-b1-t5,organic,linear_regression,6,15,1,1 2 1 2 1 2 1 2 3 4 5 6 1 2 1
p042-b1-t6,organic,linear_regression,2,15,1,1 2 1 2 1 2 1 2 1 2 1 2 1 2 1
p042-b1-t7,organic,linear_regression,5,16,,1 2 3 4 5 4 5 3 2 1 3 2 3 1 2 1
p042-b1-t8,organic,nonlinear_backfill,3,5,2,2 1 2 3 2
p042-b1-t9,organic,linear_regression,5,17,2,1 2 3 4 5 4 5 1 2 3 2 1 2 1 2 1 2
p042-b2-t1,organic,nonlinear_backfill,7,14,,1 2 1 2 3 5 4 6 4 5 6 7 6 2
p042-b2-t10,organic,linear_regression,8,17,7,1 2 3 4 5 6 7 6 7 8 7 8 7 6 3 1 2
p042-b2-t2,organic,nonlinear_backfill,8,23,1,1 2 3 4 6 5 4 5 6 7 8 7 6 7 6 5 6 8 5 4 3 2 1
p042-b2-t3,organic,linear_regression,9,20,3,1 2 3 2 4 5 6 7 8 9 7 4 3 4 3 2 3 1 2 3
p042-b2-t4,organic,nonlinear_backfill,7,16,2,1 4 3 2 3 4 2 5 6 7 6 7 4 3 1 2
p042-b2-t5,organic,nonlinear_backfill,7,8,1,1 2 3 6 5 4 7 1
p042-b2-t6,organic,linear_regression,7,35,1,1 2 3 4 2 1 4 5 6 7 6 3 1 2 1 3 2 3 4 5 3 4 3 2 1 3 4 1 2 1 2 1 2 1 3
p042-b2-t7,organic,nonlinear_backfill,7,20,7,1 4 3 5 7 6 7 6 7 6 8 6 5 7 8 7 3 4 5 3
p042-b2-t8,organic,linear_regression,8,20,1,1 2 1 3 2 3 2 3 4 5 6 7 8 7 6 7 8 1 2 1
p042-b2-t9,organic,linear_regression,4,17,3,1 2 1 2 3 4 1 4 3 1 2 3 4 3 4 3 2
p042-b3-t1,organic,nonlinear_skip_only,7,10,1,1 2 3 5 6 5 7 8 5 1
p042-b3-t10,organic,nonlinear_backfill,5,10,3,1 3 2 3 4 5 2 3 1 3
p042-b3-t2,organic,linear_regression,5,19,2,1 2 1 3 4 3 4 3 4 5 3 2 1 3 2 1 2 3 1
p042-b3-t3,organic,linear_regression,3,6,3,1 2 3 2 1 3
p042-b3-t4,organic,nonlinear_backfill,8,22,4,1 2 3 4 3 5 6 5 6 8 7 8 7 8 3 4 3 4 3 4 3 2
p042-b3-t5,organic,linear_regression,6,19,3,1 2 3 2 3 4 5 1 5 6 3 2 3 2 1 3 1 3 1
p042-b3-t6,organic,nonlinear_skip_only,5,8,1,1 2 4 5 4 5 6 1
p042-b3-t7,organic,nonlinear_backfill,6,14,5,1 3 4 3 1 3 2 5 6 5 1 5 6 4
p042-b3-t8,organic,nonlinear_backfill,2,2,1,2 1
p042-b3-t9,organic,linear_regression,2,4,2,1 2 1 2
p042-b4-t1,organic,strictly_linear,2,2,2,1 2
p042-b4-t10,organic,nonlinear_backfill,5,12,2,1 2 1 5 4 2 1 2 3 2 3 1
p042-b4-t2,organic,linear_regression,7,18,1,1 2 3 1 2 4 5 4 3 2 1 2 3 4 5 6 7 1
p042-b4-t3,organic,nonlinear_backfill,6,10,1,1 3 4 3 7 4 5 4 2 1
p042-b4-t4,organic,nonlinear_skip_only,3,4,1,1 3 4 1
p042-b4-t5,organic,nonlinear_skip_only,7,18,1,1 2 3 4 5 7 8 3 4 3 2 1 2 1 2 3 2 1
p042-b4-t6,organic,linear_regression,4,5,,1 2 3 4 1
p042-b4-t7,organic,nonlinear_skip_only,6,11,7,1 3 4 3 5 6 4 5 6 7 3
p042-b4-t8,organic,nonlinear_backfill,7,10,1,1 2 3 4 5 7 6 4 3 1
p042-b4-t9,organic,nonlinear_backfill,4,10,4,1 3 2 3 1 3 1 3 4 3
p042-b5-t1,organic,nonlinear_backfill,7,12,1,1 2 3 5 4 8 9 8 9 1 2 1
p042-b5-t10,organic,nonlinear_backfill,5,7,1,1 2 1 4 3 5 1
p042-b5-t2,organic,strictly_linear,3,3,3,1 2 3
p042-b5-t3,organic,linear_regression,6,18,1,1 2 3 2 1 4 5 4 3 1 4 6 5 4 3 1 2 1
p042-b5-t4,organic,nonlinear_backfill,5,16,2,2 1 3 2 3 4 5 3 1 2 3 2 3 2 1 2
p042-b5-t5,organic,linear_regression,4,14,3,1 2 1 2 3 1 2 3 4 3 4 3 2 3
p042-b5-t6,organic,linear_regression,5,8,2,1 2 3 4 1 5 3 2
p042-b5-t7,organic,linear_regression,8,29,3,1 2 3 1 4 3 1 3 4 3 2 3 4 3 4 5 6 7 8 7 8 3 4 3 2 4 3 2 1
p042-b5-t8,organic,nonlinear_skip_only,3,9,1,1 2 1 2 1 2 1 2 4
p042-b5-t9,organic,nonlinear_skip_only,7,10,1,1 2 3 4 5 3 4 8 9 1
p042-b6-t1,organic,strictly_linear,3,3,3,1 2 3
p042-b6-t10,organic,strictly_linear,3,3,3,1 2 3
p042-b6-t3,organic,linear_regression,5,6,1,1 2 3 4 5 1
p042-b6-t4,organic,nonlinear_backfill,6,7,1,1 2 3 4 7 6 1
p042-b6-t5,organic,nonlinear_backfill,4,13,3,1 3 2 4 3 4 3 4 3 4 3 2 1
p042-b6-t6,organic,nonlinear_backfill,6,11,4,1 3 2 3 4 5 6 5 4 3 2
p042-b6-t7,organic,nonlinear_backfill,7,10,7,1 2 1 2 3 4 6 5 6 7
p042-b6-t8,organic,nonlinear_skip_only,3,3,3,1 2 4
p042-b6-t9,organic,nonlinear_backfill,8,12,1,1 3 5 6 7 8 4 5 2 1 2 1
p043-b1-t1,organic,nonlinear_skip_only,7,12,1,1 2 3 2 3 4 5 6 8 3 2 1
p043-b1-t3,organic,nonlinear_skip_only,4,5,,1 3 6 8 1
p043-b1-t4,organic,linear_regression,6,14,,1 2 1 2 1 2 1 2 3 1 4 5 6 1
p043-b1-t5,organic,nonlinear_backfill,8,18,2,2 1 2 3 4 3 4 3 4 5 4 6 5 6 7 8 1 2
p043-b1-t7,organic,nonlinear_skip_only,6,14,,1 2 3 2 1 2 3 2 3 4 8 9 4 1
p043-b1-t8,organic,nonlinear_backfill,6,15,,1 2 1 2 1 2 1 3 2 3 4 6 5 6 3
p043-b1-t9,organic,nonlinear_backfill,7,10,,1 2 3 4 6 7 6 5 7 3
p043-b2-t1,organic,nonlinear_backfill,7,12,1,1 2 1 3 2 3 5 4 5 6 7 1
p043-b2-t10,organic,linear_regression,3,7,,1 2 1 2 3 2 1
p043-b2-t2,organic,linear_regression,4,7,1,1 2 1 2 3 4 1
p043-b2-t3,organic,linear_regression,3,11,2,1 2 1 2 1 2 3 2 1 2 1
p043-b2-t4,organic,linear_regression,3,9,2,1 2 3 2 1 2 1 3 1
p043-b2-t5,organic,strictly_linear,2,2,2,1 2
p043-b2-t6,organic,nonlinear_backfill,8,19,1,1 2 1 2 3 1 2 3 4 2 3 6 4 3 4 5 7 8 1
p043-b2-t7,organic,linear_regression,2,8,2,1 2 1 2 1 2 1 2
p043-b2-t8,organic,linear_regression,6,9,,1 2 3 4 5 4 5 6 1
p043-b2-t9,organic,linear_regression,2,3,1,1 2 1
p043-b3-t1,organic,nonlinear_skip_only,8,15,1,1 2 1 2 1 2 3 4 6 7 8 9 6 3 1
p043-b3-t10,organic,linear_regression,3,5,1,1 2 1 3 1
p043-b3-t2,organic,linear_regression,6,8,1,1 2 1 3 4 5 6 1
p043-b3-t3,organic,nonlinear_backfill,3,8,2,2 1 2 3 1 2 3 2
p043-b3-t4,organic,linear_regression,4,9,2,1 2 1 2 3 4 2 1 2
p043-b3-t5,organic,linear_regression,5,11,2,1 2 3 4 5 4 2 1 2 1 2
p043-b3-t6,organic,linear_regression,3,4,1,1 2 3 1
p043-b3-t7,organic,linear_regression,10,21,1,1 2 3 4 5 6 5 7 6 7 8 9 10 4 3 4 5 6 4 3 1
p043-b3-t8,organic,strictly_linear,1,1,,1
p043-b3-t9,organic,linear_regression,4,12,1,1 2 1 2 1 2 3 4 3 4 3 1
p043-b4-t10,organic,linear_regression,2,5,1,1 2 1 2 1
p043-b4-t2,organic,linear_regression,2,3,1,1 2 1
p043-b4-t3,organic,linear_regression,3,4,1,1 2 3 1
p043-b4-t4,organic,linear_regression,8,18,2,1 2 3 4 2 1 2 4 5 6 7 8 2 3 2 5 4 2
p043-b4-t5,organic,linear_regression,2,8,2,1 2 1 2 1 2 1 2
p043-b4-t6,organic,strictly_linear,1,1,1,1
p043-b4-t7,organic,linear_regression,3,7,1,1 2 1 2 3 2 1
p043-b4-t8,organic,nonlinear_backfill,4,6,1,1 2 1 4 3 1
p043-b5-t1,organic,linear_regression,4,11,4,1 2 1 2 1 2 3 4 2 1 4
p043-b5-t10,organic,strictly_linear,2,2,1,1 2
p043-b5-t2,organic,strictly_linear,2,2,,1 2
p043-b5-t3,organic,linear_regression,3,6,1,1 2 1 2 3 1
p043-b5-t4,organic,linear_regression,2,4,,1 2 1 2
p043-b5-t5,organic,linear_regression,2,3,1,1 2 1
p043-b5-t6,organic,nonlinear_skip_only,4,8,1,1 2 3 1 3 2 3 5
p043-b5-t8,organic,linear_regression,2,5,1,1 2 1 2 1
p043-b5-t9,organic,strictly_linear,1,1,,1
p043-b6-t1,organic,strictly_linear,1,1,1,1
p043-b6-t10,organic,strictly_linear,2,2,1,1 2
p043-b6-t3,organic,nonlinear_backfill,6,8,,1 2 8 9 1 2 3 4
p043-b6-t4,organic,nonlinear_backfill,2,5,2,2 1 2 1 2
p043-b6-t5,organic,strictly_linear,1,1,1,1
p043-b6-t6,organic,strictly_linear,1,1,1,1
p043-b6-t7,organic,strictly_linear,1,1,1,1
p043-b6-t8,organic,linear_regression,3,7,1,1 2 3 2 3 2 1
p044-b1-t1,organic,nonlinear_skip_only,6,8,,1 2 1 2 3 4 6 8
p044-b1-t10,organic,nonlinear_backfill,8,17,,1 2 4 3 5 6 5 7 5 6 7 6 8 4 1 2 1
p044-b1-t2,organic,linear_regression,2,3,,1 2 1
p044-b1-t3,organic,linear_regression,4,10,3,1 2 3 2 3 1 2 3 4 1
p044-b1-t4,organic,linear_regression,2,7,2,1 2 1 2 1 2 1
p044-b1-t5,organic,nonlinear_backfill,6,8,,1 2 1 2 3 7 6 8
p044-b1-t6,organic,nonlinear_skip_only,7,15,1,1 2 1 3 5 6 8 9 5 3 1 2 1 2 1
p044-b1-t7,organic,linear_regression,3,5,,2 3 4 3 2
p044-b1-t8,organic,linear_regression,3,7,1,1 2 1 2 3 1 2
p044-b1-t9,organic,nonlinear_backfill,4,5,,3 4 3 2 1
p044-b2-t1,organic,linear_regression,2,3,1,1 2 1
p044-b2-t10,organic,nonlinear_backfill,8,11,,1 2 3 4 5 9 8 9 8 7 9
p044-b2-t2,organic,strictly_linear,2,2,1,1 2
p044-b2-t3,organic,nonlinear_backfill,8,12,,1 3 2 1 2 1 3 4 5 7 6 8
p044-b2-t4,organic,linear_regression,2,5,1,1 2 1 2 1
p044-b2-t5,organic,linear_regression,6,14,6,1 2 1 2 3 4 5 4 5 6 5 3 4 5
p044-b2-t6,organic,nonlinear_backfill,5,31,5,1 3 2 3 4 5 4 3 4 2 4 3 2 3 5 4 5 4 5 4 3 5 3 2 3 4 5 4 5 3 2
p044-b2-t7,organic,linear_regression,7,13,,1 2 3 4 5 6 5 6 5 6 7 4 1
p044-b2-t8,organic,nonlinear_backfill,7,12,,3 7 6 7 8 9 3 1 2 1 2 1
p044-b2-t9,organic,strictly_linear,1,1,,1
p044-b3-t1,organic,linear_regression,8,22,,1 2 1 2 3 1 2 3 4 3 4 5 4 5 6 7 8 6 1 2 1 7
p044-b3-t10,organic,strictly_linear,1,1,,1
p044-b3-t2,organic,nonlinear_skip_only,6,8,,1 2 3 4 5 8 3 1
p044-b3-t3,organic,linear_regression,9,14,1,1 2 3 4 5 6 7 8 9 5 1 2 3 4
p044-b3-t4,organic,nonlinear_skip_only,5,9,,1 2 1 2 4 5 4 6 5
p044-b3-t5,organic,nonlinear_skip_only,4,8,,1 3 4 3 5 4 5 4
p044-b3-t6,organic,linear_regression,2,4,1,1 2 1 2
p044-b3-t7,organic,linear_regression,4,8,1,1 2 1 2 3 4 1 2
p044-b3-t8,organic,nonlinear_backfill,7,10,,1 2 4 3 6 8 7 8 2 1
p044-b3-t9,organic,nonlinear_backfill,7,10,1,1 2 5 4 5 6 7 8 7 1
p044-b4-t1,organic,linear_regression,2,3,1,1 2 1
p044-b4-t10,organic,linear_regression,6,14,2,1 2 3 4 3 4 3 5 6 1 2 1 2 3
p044-b4-t2,organic,linear_regression,8,18,3,1 2 3 4 3 5 6 7 6 7 8 1 2 3 2 3 1 3
p044-b4-t3,organic,linear_regression,6,15,1,1 2 1 2 1 2 3 2 3 2 3 4 5 6 1
p044-b4-t4,organic,nonlinear_backfill,8,12,,1 2 3 4 6 8 9 8 6 7 9 8
p044-b4-t5,organic,nonlinear_backfill,3,6,,1 3 1 2 3 2
p044-b4-t6,organic,linear_regression,2,3,,1 2 1
p044-b4-t7,organic,nonlinear_backfill,9,28,1,1 2 1 2 4 5 6 9 8 5 2 1 2 5 4 3 4 6 7 8 9 7 2 1 2 1 2 1
p044-b4-t8,organic,strictly_linear,1,1,,1
p044-b4-t9,organic,strictly_linear,1,1,,1
p044-b5-t1,organic,nonlinear_backfill,8,12,,2 3 1 2 1 2 4 5 7 6 9 1
p044-b5-t10,organic,linear_regression,5,10,5,1 2 3 4 3 4 2 3 5 2
p044-b5-t2,organic,linear_regression,3,6,,1 2 3 1 2 1
p044-b5-t3,organic,nonlinear_backfill,3,6,,2 3 2 1 2 1
p044-b5-t4,organic,linear_regression,8,12,,1 2 1 2 3 4 5 4 5 6 7 8
p044-b5-t5,organic,nonlinear_skip_only,7,12,,1 2 5 6 7 8 9 8 9 1 9 8
p044-b5-t6,organic,nonlinear_backfill,7,8,,1 5 6 8 4 1 2 3
p044-b5-t7,organic,linear_regression,2,3,,1 2 1
p044-b5-t8,organic,nonlinear_backfill,7,15,2,1 2 4 7 8 9 7 6 2 1 2 1 2 1 2
p044-b6-t1,organic,nonlinear_skip_only,7,17,,1 2 3 1 2 3 1 2 1 3 2 5 6 8 9 8 5
p044-b6-t10,organic,strictly_linear,2,2,,1 2
p044-b6-t2,organic,linear_regression,7,22,5,1 2 3 4 1 2 4 5 4 5 3 1 2 5 4 5 6 7 5 4 3 1
p044-b6-t3,organic,nonlinear_skip_only,6,11,2,1 2 1 2 3 2 3 4 5 7 1
p044-b6-t4,organic,linear_regression,7,17,,1 2 3 4 5 6 7 6 1 2 3 5 6 7 5 4 3
p044-b6-t5,organic,linear_regression,2,4,1,1 2 1 2
p044-b6-t6,organic,linear_regression,7,18,1,1 2 1 2 3 4 5 4 5 6 7 3 2 1 2 1 2 1
p044-b6-t7,organic,linear_regression,9,14,,1 2 1 2 1 3 4 3 5 6 7 8 9 8
p044-b6-t8,organic,linear_regression,6,8,6,1 2 1 3 4 5 6 1
p044-b6-t9,organic,nonlinear_backfill,8,15,,1 2 3 4 3 1 2 1 3 5 4 5 6 8 7
p045-b1-t1,organic,linear_regression,7,25,3,1 2 1 2 1 2 1 2 1 2 1 2 1 2 1 3 2 3 4 5 6 7 6 2 3
p045-b1-t10,organic,nonlinear_backfill,7,7,,1 2 4 5 6 7 3
p045-b1-t3,organic,nonlinear_skip_only,3,10,,1 2 1 2 1 2 1 4 2 1
p045-b1-t4,organic,linear_regression,5,12,1,1 2 1 2 1 2 1 2 3 4 5 1
p045-b1-t5,organic,nonlinear_skip_only,7,13,1,1 2 1 2 4 5 6 7 8 7 8 2 1
p045-b1-t6,organic,linear_regression,7,14,,1 2 3 4 5 6 2 3 5 6 5 6 7 1
p045-b1-t7,organic,linear_regression,6,11,1,1 2 1 2 3 4 5 6 4 5 1
p045-b1-t8,organic,linear_regression,8,37,1,1 2 1 2 3 2 3 4 3 4 3 4 5 4 5 4 5 6 7 6 7 8 7 8 7 6 2 1 2 3 2 3 1 2 4 3 2
p045-b1-t9,organic,linear_regression,7,15,1,1 2 1 2 3 4 3 4 5 6 5 6 7 2 1
p045-b2-t1,organic,linear_regression,8,26,4,1 2 3 2 3 2 1 3 4 3 4 3 4 3 2 4 3 4 5 6 7 8 4 3 4 2
p045-b2-t10,organic,linear_regression,4,10,4,1 2 1 2 3 1 2 3 2 4
p045-b2-t2,organic,linear_regression,7,18,1,1 2 1 2 1 3 4 3 4 5 4 3 4 5 6 5 6 7
p045-b2-t3,organic,nonlinear_skip_only,8,22,1,1 2 1 2 3 4 3 4 6 7 8 6 7 8 9 8 9 1 2 1 2 1
p045-b2-t5,organic,linear_regression,10,23,,1 2 1 2 3 2 3 2 1 2 4 5 4 5 6 7 8 9 10 1 2 1 2
p045-b2-t6,organic,linear_regression,8,40,,1 2 1 2 3 2 4 3 4 5 4 5 6 7 6 8 2 3 2 4 1 2 1 2 1 2 1 2 1 2 1 2 1 2 4 5 4 5 6 5
p045-b2-t8,organic,nonlinear_backfill,7,33,6,1 2 1 2 3 2 3 2 3 4 3 2 4 3 4 6 7 6 5 6 5 6 5 6 2 4 2 3 2 6 5 2 6
p045-b2-t9,organic,linear_regression,5,9,4,1 2 1 2 1 2 3 4 5
p045-b3-t1,organic,linear_regression,5,6,,1 2 3 4 5 3
p045-b3-t10,organic,nonlinear_skip_only,6,10,2,1 2 3 4 1 5 7 1 2 1
p045-b3-t2,organic,nonlinear_skip_only,8,24,1,1 2 1 3 2 3 1 4 5 4 5 3 6 7 9 1 2 1 2 3 2 4 2 1
p045-b3-t3,organic,linear_regression,2,7,1,1 2 1 2 1 2 1
p045-b3-t4,organic,nonlinear_backfill,6,9,1,1 2 4 3 6 5 6 5 1
p045-b3-t5,organic,linear_regression,7,14,1,1 2 1 2 3 2 3 2 4 5 6 5 7 1
p045-b3-t6,organic,linear_regression,8,24,4,1 2 1 2 1 3 4 5 3 1 3 1 3 2 1 4 5 6 7 8 4 1 4 2
p045-b3-t7,organic,linear_regression,6,17,2,1 2 1 2 1 2 3 4 3 4 5 6 4 1 2 1 2
p045-b3-t9,organic,linear_regression,2,3,1,1 2 1
p045-b4-t1,organic,linear_regression,2,9,1,1 2 1 2 1 2 1 2 1
p045-b4-t10,organic,linear_regression,3,9,3,1 2 3 2 3 2 3 2 3
p045-b4-t2,organic,strictly_linear,4,4,,1 2 3 4
p045-b4-t3,organic,strictly_linear,1,1,1,1
p045-b4-t4,organic,strictly_linear,2,2,,1 2
p045-b4-t5,organic,linear_regression,2,6,2,1 2 1 2 1 2
p045-b4-t6,organic,strictly_linear,1,1,1,1
p045-b4-t7,organic,nonlinear_backfill,8,18,2,1 2 1 3 4 3 5 8 7 9 8 9 1 2 1 2 1 2
p045-b4-t8,organic,linear_regression,8,16,2,1 2 1 2 3 4 5 6 7 6 7 8 6 4 1 2
p045-b4-t9,organic,strictly_linear,1,1,,1
p045-b5-t1,organic,linear_regression,5,6,4,1 2 3 4 5 4
p045-b5-t10,organic,linear_regression,8,18,3,1 2 1 2 3 4 3 2 4 5 6 5 6 7 8 2 3 2
p045-b5-t2,organic,nonlinear_skip_only,7,12,3,1 2 3 4 5 7 8 2 1 2 3 1
p045-b5-t3,organic,linear_regression,2,3,1,1 2 1
p045-b5-t4,organic,strictly_linear,4,4,4,1 2 3 4
p045-b5-t5,organic,linear_regression,4,8,,1 2 1 2 3 4 3 1
p045-b5-t6,organic,linear_regression,7,19,1,1 2 1 2 3 1 2 1 3 4 3 4 5 6 7 2 1 2 3
p045-b5-t7,organic,linear_regression,8,15,1,1 2 3 4 5 6 7 8 4 3 4 2 1 3 4
p045-b5-t8,organic,linear_regression,7,10,1,1 2 3 4 5 6 5 7 6 1
p045-b5-t9,organic,nonlinear_backfill,7,18,3,1 2 4 2 3 4 5 6 7 6 3 1 2 1 3 4 3 4
p045-b6-t1,organic,linear_regression,5,7,1,1 2 1 3 4 5 1
p045-b6-t10,organic,linear_regression,3,7,3,1 2 3 2 3 2 3
p045-b6-t2,organic,nonlinear_skip_only,6,8,1,1 2 4 5 6 7 2 1
p045-b6-t3,organic,nonlinear_backfill,4,13,1,1 2 1 2 4 3 1 2 1 2 3 2 1
p045-b6-t4,organic,linear_regression,5,15,3,1 2 1 2 3 4 5 2 3 2 1 3 1 3 1
p045-b6-t5,organic,strictly_linear,1,1,1,1
p045-b6-t6,organic,linear_regression,2,5,1,1 2 1 2 1
p045-b6-t7,organic,linear_regression,3,4,1,1 2 3 1
p045-b6-t8,organic,nonlinear_skip_only,8,9,1,1 2 3 4 5 6 8 9 1
p045-b6-t9,organic,linear_regression,2,3,1,1 2 1
p046-b1-t1,organic,nonlinear_backfill,6,8,,1 6 8 9 7 1 2 1
p046-b1-t10,organic,nonlinear_skip_only,5,6,6,1 2 3 5 6 5
p046-b1-t3,organic,linear_regression,2,10,2,1 2 1 2 1 2 1 2 1 2
p046-b1-t4,organic,nonlinear_skip_only,7,14,4,1 2 3 4 6 7 8 4 3 4 3 4 3 4
p046-b1-t5,organic,nonlinear_backfill,6,10,2,1 2 1 2 4 3 2 6 5 1
p046-b1-t6,organic,nonlinear_skip_only,3,7,4,1 2 1 2 1 4 2
p046-b1-t7,organic,linear_regression,8,15,1,1 2 1 2 3 4 5 6 7 6 7 8 1 2 1
p046-b1-t8,organic,strictly_linear,2,2,1,1 2
p046-b1-t9,organic,linear_regression,3,7,3,1 2 3 1 2 3 1
p046-b2-t1,organic,nonlinear_backfill,7,12,1,1 2 1 2 3 4 6 5 6 7 2 1
p046-b2-t10,organic,nonlinear_backfill,5,14,5,2 1 4 5 4 5 4 3 5 3 2 1 4 5
p046-b2-t2,organic,nonlinear_backfill,6,10,1,1 2 1 2 4 6 5 6 3 1
p046-b2-t3,organic,strictly_linear,1,1,1,1
p046-b2-t4,organic,nonlinear_skip_only,6,7,,1 2 4 5 4 7 9
p046-b2-t5,organic,nonlinear_backfill,8,19,6,1 2 1 2 1 3 2 3 2 1 5 4 6 7 9 5 6 5 3
p046-b2-t6,organic,strictly_linear,1,1,1,1
p046-b2-t7,organic,linear_regression,3,7,2,1 2 1 2 3 2 1
p046-b2-t8,organic,strictly_linear,1,1,1,1
p046-b2-t9,organic,linear_regression,2,4,2,1 2 1 2
p046-b3-t1,organic,linear_regression,7,11,6,1 2 3 4 5 4 6 7 6 3 2
p046-b3-t10,organic,linear_regression,2,3,,1 2 1
p046-b3-t2,organic,strictly_linear,1,1,1,1
p046-b3-t3,organic,nonlinear_backfill,5,11,1,3 4 5 3 2 4 5 4 3 2 1
p046-b3-t4,organic,nonlinear_skip_only,6,10,1,1 2 3 2 3 5 6 8 3 1
p046-b3-t5,organic,strictly_linear,1,1,1,1
p046-b3-t6,organic,strictly_linear,1,1,1,1
p046-b3-t7,organic,nonlinear_skip_only,5,12,6,1 2 4 5 4 6 5 6 5 6 5 4
p046-b3-t8,organic,strictly_linear,1,1,1,1
p046-b3-t9,organic,nonlinear_backfill,4,5,1,1 2 4 3 1
p046-b4-t1,organic,strictly_linear,1,1,1,1
p046-b4-t10,organic,linear_regression,4,13,2,1 2 1 2 1 2 1 3 4 3 2 1 2
p046-b4-t2,organic,strictly_linear,1,1,1,1
p046-b4-t3,organic,strictly_linear,2,2,1,1 2
p046-b4-t4,organic,strictly_linear,2,2,2,1 2
p046-b4-t5,organic,nonlinear_backfill,4,9,,1 2 6 3 1 2 3 2 3
p046-b4-t6,organic,nonlinear_backfill,8,25,2,1 2 3 5 4 3 4 5 6 7 8 3 1 2 1 2 1 2 3 4 3 2 1 2 1
p046-b4-t7,organic,nonlinear_skip_only,4,7,,1 2 1 2 6 7 2
p046-b4-t8,organic,linear_regression,2,3,1,1 2 1
p046-b5-t1,organic,linear_regression,8,11,6,1 2 3 4 5 4 5 6 7 8 1
p046-b5-t10,organic,nonlinear_backfill,2,2,1,2 1
p046-b5-t2,organic,linear_regression,2,6,1,1 2 1 2 1 2
p046-b5-t3,organic,strictly_linear,1,1,1,1
p046-b5-t4,organic,nonlinear_backfill,6,21,3,1 2 3 5 4 6 5 4 5 4 3 4 3 5 4 5 6 3 2 3 2
p046-b5-t5,organic,nonlinear_backfill,3,9,1,2 3 1 3 1 3 1 3 1
p046-b5-t6,organic,linear_regression,7,11,1,1 2 3 4 5 6 7 6 1 2 1
p046-b5-t7,organic,linear_regression,4,9,4,1 2 3 2 3 4 2 3 4
p046-b5-t8,organic,strictly_linear,1,1,1,1
p046-b5-t9,organic,strictly_linear,2,2,1,1 2
p046-b6-t1,organic,strictly_linear,1,1,1,1
p046-b6-t10,organic,linear_regression,2,3,1,1 2 1
p046-b6-t2,organic,nonlinear_skip_only,8,11,1,1 2 3 4 3 4 6 7 8 9 1
p046-b6-t3,organic,strictly_linear,1,1,1,1
p046-b6-t4,organic,linear_regression,3,6,2,1 2 3 2 1 2
p046-b6-t5,organic,strictly_linear,1,1,1,1
p046-b6-t6,organic,nonlinear_skip_only,4,9,1,1 2 1 6 7 6 7 2 1
p046-b6-t7,organic,linear_regression,6,16,3,1 2 1 3 2 3 2 1 2 3 4 5 6 1 3 2
p046-b6-t8,organic,strictly_linear,1,1,1,1
p046-b6-t9,organic,linear_regression,9,31,5,1 2 3 2 3 4 5 6 5 7 8 9 8 7 6 8 9 8 7 8 7 4 1 2 3 2 3 4 5 4 5
p047-b1-t1,organic,nonlinear_backfill,3,8,2,1 3 2 3 2 3 2 1
p047-b1-t10,organic,strictly_linear,1,1,,1
p047-b1-t2,organic,linear_regression,2,3,2,1 2 1
p047-b1-t3,organic,linear_regression,8,9,8,1 2 3 4 5 6 7 8 6
p047-b1-t4,organic,nonlinear_backfill,7,19,7,1 2 4 5 6 5 6 5 6 7 4 3 2 1 4 5 6 7 4
p047-b1-t6,organic,nonlinear_backfill,4,7,2,1 3 4 3 2 3 2
p047-b1-t7,organic,linear_regression,3,7,1,1 2 3 2 1 2 1
p047-b1-t8,organic,linear_regression,7,17,4,1 2 3 2 1 2 3 4 3 4 3 4 5 6 7 4 3
p047-b1-t9,organic,strictly_linear,1,1,,1
p047-b2-t1,organic,strictly_linear,2,2,1,1 2
p047-b2-t10,organic,linear_regression,3,9,2,1 2 1 2 3 2 1 2 1
p047-b2-t2,organic,linear_regression,8,15,7,1 2 3 2 3 4 5 6 7 8 7 8 7 3 7
p047-b2-t3,organic,strictly_linear,3,3,,1 2 3
p047-b2-t4,organic,nonlinear_backfill,7,10,7,1 2 3 4 5 7 6 7 6 7
p047-b2-t5,organic,linear_regression,5,6,1,1 2 3 4 5 1
p047-b2-t6,organic,nonlinear_backfill,9,26,1,1 2 1 2 3 4 5 4 3 6 7 10 9 10 9 7 5 4 5 6 4 3 2 3 2 1
p047-b2-t7,organic,strictly_linear,2,2,1,1 2
p047-b2-t8,organic,nonlinear_backfill,8,18,2,1 2 1 2 3 2 3 4 5 6 8 7 8 5 3 1 2 1
p047-b2-t9,organic,linear_regression,2,5,2,1 2 1 2 1
p047-b3-t1,organic,linear_regression,3,7,1,1 2 1 2 3 2 1
p047-b3-t10,organic,linear_regression,2,3,1,1 2 1
p047-b3-t3,organic,linear_regression,2,3,1,1 2 1
p047-b3-t4,organic,linear_regression,8,11,,1 2 1 2 3 4 5 6 7 8 7
p047-b3-t5,organic,linear_regression,2,3,1,1 2 1
p047-b3-t8,organic,linear_regression,4,14,4,1 2 1 2 3 2 1 2 1 3 2 4 2 1
p047-b3-t9,organic,strictly_linear,1,1,2,2
p047-b4-t1,organic,linear_regression,8,15,3,1 2 3 2 3 4 3 4 5 6 7 8 6 4 3
p047-b4-t10,organic,strictly_linear,1,1,2,2
p047-b4-t2,organic,nonlinear_backfill,6,10,1,1 2 5 1 2 3 6 8 2 1
p047-b4-t3,organic,linear_regression,2,5,1,1 2 1 2 1
p047-b4-t4,organic,nonlinear_backfill,8,10,1,1 8 1 2 4 6 5 7 9 1
p047-b4-t5,organic,nonlinear_backfill,6,13,,1 2 3 7 6 7 1 3 6 3 1 7 5
p047-b4-t6,organic,nonlinear_backfill,9,19,1,1 2 3 5 4 5 4 5 6 5 6 7 8 5 6 9 3 2 1
p047-b4-t7,organic,nonlinear_backfill,8,12,7,1 2 3 4 3 6 1 9 7 8 7 3
p047-b4-t8,organic,linear_regression,2,7,1,1 2 1 2 1 2 1
p047-b4-t9,organic,nonlinear_backfill,3,9,2,2 4 2 1 2 1 2 1 2
p047-b5-t1,organic,strictly_linear,1,1,1,1
p047-b5-t10,organic,nonlinear_skip_only,2,3,1,1 3 1
p047-b5-t3,organic,nonlinear_skip_only,6,10,5,1 2 3 2 4 5 4 5 2 7
p047-b5-t5,organic,strictly_linear,3,3,1,1 2 3
p047-b5-t6,organic,nonlinear_backfill,4,8,1,4 2 1 3 2 1 4 1
p047-b5-t7,organic,nonlinear_backfill,2,2,1,2 1
p047-b5-t8,organic,nonlinear_backfill,6,17,2,1 5 6 5 1 2 3 4 2 1 2 1 3 4 3 2 1
p047-b5-t9,organic,linear_regression,2,11,2,1 2 1 2 1 2 1 2 1 2 1
p047-b6-t1,organic,nonlinear_backfill,8,15,7,1 3 2 1 2 3 2 3 4 5 6 7 6 7 8
p047-b6-t10,organic,nonlinear_backfill,5,9,3,2 1 3 4 7 3 2 3 2
p047-b6-t2,organic,nonlinear_backfill,8,10,8,1 2 4 3 5 6 8 7 8 4
p047-b6-t3,organic,nonlinear_skip_only,4,11,2,1 2 1 2 4 5 4 5 4 2 1
p047-b6-t4,organic,nonlinear_backfill,7,10,1,1 4 8 6 8 7 5 4 2 1
p047-b6-t5,organic,strictly_linear,1,1,1,1
p047-b6-t6,organic,nonlinear_backfill,3,5,2,3 1 2 1 2
p047-b6-t7,organic,nonlinear_backfill,7,18,5,1 2 1 2 1 2 1 2 5 1 5 6 7 5 4 5 3 4
p047-b6-t8,organic,nonlinear_backfill,7,14,6,1 2 1 2 1 3 5 4 3 6 7 6 4 3
p048-b1-t1,organic,linear_regression,3,6,1,1 2 1 2 3 1
p048-b1-t10,organic,linear_regression,3,9,,1 2 1 2 3 2 3 2 3
p048-b1-t2,organic,linear_regression,5,9,,1 2 1 2 3 4 3 4 5
p048-b1-t3,organic,nonlinear_skip_only,3,4,,1 3 4 1
p048-b1-t4,organic,nonlinear_backfill,7,12,2,1 2 1 2 4 6 5 7 4 3 1 2
p048-b1-t5,organic,nonlinear_skip_only,4,9,1,1 2 3 5 1 2 1 2 1
p048-b1-t6,organic,nonlinear_skip_only,6,8,,1 2 3 4 6 7 6 2
p048-b1-t7,organic,linear_regression,5,15,,1 2 1 2 3 2 3 4 5 4 2 1 2 3 2
p048-b1-t8,organic,linear_regression,5,13,2,1 2 3 4 5 4 1 2 1 2 1 2 1
p048-b2-t10,organic,linear_regression,3,5,,1 2 3 2 1
p048-b2-t2,organic,nonlinear_skip_only,2,2,3,1 3
p048-b2-t3,organic,linear_regression,4,14,1,1 2 3 2 1 2 3 4 1 2 3 1 2 1
p048-b2-t5,organic,nonlinear_backfill,7,11,,1 2 3 5 6 7 3 6 7 6 4
p048-b2-t6,organic,linear_regression,2,3,,1 2 1
p048-b2-t7,organic,nonlinear_skip_only,8,21,1,1 2 1 2 3 2 3 4 5 6 7 9 1 2 1 2 1 2 1 2 1
p048-b2-t9,organic,nonlinear_backfill,8,16,1,1 2 3 4 3 4 8 7 6 5 2 1 2 1 2 1
p048-b3-t1,organic,linear_regression,4,8,1,1 2 3 4 2 1 2 1
p048-b3-t10,organic,linear_regression,2,3,1,1 2 1
p048-b3-t2,organic,nonlinear_backfill,2,2,,3 1
p048-b3-t3,organic,linear_regression,6,11,,1 2 1 2 3 4 5 6 5 2 1
p048-b3-t4,organic,linear_regression,4,19,3,1 2 1 2 3 2 1 2 3 2 1 4 3 1 2 3 1 2 3
p048-b3-t5,organic,linear_regression,4,9,2,1 2 3 4 3 2 1 2 1
p048-b3-t7,organic,linear_regression,2,3,,1 2 1
p048-b3-t8,organic,nonlinear_backfill,6,15,1,1 4 5 4 5 4 3 4 2 4 5 6 1 2 1
p048-b3-t9,organic,linear_regression,5,17,5,1 2 1 2 1 2 3 2 4 5 2 4 5 4 3 2 1
p048-b4-t1,organic,nonlinear_backfill,4,9,4,2 1 2 3 4 3 4 3 2
p048-b4-t10,organic,nonlinear_backfill,6,14,,1 2 4 3 4 5 6 5 2 1 2 1 2 1
p048-b4-t3,organic,linear_regression,2,3,1,1 2 1
p048-b4-t5,organic,linear_regression,2,3,,1 2 1
p048-b4-t6,organic,nonlinear_backfill,4,8,1,2 1 2 1 2 3 4 1
p048-b4-t7,organic,nonlinear_backfill,5,12,3,1 2 4 3 1 2 1 5 4 3 2 3
p048-b4-t8,organic,linear_regression,3,7,2,1 2 1 2 3 2 1
p048-b4-t9,organic,linear_regression,5,9,5,1 2 3 4 5 4 5 4 5
p048-b5-t1,organic,strictly_linear,1,1,,1
p048-b5-t10,organic,strictly_linear,3,3,,2 3 4
p048-b5-t2,organic,strictly_linear,1,1,,1
p048-b5-t3,organic,nonlinear_skip_only,3,5,1,1 3 5 3 1
p048-b5-t4,organic,linear_regression,6,16,1,1 2 1 3 2 3 4 5 6 5 1 2 1 2 3 1
p048-b5-t5,organic,linear_regression,4,7,1,1 2 1 2 3 4 1
p048-b5-t6,organic,strictly_linear,1,1,,1
p048-b5-t7,organic,linear_regression,3,4,1,1 2 3 1
p048-b5-t8,organic,linear_regression,2,3,1,1 2 1
p048-b5-t9,organic,linear_regression,6,12,,1 2 1 2 3 4 3 1 2 5 6 5
p048-b6-t1,organic,linear_regression,2,6,2,1 2 1 2 1 2
p048-b6-t10,organic,linear_regression,5,19,4,1 2 3 2 3 4 3 4 2 1 2 3 4 3 4 5 4 5 4
p048-b6-t3,organic,linear_regression,5,8,,1 2 3 2 3 4 5 1
p048-b6-t4,organic,linear_regression,8,21,4,1 2 1 2 3 4 5 6 7 8 2 1 2 1 2 1 2 3 4 5 4
p048-b6-t5,organic,linear_regression,4,7,,1 2 3 4 3 2 3
p048-b6-t6,organic,nonlinear_backfill,8,15,1,1 2 3 5 4 5 6 8 7 5 6 3 5 2 1
p048-b6-t7,organic,linear_regression,2,6,1,1 2 1 2 1 2
p048-b6-t8,organic,linear_regression,3,7,2,1 2 3 2 1 2 1
p048-b6-t9,organic,linear_regression,2,6,2,1 2 1 2 1 2
p049-b1-t1,organic,linear_regression,2,3,,1 2 1
p049-b1-t10,organic,linear_regression,4,10,3,1 2 1 2 3 4 3 4 1 3
p049-b1-t2,organic,linear_regression,3,5,1,1 2 1 3 1
p049-b1-t3,organic,nonlinear_skip_only,2,2,1,1 4
p049-b1-t4,organic,nonlinear_backfill,3,7,1,2 3 1 3 1 3 1
p049-b1-t5,organic,nonlinear_skip_only,4,7,1,1 2 5 6 1 2 1
p049-b1-t6,organic,nonlinear_skip_only,3,6,1,1 4 5 1 5 1
p049-b1-t7,organic,linear_regression,6,8,1,1 2 3 4 5 6 1 2
p049-b1-t8,organic,nonlinear_skip_only,6,9,1,1 2 3 4 6 7 1 2 1
p049-b1-t9,organic,linear_regression,2,3,1,1 2 1
p049-b2-t1,organic,linear_regression,2,4,2,1 2 1 2
p049-b2-t10,organic,linear_regression,2,3,1,1 2 1
p049-b2-t2,organic,strictly_linear,2,2,1,1 2
p049-b2-t3,organic,linear_regression,3,5,2,1 2 3 1 2
p049-b2-t4,organic,strictly_linear,2,2,,1 2
p049-b2-t5,organic,linear_regression,3,4,1,1 2 1 3
p049-b2-t6,organic,strictly_linear,1,1,1,1
p049-b2-t7,organic,strictly_linear,1,1,1,1
p049-b2-t8,organic,strictly_linear,1,1,1,1
p049-b2-t9,organic,nonlinear_backfill,2,3,2,2 1 2
p049-b3-t1,organic,strictly_linear,2,2,2,1 2
p049-b3-t10,organic,linear_regression,2,3,1,1 2 1
p049-b3-t2,organic,strictly_linear,1,1,1,1
p049-b3-t3,organic,strictly_linear,1,1,1,1
p049-b3-t4,organic,nonlinear_backfill,3,3,3,1 3 2
p049-b3-t5,organic,strictly_linear,1,1,1,1
p049-b3-t6,organic,nonlinear_backfill,3,5,3,3 4 3 1 3
p049-b3-t7,organic,strictly_linear,2,2,2,1 2
p049-b3-t8,organic,nonlinear_skip_only,5,10,2,1 2 1 3 5 6 5 2 1 2
p049-b3-t9,organic,linear_regression,2,3,1,1 2 1
p049-b4-t1,organic,strictly_linear,1,1,2,2
p049-b4-t10,organic,linear_regression,4,9,1,1 2 3 2 3 4 1 2 1
p049-b4-t2,organic,strictly_linear,1,1,1,1
p049-b4-t4,organic,nonlinear_backfill,3,5,2,3 2 1 2 3
p049-b4-t5,organic,strictly_linear,1,1,1,1
p049-b4-t7,organic,strictly_linear,2,2,1,1 2
p049-b4-t8,organic,strictly_linear,1,1,1,1
p049-b4-t9,organic,linear_regression,2,3,1,1 2 1
p049-b5-t1,organic,strictly_linear,1,1,1,1
p049-b5-t10,organic,strictly_linear,1,1,1,1
p049-b5-t2,organic,linear_regression,2,5,1,1 2 1 2 1
p049-b5-t3,organic,linear_regression,2,3,1,1 2 1
p049-b5-t4,organic,strictly_linear,1,1,1,1
p049-b5-t5,organic,nonlinear_backfill,4,5,1,1 4 3 2 1
p049-b5-t6,organic,linear_regression,2,3,1,1 2 1
p049-b5-t7,organic,nonlinear_backfill,3,5,2,3 2 1 2 1
p049-b5-t8,organic,linear_regression,4,5,1,1 2 3 4 1
p049-b5-t9,organic,nonlinear_backfill,9,11,7,1 2 3 4 5 6 7 9 8 9 7
p049-b6-t1,organic,strictly_linear,1,1,1,1
p049-b6-t10,organic,nonlinear_skip_only,5,12,1,1 2 3 5 6 3 2 3 2 1 2 1
p049-b6-t2,organic,nonlinear_backfill,7,13,1,1 3 4 5 2 5 7 8 7 5 3 2 1
p049-b6-t3,organic,linear_regression,2,4,2,1 2 1 2
p049-b6-t4,organic,linear_regression,6,8,4,1 2 3 2 4 5 4 6
p049-b6-t5,organic,linear_regression,3,4,1,1 2 3 1
p049-b6-t6,organic,linear_regression,6,8,6,1 2 1 2 3 4 5 6
p049-b6-t7,organic,linear_regression,3,7,2,1 2 1 2 1 2 3
p049-b6-t8,organic,nonlinear_backfill,2,3,1,2 1 2
p049-b6-t9,organic,nonlinear_skip_only,6,8,1,1 2 3 2 4 5 7 1
p050-b1-t1,organic,nonlinear_backfill,5,8,1,1 2 6 7 2 3 2 1
p050-b1-t10,organic,nonlinear_skip_only,5,12,1,1 2 1 2 3 4 7 1 2 1 2 1
p050-b1-t2,organic,nonlinear_backfill,7,17,,1 2 1 2 3 6 8 3 2 1 2 4 2 4 5 1 3
p050-b1-t3,organic,nonlinear_backfill,7,13,,1 3 1 7 4 5 6 7 6 1 2 6 7
p050-b1-t4,organic,nonlinear_skip_only,4,6,,1 4 6 4 8 1
p050-b1-t5,organic,nonlinear_skip_only,7,8,1,1 2 4 5 7 8 9 1
p050-b1-t6,organic,nonlinear_backfill,7,16,5,1 4 5 1 2 3 4 7 9 5 1 2 3 4 5 1
p050-b1-t7,organic,nonlinear_backfill,4,12,4,1 4 5 4 5 4 2 1 4 1 4 1
p050-b1-t8,organic,linear_regression,3,4,,1 2 3 1
p050-b1-t9,organic,nonlinear_skip_only,7,12,,1 2 3 4 3 5 7 8 2 1 2 1
p050-b2-t1,organic,nonlinear_backfill,6,7,7,1 2 6 7 6 4 3
p050-b2-t10,organic,nonlinear_backfill,6,10,,1 2 4 5 4 3 1 2 6 1
p050-b2-t2,organic,nonlinear_backfill,7,8,1,1 2 4 9 8 7 3 1
p050-b2-t3,organic,nonlinear_backfill,8,21,2,1 2 3 4 5 3 4 7 4 3 1 2 3 6 9 3 1 2 1 2 1
p050-b2-t4,organic,nonlinear_backfill,4,5,,2 3 2 5 1
p050-b2-t6,organic,nonlinear_skip_only,5,6,,1 2 1 3 5 7
p050-b2-t7,organic,strictly_linear,2,2,,1 2
p050-b2-t8,organic,nonlinear_backfill,7,12,,1 4 8 6 3 1 2 4 5 6 8 6
p050-b2-t9,organic,nonlinear_skip_only,4,6,2,1 2 3 8 2 1
p050-b3-t1,organic,nonlinear_backfill,4,5,,3 2 3 8 6
p050-b3-t10,organic,nonlinear_backfill,6,7,,1 3 4 3 5 7 6
p050-b3-t2,organic,linear_regression,2,3,,1 2 1
p050-b3-t3,organic,nonlinear_backfill,6,7,,1 2 3 4 3 8 7
p050-b3-t5,organic,nonlinear_backfill,6,11,4,1 2 4 6 7 1 2 3 4 6 2
p050-b3-t6,organic,nonlinear_skip_only,6,15,1,1 2 1 2 1 2 3 4 3 1 8 9 4 2 1
p050-b3-t7,organic,nonlinear_skip_only,4,7,1,1 2 1 2 3 5 1
p050-b3-t8,organic,nonlinear_backfill,5,6,,1 4 5 8 2 1
p050-b3-t9,organic,linear_regression,5,9,2,1 2 3 4 5 1 2 1 2
p050-b4-t10,organic,nonlinear_backfill,3,5,,1 3 2 1 2
p050-b4-t2,organic,nonlinear_backfill,4,6,1,5 1 2 5 4 1
p050-b4-t3,organic,nonlinear_backfill,6,14,1,1 2 3 4 7 5 4 2 1 2 3 1 2 1
p050-b4-t4,organic,nonlinear_backfill,4,4,,5 2 7 3
p050-b4-t5,organic,linear_regression,2,3,,1 2 1
p050-b4-t6,organic,nonlinear_backfill,9,15,5,1 2 3 1 3 4 5 6 5 7 9 8 4 5 4
p050-b4-t8,organic,nonlinear_backfill,4,9,1,1 2 1 7 3 1 3 2 1
p050-b4-t9,organic,nonlinear_backfill,5,6,,1 5 7 6 3 1
p050-b5-t10,organic,nonlinear_backfill,6,14,,1 2 5 6 7 4 1 2 1 2 1 2 5 6
p050-b5-t2,organic,nonlinear_skip_only,3,5,,1 3 4 3 1
p050-b5-t4,organic,nonlinear_backfill,5,6,,1 2 1 7 8 4
p050-b5-t5,organic,nonlinear_skip_only,2,2,,1 3
p050-b5-t6,organic,nonlinear_backfill,5,6,,1 5 6 7 3 1
p050-b5-t7,organic,nonlinear_backfill,3,3,,2 5 4
p050-b5-t8,organic,nonlinear_skip_only,3,3,,3 4 7
p050-b6-t1,organic,nonlinear_backfill,7,8,,1 2 3 5 8 9 8 4
p050-b6-t10,organic,nonlinear_backfill,7,8,9,1 4 5 9 7 6 5 3
p050-b6-t2,organic,nonlinear_backfill,7,17,1,1 2 4 5 3 2 4 5 6 9 2 3 1 2 1 2 1
p050-b6-t3,organic,nonlinear_backfill,6,8,1,1 2 3 5 7 6 2 1
p050-b6-t6,organic,linear_regression,3,5,2,1 2 3 1 2
p050-b6-t7,organic,nonlinear_skip_only,3,3,,1 5 6
p050-b6-t8,organic,nonlinear_skip_only,3,4,1,1 6 7 1
p050-b6-t9,organic,nonlinear_backfill,5,10,3,1 3 2 1 3 4 5 2 3 1
p004-b1-t1,typed,nonlinear_backfill,4,8,5,1 3 5 2 5 2 1 5
p004-b1-t10,typed,nonlinear_skip_only,5,8,7,1 2 5 6 7 6 7 1
p004-b1-t2,typed,nonlinear_backfill,4,8,1,2 1 4 5 4 1 4 1
p004-b1-t3,typed,linear_regression,6,9,5,1 2 3 4 5 6 5 4 1
p004-b1-t5,typed,linear_regression,5,7,4,1 2 3 4 5 4 1
p004-b1-t6,typed,nonlinear_backfill,5,8,3,1 3 4 5 3 4 2 1
p004-b1-t8,typed,linear_regression,3,6,2,1 2 3 2 1 2
p004-b1-t9,typed,nonlinear_backfill,6,13,1,1 5 4 3 4 2 1 2 1 5 6 5 1
p004-b2-t10,typed,linear_regression,2,5,2,1 2 1 2 1
p004-b2-t2,typed,linear_regression,5,9,4,1 2 3 2 4 5 4 3 4
p004-b2-t3,typed,nonlinear_backfill,7,16,2,2 1 2 1 2 3 2 1 2 4 5 6 7 4 3 2
p004-b2-t4,typed,nonlinear_backfill,10,17,2,1 2 3 2 5 8 7 8 11 12 11 13 7 4 3 2 3
p004-b2-t5,typed,nonlinear_backfill,9,18,1,1 4 3 4 3 2 1 2 5 4 7 9 10 11 7 4 2 1
p004-b2-t6,typed,nonlinear_skip_only,12,21,6,1 2 3 4 5 6 8 6 10 11 13 16 17 10 6 1 4 3 1 5 6
p004-b2-t7,typed,nonlinear_skip_only,9,17,6,1 2 3 2 1 4 3 5 6 5 7 9 10 7 6 5 3
p004-b2-t8,typed,nonlinear_backfill,6,9,1,1 2 3 7 10 9 3 2 1
p004-b2-t9,typed,nonlinear_backfill,10,27,5,1 2 3 5 6 7 6 7 8 9 10 8 6 4 5 4 8 6 5 8 2 3 1 2 5 4 3
p004-b3-t1,typed,linear_regression,9,19,2,1 2 3 2 3 4 5 4 3 6 7 8 9 5 4 3 4 2 1
p004-b3-t10,typed,linear_regression,10,32,4,1 2 3 4 5 3 2 1 2 3 4 5 6 7 8 9 10 9 3 4 3 2 1 2 1 2 3 2 3 2 3 4
p004-b3-t2,typed,nonlinear_backfill,11,23,2,1 2 1 2 1 2 3 5 7 8 10 9 8 11 5 6 7 4 3 2 1 2 1
p004-b3-t3,typed,nonlinear_backfill,5,8,3,2 1 3 4 3 2 5 3
p004-b3-t4,typed,nonlinear_backfill,12,31,2,1 2 1 2 3 2 3 4 3 5 6 5 4 3 4 6 8 9 11 12 13 5 7 6 4 2 1 2 3 4 2
p004-b3-t5,typed,nonlinear_backfill,11,26,1,2 1 2 3 2 3 4 5 6 8 9 10 11 9 8 6 8 5 4 6 7 3 2 1 2 1
p004-b3-t6,typed,nonlinear_backfill,10,24,1,1 2 5 6 5 6 5 6 8 9 8 9 10 7 8 6 5 3 2 4 5 1 2 1
p004-b3-t7,typed,nonlinear_backfill,6,16,4,1 4 2 1 2 5 4 6 4 1 5 4 3 4 6 1
p004-b3-t8,typed,nonlinear_backfill,8,13,3,1 2 3 1 2 5 9 13 12 6 3 2 1
p004-b4-t1,typed,nonlinear_backfill,13,27,5,1 5 3 1 4 5 8 9 11 12 13 14 15 14 13 10 11 10 11 8 6 5 4 5 4 3 1
p004-b4-t10,typed,nonlinear_backfill,7,12,3,1 3 4 6 5 11 3 1 2 3 2 3
p004-b4-t2,typed,nonlinear_backfill,7,13,7,1 3 2 1 3 2 3 2 4 5 6 7 1
p004-b4-t3,typed,nonlinear_backfill,10,27,2,2 3 4 3 2 3 6 5 3 2 5 6 7 8 10 12 8 5 3 4 5 4 3 2 1 2 3
p004-b4-t4,typed,nonlinear_backfill,7,10,7,2 3 4 5 4 5 7 6 7 8
p004-b4-t5,typed,nonlinear_backfill,7,14,6,1 4 3 2 3 2 1 5 6 7 6 4 6 4
p004-b4-t6,typed,nonlinear_backfill,13,39,6,3 4 3 2 1 2 1 3 1 2 1 2 3 4 5 4 5 4 5 4 6 5 6 5 7 8 11 12 13 14 15 7 6 5 6 5 4 6 4
p004-b4-t7,typed,nonlinear_backfill,10,20,3,1 2 1 2 3 4 8 11 10 11 10 9 8 7 5 4 3 4 3 2
p004-b4-t8,typed,nonlinear_backfill,12,31,1,2 3 4 5 1 6 7 8 7 9 10 11 12 11 9 8 6 5 6 9 4 3 4 5 1 3 2 1 2 3 1
p004-b4-t9,typed,nonlinear_backfill,12,32,5,1 2 4 6 7 4 5 3 1 3 2 3 4 3 4 5 6 7 8 10 11 12 13 11 6 5 2 5 2 5 3 2
p004-b5-t2,typed,nonlinear_backfill,7,17,6,1 5 6 4 3 1 4 5 6 5 6 5 6 7 8 6 4
p004-b5-t3,typed,nonlinear_backfill,11,19,4,1 4 3 2 1 7 6 7 8 9 7 11 12 5 4 3 4 3 4
p004-b5-t5,typed,linear_regression,5,6,5,1 2 3 4 5 3
p004-b5-t6,typed,nonlinear_backfill,5,17,3,1 2 1 2 3 2 3 2 3 2 5 4 2 3 2 3 2
p004-b5-t7,typed,linear_regression,3,7,3,1 2 3 2 1 3 1
p004-b5-t8,typed,nonlinear_backfill,16,28,9,3 2 3 5 6 7 6 7 8 9 10 11 12 13 14 15 18 19 20 14 12 13 10 9 8 10 8 7
p004-b5-t9,typed,nonlinear_backfill,11,19,3,1 2 3 4 8 9 8 6 10 11 12 9 10 5 4 5 4 3 2
p004-b6-t10,typed,nonlinear_backfill,9,20,9,1 2 3 1 2 6 2 3 1 2 3 5 6 7 9 10 11 9 7 6
p004-b6-t2,typed,nonlinear_backfill,10,18,3,1 2 1 3 2 3 4 5 7 6 7 6 8 9 10 9 3 2
p004-b6-t3,typed,nonlinear_backfill,11,18,4,1 4 3 2 1 6 7 8 7 8 9 11 12 15 6 4 3 1
p004-b6-t4,typed,linear_regression,2,5,2,1 2 1 2 1
p004-b6-t5,typed,linear_regression,3,9,2,1 2 1 2 3 1 2 1 2
p004-b6-t6,typed,nonlinear_backfill,5,8,5,1 5 1 2 3 4 5 2
p004-b6-t8,typed,linear_regression,2,4,2,1 2 1 2
p004-b6-t9,typed,nonlinear_skip_only,2,3,1,1 3 1
p005-b1-t1,typed,nonlinear_backfill,8,11,3,1 2 8 7 9 10 8 4 2 3 1
p005-b1-t10,typed,nonlinear_backfill,6,10,1,1 2 1 2 3 5 7 6 5 1
p005-b1-t2,typed,nonlinear_backfill,10,21,2,1 3 5 6 5 4 8 9 10 11 10 9 10 3 1 2 1 2 1 2 1
p005-b1-t3,typed,linear_regression,4,16,3,1 2 1 2 3 2 1 2 3 4 3 4 3 2 1 2
p005-b1-t4,typed,linear_regression,6,12,6,1 2 1 2 3 4 3 2 4 5 6 2
p005-b1-t5,typed,nonlinear_skip_only,6,23,2,1 2 3 2 1 2 1 3 2 4 5 9 4 3 1 2 1 2 3 2 3 2 1
p005-b1-t7,typed,nonlinear_skip_only,7,21,2,1 2 3 2 3 2 3 2 3 4 8 10 8 11 10 4 3 2 1 2 1
p005-b1-t8,typed,nonlinear_backfill,11,29,3,1 2 1 2 1 2 3 4 7 9 11 12 14 8 6 2 1 2 1 3 2 1 3 2 3 2 3 2 1
p005-b1-t9,typed,nonlinear_skip_only,4,14,3,1 2 1 2 3 2 1 2 3 2 3 2 1 6
p005-b2-t1,typed,nonlinear_backfill,5,13,3,1 3 4 3 4 5 1 4 3 2 4 3 1
p005-b2-t10,typed,linear_regression,4,7,3,1 2 1 2 3 4 3
p005-b2-t2,typed,nonlinear_backfill,10,30,5,1 4 6 9 8 11 9 7 4 5 6 1 2 3 5 4 5 4 5 4 3 2 1 3 2 4 5 6 5 1
p005-b2-t3,typed,nonlinear_backfill,8,16,1,1 2 1 2 3 2 3 5 6 9 11 4 3 1 2 1
p005-b2-t4,typed,nonlinear_backfill,7,19,6,1 5 9 6 9 4 2 1 5 6 3 4 2 3 4 6 5 6 2
p005-b2-t5,typed,nonlinear_backfill,6,16,4,1 2 3 1 4 3 2 7 6 2 4 1 2 4 3 1
p005-b2-t6,typed,nonlinear_skip_only,6,13,1,1 2 1 2 3 2 3 5 9 10 3 2 1
p005-b2-t7,typed,nonlinear_skip_only,7,23,2,1 2 4 5 6 7 6 5 6 8 4 2 1 2 1 2 1 2 1 2 1 2 1
p005-b2-t8,typed,nonlinear_backfill,6,15,5,1 2 1 2 5 6 7 6 5 3 2 3 5 3 5
p005-b2-t9,typed,linear_regression,4,9,1,1 2 1 2 3 2 4 3 1
p005-b3-t1,typed,nonlinear_backfill,7,29,2,1 2 1 2 1 2 5 8 7 8 7 4 2 1 3 2 1 2 1 2 3 2 3 2 1 2 1 2 1
p005-b3-t10,typed,nonlinear_backfill,6,8,1,1 4 5 8 10 1 2 1
p005-b3-t2,typed,nonlinear_backfill,12,25,1,4 1 2 1 2 1 3 2 3 4 5 4 5 4 7 8 7 6 9 12 11 13 5 3 1
p005-b3-t3,typed,nonlinear_backfill,9,28,4,1 4 5 4 3 4 5 3 4 5 4 5 6 5 6 9 8 7 5 3 2 1 4 3 4 1 3 1
p005-b3-t4,typed,nonlinear_backfill,7,17,1,1 3 2 1 2 1 3 4 3 4 3 5 4 5 6 7 1
p005-b3-t5,typed,nonlinear_skip_only,6,16,2,1 2 1 2 3 4 3 4 6 9 6 4 1 3 2 1
p005-b3-t6,typed,nonlinear_backfill,6,17,3,1 2 4 5 4 3 2 6 5 2 1 2 1 2 3 2 1
p005-b3-t7,typed,linear_regression,4,9,3,1 2 1 2 3 4 2 1 2
p005-b3-t8,typed,linear_regression,6,11,6,1 2 1 3 2 4 3 5 6 5 6
p005-b3-t9,typed,nonlinear_backfill,6,29,2,1 2 1 3 1 3 6 5 6 5 7 6 7 6 7 3 2 1 2 1 2 1 2 1 2 1 2 1 2
p005-b4-t1,typed,nonlinear_skip_only,5,25,2,1 2 3 5 9 2 1 2 1 2 1 3 2 3 2 1 2 1 2 1 2 1 2 1 2
p005-b4-t10,typed,linear_regression,5,13,1,1 2 1 2 3 4 3 4 5 4 5 2 1
p005-b4-t2,typed,nonlinear_backfill,5,11,1,1 3 4 3 5 4 1 5 2 1 2
p005-b4-t3,typed,nonlinear_backfill,7,12,1,1 2 1 2 7 8 9 8 9 10 5 1
p005-b4-t4,typed,nonlinear_backfill,6,12,1,1 4 1 2 1 2 1 5 6 3 2 1
p005-b4-t5,typed,nonlinear_backfill,4,16,4,1 3 4 3 1 2 3 2 3 1 4 3 4 1 4 1
p005-b4-t6,typed,nonlinear_skip_only,4,16,2,1 2 3 2 1 2 1 3 6 3 2 1 3 2 1 2
p005-b4-t7,typed,nonlinear_backfill,6,12,4,1 3 1 6 7 3 1 4 5 6 3 4
p005-b4-t8,typed,nonlinear_skip_only,7,16,2,1 2 3 4 5 6 10 1 2 1 2 1 2 1 2 1
p005-b4-t9,typed,nonlinear_backfill,3,7,1,1 4 1 2 1 4 1
p005-b5-t1,typed,nonlinear_backfill,5,15,1,1 3 1 2 3 4 3 4 6 1 3 4 3 2 1
p005-b5-t10,typed,linear_regression,5,16,3,1 2 3 2 1 2 3 2 1 3 2 1 3 4 5 4
p005-b5-t2,typed,nonlinear_backfill,9,26,7,1 4 3 4 5 6 5 6 4 3 6 7 8 9 6 7 2 3 1 6 5 4 5 7 6 3
p005-b5-t3,typed,nonlinear_backfill,4,17,3,1 3 2 3 4 3 2 3 4 3 4 3 4 3 4 3 4
p005-b5-t4,typed,nonlinear_backfill,7,25,2,1 2 1 3 2 3 4 3 4 3 5 4 5 4 5 7 6 5 4 3 5 1 2 1 2
p005-b5-t5,typed,nonlinear_backfill,4,5,1,1 5 4 1 2
p005-b5-t6,typed,nonlinear_backfill,8,18,4,1 3 1 2 1 5 4 5 6 7 8 3 1 2 4 1 2 1
p005-b5-t7,typed,nonlinear_backfill,7,22,2,1 3 4 5 4 5 7 4 3 4 3 5 6 5 2 1 2 1 2 1 2 1
p005-b5-t8,typed,linear_regression,2,9,1,1 2 1 2 1 2 1 2 1
p005-b5-t9,typed,nonlinear_skip_only,4,15,2,1 2 1 2 4 2 1 4 1 2 1 2 4 5 1
p005-b6-t1,typed,nonlinear_skip_only,7,14,5,1 2 3 4 5 6 5 6 8 2 1 2 5 3
p005-b6-t10,typed,linear_regression,4,12,1,1 2 3 2 1 3 4 1 2 1 2 1
p005-b6-t2,typed,strictly_linear,1,1,2,1
p005-b6-t3,typed,linear_regression,5,15,2,1 2 1 2 1 2 3 2 4 1 2 1 2 1 5
p005-b6-t4,typed,nonlinear_backfill,3,4,6,8 7 9 8
p005-b6-t8,typed,nonlinear_backfill,4,21,2,4 3 4 3 2 3 2 1 2 1 2 1 2 3 4 3 1 2 1 2 1
p005-b6-t9,typed,nonlinear_backfill,12,42,3,5 4 3 4 3 4 5 4 3 4 3 4 3 8 3 5 2 1 2 3 4 3 5 6 7 6 7 8 7 9 10 9 11 10 12 6 4 5 2 1 3 1
p006-b1-t1,typed,nonlinear_backfill,12,31,1,2 1 4 2 1 2 3 1 3 4 2 1 2 1 2 3 5 7 6 7 10 11 13 8 9 7 5 4 3 2 1
p006-b1-t10,typed,nonlinear_backfill,6,18,2,1 2 4 3 2 1 2 1 2 4 1 2 1 2 5 6 2 1
p006-b1-t2,typed,nonlinear_backfill,10,14,1,1 2 3 4 5 7 6 8 9 12 5 3 2 1
p006-b1-t3,typed,nonlinear_backfill,6,15,1,2 1 2 1 2 1 2 1 3 5 6 11 6 2 1
p006-b1-t4,typed,linear_regression,5,17,3,1 2 1 2 3 2 3 4 3 2 3 5 2 1 3 2 1
p006-b1-t5,typed,nonlinear_backfill,8,23,5,1 2 1 2 3 2 4 5 6 8 7 5 4 2 1 2 3 4 3 2 4 5 1
p006-b1-t6,typed,nonlinear_skip_only,10,18,1,1 2 1 2 1 2 3 5 2 1 2 6 7 8 10 11 12 1
p006-b1-t7,typed,nonlinear_backfill,13,30,3,1 2 1 3 1 2 3 2 3 4 5 6 8 12 11 10 11 12 11 12 14 15 12 9 6 3 2 1 3 1
p006-b1-t8,typed,nonlinear_backfill,10,23,4,1 2 1 4 5 4 1 4 5 9 10 12 13 9 10 8 5 4 5 3 1 4 1
p006-b2-t1,typed,nonlinear_backfill,10,17,1,1 2 3 2 3 2 3 4 6 9 10 11 8 6 5 3 1
p006-b2-t10,typed,nonlinear_backfill,11,26,6,1 2 1 2 1 2 1 2 3 4 6 9 11 12 11 12 13 12 13 9 8 6 5 6 4 3
p006-b2-t3,typed,nonlinear_skip_only,10,37,1,1 2 1 3 2 1 3 1 3 2 3 2 3 4 3 2 3 4 5 4 5 6 7 6 5 4 5 6 5 6 7 8 10 11 6 2 1
p006-b2-t4,typed,nonlinear_backfill,9,18,10,1 2 1 3 1 2 3 1 4 6 5 10 13 10 8 1 2 10
p006-b2-t5,typed,nonlinear_backfill,7,14,9,1 2 1 2 1 2 3 2 3 4 8 9 8 7
p006-b2-t6,typed,nonlinear_backfill,4,11,2,2 1 2 3 5 3 1 2 1 2 1
p006-b2-t7,typed,linear_regression,3,31,2,1 2 1 2 1 2 3 2 3 2 1 2 3 2 1 2 1 2 1 2 3 2 3 1 2 3 2 1 3 2 1
p006-b2-t8,typed,nonlinear_backfill,7,18,5,1 2 5 2 1 3 5 1 6 5 4 5 6 7 4 5 6 2
p006-b2-t9,typed,linear_regression,3,10,2,1 2 1 2 1 2 1 2 3 2
p006-b3-t1,typed,nonlinear_backfill,3,13,1,1 3 1 2 1 2 1 3 1 2 3 2 1
p006-b3-t10,typed,nonlinear_backfill,6,16,2,1 2 1 2 3 5 8 7 5 3 1 2 1 2 1 2
p006-b3-t2,typed,nonlinear_backfill,8,14,1,1 3 1 3 5 6 7 8 11 7 5 2 3 1
p006-b3-t3,typed,nonlinear_skip_only,4,9,2,1 2 1 2 1 2 3 5 2
p006-b3-t7,typed,nonlinear_skip_only,6,38,2,1 2 1 2 1 2 1 2 3 2 1 3 1 2 1 2 1 2 1 2 1 2 1 2 1 2 1 3 2 3 4 5 9 5 3 2 1 2
p006-b3-t8,typed,linear_regression,5,11,2,1 2 1 2 3 2 3 2 4 5 1
p006-b3-t9,typed,nonlinear_backfill,10,32,4,1 2 3 4 5 4 5 6 10 8 10 9 8 6 7 6 4 3 2 1 3 4 3 2 3 4 3 5 4 5 4 1
p006-b4-t1,typed,nonlinear_backfill,9,15,7,1 2 1 2 3 4 5 6 7 6 7 12 8 7 5
p006-b4-t10,typed,nonlinear_skip_only,8,29,3,1 2 1 3 2 1 2 1 2 1 2 3 4 3 5 3 5 6 7 11 6 3 2 1 2 1 2 3 1
p006-b4-t2,typed,nonlinear_backfill,6,23,5,2 3 1 3 2 5 1 3 2 3 4 5 4 5 4 5 4 5 6 2 4 5 6
p006-b4-t3,typed,nonlinear_backfill,7,19,2,1 2 1 2 3 2 4 6 5 6 9 5 4 5 4 3 2 1 2
p006-b4-t5,typed,nonlinear_backfill,6,10,9,1 4 5 9 5 3 1 9 6 5
p006-b4-t6,typed,linear_regression,3,24,3,1 2 1 2 1 2 1 2 3 2 3 2 1 2 1 2 1 2 3 2 3 2 3 1
p006-b4-t7,typed,nonlinear_backfill,12,31,9,1 2 3 4 6 5 6 7 9 8 9 7 9 10 11 12 10 11 9 1 9 4 1 4 1 3 5 7 8 9 5
p006-b4-t8,typed,nonlinear_backfill,3,6,1,3 1 2 1 3 1
p006-b4-t9,typed,nonlinear_backfill,7,24,2,1 3 1 2 3 2 1 2 1 2 1 2 1 2 3 5 3 5 4 6 7 3 1 2
p006-b5-t1,typed,nonlinear_backfill,12,29,11,2 1 2 1 5 3 2 1 3 1 4 5 4 3 2 1 2 7 6 8 9 11 10 11 12 11 10 9 8
p006-b5-t10,typed,nonlinear_backfill,10,16,7,1 2 3 4 5 6 5 6 8 7 8 9 10 6 7 5
p006-b5-t3,typed,linear_regression,7,14,3,1 2 1 2 3 4 3 4 5 6 7 3 4 3
p006-b5-t4,typed,nonlinear_backfill,10,23,3,3 2 4 3 5 9 10 11 10 11 8 9 8 6 4 3 4 3 2 1 2 3 1
p006-b5-t5,typed,linear_regression,4,8,3,1 2 3 1 3 4 3 1
p006-b5-t6,typed,nonlinear_backfill,7,21,4,1 3 2 1 2 3 4 5 4 1 2 3 4 3 4 5 4 8 7 8 2
p006-b5-t8,typed,nonlinear_backfill,8,27,3,1 2 1 2 3 2 4 3 4 8 11 10 8 6 3 2 1 2 3 4 2 3 4 3 4 3 1
p006-b5-t9,typed,linear_regression,6,7,6,1 2 3 4 5 6 5
p006-b6-t1,typed,linear_regression,4,7,4,1 2 3 4 1 4 1
p006-b6-t10,typed,nonlinear_skip_only,7,12,1,1 2 3 2 1 3 5 6 9 13 2 1
p006-b6-t2,typed,nonlinear_backfill,7,12,2,1 2 1 2 4 5 6 9 3 1 2 1
p006-b6-t3,typed,nonlinear_backfill,8,9,1,1 2 5 4 6 8 12 3 1
p006-b6-t4,typed,linear_regression,3,7,2,1 2 1 2 3 2 1
p006-b6-t5,typed,linear_regression,4,7,3,1 2 3 2 3 4 1
p006-b6-t6,typed,nonlinear_skip_only,9,10,1,1 2 3 4 5 8 9 10 12 1
p006-b6-t7,typed,nonlinear_skip_only,8,13,9,1 2 3 4 1 6 7 9 12 2 6 9 6
p006-b6-t8,typed,nonlinear_backfill,7,13,2,1 2 3 2 1 2 5 6 9 8 2 1 2
p006-b6-t9,typed,linear_regression,6,11,5,1 2 3 4 3 5 6 5 4 5 4
p007-b1-t1,typed,linear_regression,6,23,4,1 2 3 4 5 4 5 4 5 4 1 5 4 5 4 5 1 5 6 5 4 3 1
p007-b1-t10,typed,nonlinear_backfill,10,25,6,1 2 1 2 3 4 3 6 7 6 5 4 6 7 8 9 10 7 6 5 6 9 6 5 6
p007-b1-t2,typed,nonlinear_skip_only,7,10,2,1 2 3 4 6 7 8 1 2 1
p007-b1-t3,typed,linear_regression,4,11,2,1 2 3 1 2 1 2 3 4 2 1
p007-b1-t4,typed,linear_regression,6,10,3,1 2 1 2 3 4 5 6 3 2
p007-b1-t5,typed,nonlinear_backfill,10,19,1,1 4 1 4 5 4 11 10 11 12 10 8 7 4 2 1 3 2 1
p007-b1-t6,typed,linear_regression,5,18,5,1 2 1 3 4 2 3 4 3 5 4 5 4 5 4 5 4 5
p007-b1-t7,typed,nonlinear_backfill,7,15,4,1 4 1 4 5 6 7 9 4 3 4 5 4 5 4
p007-b1-t8,typed,linear_regression,6,10,6,1 2 3 1 2 3 4 5 4 6
p007-b2-t1,typed,nonlinear_backfill,6,16,5,1 5 6 5 1 3 2 3 4 5 6 5 3 6 5 6
p007-b2-t10,typed,nonlinear_backfill,7,15,1,1 2 1 3 2 1 6 8 7 8 4 3 4 3 1
p007-b2-t2,typed,linear_regression,6,14,4,1 2 3 2 1 3 4 5 6 3 2 3 4 2
p007-b2-t3,typed,nonlinear_skip_only,6,14,6,1 2 5 6 7 6 8 7 8 7 8 6 2 1
p007-b2-t4,typed,nonlinear_skip_only,6,11,4,1 2 3 4 1 3 4 6 7 3 2
p007-b2-t5,typed,nonlinear_backfill,8,38,3,1 2 1 2 4 6 7 8 6 2 1 2 3 4 3 4 3 4 5 7 5 4 3 4 3 4 3 5 3 2 4 3 2 1 2 3 2 1
p007-b2-t6,typed,nonlinear_backfill,8,24,2,1 2 4 1 3 1 3 2 1 5 6 7 8 6 5 3 1 2 3 2 1 2 1 2
p007-b2-t7,typed,nonlinear_skip_only,11,34,6,1 2 1 2 3 1 2 3 4 5 6 7 6 8 10 5 4 5 10 11 5 4 3 4 5 6 7 12 6 5 6 7 5 6
p007-b2-t9,typed,nonlinear_backfill,6,25,3,1 2 3 5 6 4 5 6 5 6 5 4 5 4 2 1 2 1 2 3 2 3 4 5 3
p007-b3-t1,typed,nonlinear_backfill,8,17,9,1 6 1 2 5 6 7 8 7 8 3 1 7 9 8 7 8
p007-b3-t10,typed,nonlinear_backfill,13,34,7,1 2 3 1 4 3 5 7 1 4 5 6 8 9 10 12 13 11 1 2 4 5 7 8 9 8 10 8 10 11 10 6 7 5
p007-b3-t2,typed,linear_regression,7,29,2,1 2 1 2 1 2 3 4 3 4 5 6 7 4 2 1 2 1 2 1 2 3 2 3 2 4 3 2 1
p007-b3-t3,typed,nonlinear_backfill,10,23,3,1 2 4 5 6 7 8 9 10 8 1 3 5 6 5 6 1 2 3 2 4 3 1
p007-b3-t4,typed,nonlinear_backfill,7,23,5,1 3 4 5 4 13 6 4 5 1 2 3 4 5 1 2 4 3 5 6 5 4 6
p007-b3-t5,typed,nonlinear_backfill,10,17,6,1 4 5 1 3 5 6 1 7 6 7 8 10 11 13 7 6
p007-b3-t6,typed,nonlinear_backfill,7,15,4,1 2 4 5 4 6 5 4 3 5 4 5 6 7 6
p007-b3-t7,typed,linear_regression,2,3,1,1 2 1
p007-b3-t8,typed,nonlinear_backfill,8,26,2,1 4 1 3 4 2 1 4 6 1 2 3 4 3 2 3 4 5 6 7 8 6 5 4 2 1
p007-b3-t9,typed,nonlinear_skip_only,5,7,6,1 2 4 5 6 5 6
p007-b4-t1,typed,nonlinear_backfill,12,16,4,1 2 4 5 6 5 7 8 6 9 10 11 12 4 3 4
p007-b4-t10,typed,linear_regression,11,49,9,1 2 1 2 3 4 5 6 7 6 8 9 10 11 10 9 1 4 6 7 6 5 6 4 5 6 5 7 6 7 6 4 9 8 10 9 6 7 5 2 1 2 6 2 10 11 9 6 5
p007-b4-t3,typed,nonlinear_backfill,10,28,4,1 4 2 4 5 4 6 5 4 6 8 9 4 3 4 6 7 9 8 10 9 8 9 8 4 3 4 3
p007-b4-t4,typed,linear_regression,4,26,2,1 2 3 4 1 2 3 2 1 3 4 3 2 3 2 1 2 1 2 1 2 3 2 3 1 2
p007-b4-t5,typed,linear_regression,5,11,1,1 2 1 2 3 1 3 4 5 2 1
p007-b4-t6,typed,nonlinear_backfill,7,17,7,1 2 5 2 1 4 5 6 7 9 6 1 2 5 6 7 5
p007-b4-t7,typed,linear_regression,9,35,4,1 2 3 4 3 4 5 6 7 8 9 8 5 3 1 2 3 4 5 6 5 6 8 7 8 9 8 7 6 5 4 5 4 3 4
p007-b4-t8,typed,nonlinear_skip_only,11,21,11,1 2 3 4 5 1 4 5 6 7 6 7 8 10 11 2 1 6 11 12 11
p007-b4-t9,typed,nonlinear_skip_only,11,23,7,1 2 3 2 1 2 3 4 3 4 3 5 6 5 6 7 8 9 11 12 7 6 7
p007-b5-t1,typed,nonlinear_backfill,8,26,2,1 2 3 5 4 5 7 8 7 1 2 1 2 3 4 5 7 6 7 6 7 8 7 8 1 2
p007-b5-t10,typed,nonlinear_backfill,9,30,1,2 3 1 2 3 5 2 1 2 3 5 6 7 8 9 1 2 1 2 3 4 5 1 3 1 2 1 2 3 4
p007-b5-t2,typed,linear_regression,4,10,2,1 2 3 2 3 2 4 3 1 2
p007-b5-t3,typed,linear_regression,10,22,6,1 2 3 2 4 5 6 5 7 8 9 8 9 10 8 6 5 6 5 4 6 5
p007-b5-t4,typed,linear_regression,9,18,3,1 2 3 2 1 3 4 5 6 7 8 7 8 9 3 2 3 1
p007-b5-t5,typed,linear_regression,11,22,7,1 2 3 2 4 5 1 5 6 7 8 7 8 9 10 11 8 6 7 6 5 4
p007-b5-t6,typed,nonlinear_backfill,8,23,2,1 2 3 4 1 3 4 3 4 5 6 8 7 5 3 4 3 2 1 2 3 2 1
p007-b5-t7,typed,nonlinear_skip_only,12,26,8,1 2 3 4 5 6 7 8 7 8 7 9 10 11 10 5 10 11 15 11 9 8 7 8 7 8
p007-b5-t8,typed,nonlinear_backfill,12,33,6,1 2 4 5 6 7 9 10 11 12 2 1 2 1 5 4 2 1 3 4 5 4 5 6 5 6 8 9 6 9 5 6 4
p007-b5-t9,typed,nonlinear_backfill,3,7,3,1 3 2 1 2 1 3
p007-b6-t1,typed,nonlinear_backfill,8,30,2,1 2 1 3 5 6 1 2 3 4 5 6 7 8 1 2 3 2 3 2 1 3 1 2 3 1 2 3 4 1
p007-b6-t10,typed,nonlinear_backfill,9,13,8,1 2 3 5 6 8 3 1 8 10 9 11 8
p007-b6-t3,typed,nonlinear_backfill,5,18,4,1 2 1 2 3 1 2 3 5 4 5 4 5 4 3 2 4 2
p007-b6-t4,typed,linear_regression,6,13,2,1 2 3 1 2 4 3 5 6 2 1 2 1
p007-b6-t5,typed,nonlinear_backfill,11,20,9,1 2 3 4 7 8 9 10 11 13 12 10 9 10 9 10 9 8 7 9
p007-b6-t6,typed,nonlinear_backfill,12,27,8,2 3 4 5 8 9 7 6 5 7 8 9 3 2 7 9 10 11 12 11 13 12 8 9 8 7 8
p007-b6-t7,typed,nonlinear_skip_only,8,23,5,1 2 1 2 4 5 2 1 2 4 5 1 5 6 7 8 7 8 10 1 4 5 4
p007-b6-t8,typed,nonlinear_skip_only,9,11,3,1 2 3 4 5 6 7 8 11 3 2
p007-b6-t9,typed,nonlinear_skip_only,9,20,2,1 2 1 2 3 2 1 2 3 4 5 6 5 8 10 11 5 1 2 1
p008-b1-t1,typed,nonlinear_backfill,9,13,1,1 3 4 5 4 5 4 9 11 12 15 7 1
p008-b1-t10,typed,nonlinear_skip_only,5,15,2,1 2 1 2 1 2 1 4 2 4 6 7 1 2 1
p008-b1-t2,typed,nonlinear_backfill,5,22,2,1 3 5 4 3 2 1 2 3 1 2 3 2 1 2 3 2 3 2 1 2 1
p008-b1-t3,typed,linear_regression,4,13,1,1 2 1 2 1 3 1 2 3 1 3 4 1
p008-b1-t4,typed,nonlinear_backfill,9,20,2,1 2 3 4 3 4 5 6 7 9 8 3 2 1 2 1 2 1 2 1
p008-b1-t6,typed,nonlinear_skip_only,11,25,1,1 2 1 2 3 2 1 4 6 7 8 7 8 9 10 11 12 11 6 2 1 3 4 2 1
p008-b1-t9,typed,linear_regression,4,13,2,1 2 1 2 3 2 3 2 3 4 3 2 1
p008-b2-t1,typed,linear_regression,4,19,2,1 2 1 2 3 2 1 2 3 4 3 2 1 2 3 2 1 4 3
p008-b2-t10,typed,linear_regression,2,5,1,1 2 1 2 1
p008-b2-t3,typed,linear_regression,4,9,1,1 2 1 2 1 2 3 4 1
p008-b2-t4,typed,nonlinear_backfill,6,15,6,1 2 1 3 5 4 5 6 5 4 5 6 4 6 3
p008-b2-t5,typed,nonlinear_backfill,8,17,5,1 4 1 2 5 4 6 8 7 4 5 4 5 3 2 5 2
p008-b2-t6,typed,nonlinear_skip_only,3,4,1,1 3 4 1
p008-b2-t7,typed,linear_regression,2,9,2,1 2 1 2 1 2 1 2 1
p008-b2-t9,typed,linear_regression,3,11,2,1 2 1 2 1 2 3 2 1 2 1
p008-b3-t1,typed,linear_regression,2,5,1,1 2 1 2 1
p008-b3-t3,typed,nonlinear_skip_only,5,6,1,1 2 5 8 10 1
p008-b3-t4,typed,nonlinear_backfill,7,20,7,1 4 3 2 1 5 4 5 6 4 6 7 5 6 5 4 5 6 7 6
p008-b3-t5,typed,linear_regression,4,5,1,1 2 3 4 1
p008-b3-t6,typed,linear_regression,3,15,3,1 2 1 3 1 2 1 2 1 3 2 3 2 3 1
p008-b3-t8,typed,linear_regression,6,14,2,1 2 1 2 1 2 3 4 5 6 2 1 2 1
p008-b4-t1,typed,linear_regression,3,7,1,1 2 1 2 3 2 1
p008-b4-t10,typed,nonlinear_skip_only,7,11,1,1 2 4 5 6 5 6 7 9 2 1
p008-b4-t2,typed,linear_regression,5,6,3,1 2 3 1 4 5
p008-b4-t3,typed,linear_regression,3,13,3,1 2 1 2 3 2 3 1 3 1 3 1 3
p008-b4-t4,typed,nonlinear_backfill,5,7,5,1 3 4 2 5 4 5
p008-b4-t5,typed,linear_regression,4,13,2,1 2 1 2 1 2 1 2 1 2 3 4 2
p008-b4-t7,typed,nonlinear_backfill,4,9,5,1 4 5 4 5 3 4 5 4
p008-b4-t8,typed,nonlinear_backfill,4,10,5,1 4 5 4 3 4 1 4 5 4
p008-b5-t1,typed,linear_regression,4,5,1,1 2 3 4 1
p008-b5-t10,typed,linear_regression,3,11,1,1 2 1 2 1 2 3 2 3 2 1
p008-b5-t2,typed,linear_regression,5,9,4,1 2 1 3 4 5 4 5 4
p008-b5-t3,typed,linear_regression,4,6,3,1 2 3 4 3 2
p008-b5-t4,typed,linear_regression,4,13,3,1 2 1 2 3 1 3 1 3 4 3 4 1
p008-b5-t5,typed,nonlinear_skip_only,8,22,8,1 2 1 2 1 4 5 4 5 4 5 7 8 9 8 7 8 9 8 10 7 4
p008-b5-t6,typed,linear_regression,2,7,1,1 2 1 2 1 2 1
p008-b5-t7,typed,linear_regression,2,3,1,1 2 1
p008-b5-t8,typed,linear_regression,3,7,3,1 2 1 3 2 1 3
p008-b6-t1,typed,linear_regression,5,9,4,1 2 1 2 1 3 1 4 5
p008-b6-t10,typed,linear_regression,5,14,3,1 2 3 2 3 2 4 5 3 1 2 3 2 3
p008-b6-t2,typed,linear_regression,3,4,1,1 2 1 3
p008-b6-t3,typed,linear_regression,3,4,2,1 2 3 1
p008-b6-t4,typed,nonlinear_skip_only,4,6,1,1 2 4 2 5 1
p008-b6-t5,typed,linear_regression,3,22,3,1 2 1 2 1 2 3 1 2 3 2 3 2 3 1 3 1 2 1 2 1 3
p008-b6-t6,typed,linear_regression,3,5,2,1 2 3 1 2
p008-b6-t7,typed,nonlinear_backfill,3,5,5,1 5 4 5 4
p008-b6-t9,typed,nonlinear_skip_only,2,3,1,1 3 1
p009-b1-t1,typed,nonlinear_backfill,11,28,3,1 2 1 2 3 1 3 1 2 3 4 3 4 5 6 7 8 11 10 9 6 7 8 1 2 3 2 1
p009-b1-t2,typed,nonlinear_backfill,14,39,1,1 2 1 2 1 2 1 2 3 2 1 2 3 2 3 4 2 5 6 7 8 10 9 8 11 12 13 14 13 8 4 3 2 3 1 2 1 2 1
p009-b1-t3,typed,nonlinear_backfill,4,10,4,3 1 3 1 3 2 3 4 1 4
p009-b1-t4,typed,nonlinear_backfill,9,12,1,1 2 1 3 9 10 11 12 9 8 6 1
p009-b1-t5,typed,nonlinear_backfill,10,27,1,1 2 1 2 1 4 1 5 2 1 4 5 7 5 12 11 9 8 9 7 5 4 3 2 1 2 1
p009-b1-t6,typed,nonlinear_backfill,8,15,1,1 2 1 2 4 8 9 10 9 2 7 6 9 2 1
p009-b1-t7,typed,nonlinear_backfill,12,36,10,1 2 3 8 9 13 10 11 10 8 10 9 5 4 2 1 2 1 3 2 4 1 6 8 7 8 9 10 11 10 8 7 11 10 9 6
p009-b1-t8,typed,nonlinear_backfill,12,26,2,1 2 1 2 1 2 3 4 5 4 5 7 10 11 14 16 14 13 6 3 1 2 4 1 2 1
p009-b1-t9,typed,nonlinear_backfill,9,25,5,1 2 1 2 1 2 3 2 1 3 1 3 4 3 6 5 8 7 8 10 7 6 5 2 1
p009-b2-t1,typed,nonlinear_backfill,12,29,2,1 2 4 6 4 5 6 7 6 5 6 11 9 12 11 10 12 13 11 12 13 6 4 1 2 1 2 3 2
p009-b2-t10,typed,nonlinear_backfill,11,26,3,1 2 1 2 1 2 3 1 3 4 6 8 12 14 10 11 10 9 6 3 2 1 3 4 3 1
p009-b2-t2,typed,nonlinear_backfill,13,33,2,1 2 1 2 3 2 3 4 6 7 8 7 6 7 6 5 8 7 9 8 11 10 12 11 14 12 11 5 3 1 2 1 2
p009-b2-t5,typed,nonlinear_backfill,13,31,4,1 2 3 2 3 4 5 4 5 6 7 8 10 11 10 8 9 10 11 12 13 11 7 6 5 3 2 4 1 2 4
p009-b2-t7,typed,nonlinear_backfill,11,30,1,1 2 1 2 3 2 1 2 3 5 8 10 8 10 11 12 14 12 13 12 13 14 12 8 7 1 2 1 2 1
p009-b2-t8,typed,nonlinear_backfill,11,22,2,1 2 1 2 3 4 5 6 5 6 12 10 14 13 14 12 7 6 4 1 2 1
p009-b2-t9,typed,nonlinear_backfill,8,24,6,1 2 1 2 3 2 3 5 6 7 6 7 8 6 3 1 2 3 5 4 6 5 6 5
p009-b3-t1,typed,nonlinear_backfill,12,30,2,1 2 4 3 4 6 8 10 11 12 10 9 12 14 6 5 6 2 1 2 1 2 3 4 2 1 2 1 2 3
p009-b3-t10,typed,nonlinear_backfill,9,22,2,1 2 1 2 1 4 2 4 7 8 9 8 9 7 6 7 12 9 1 2 3 2
p009-b3-t2,typed,nonlinear_backfill,13,29,1,1 3 1 3 2 1 3 2 5 8 7 9 10 12 14 15 14 10 6 2 1 3 1 3 2 3 5 4 1
p009-b3-t3,typed,nonlinear_backfill,11,22,1,1 2 3 2 1 2 9 7 9 6 7 5 4 10 11 10 11 12 2 1 2 1
p009-b3-t4,typed,nonlinear_backfill,12,23,1,1 3 1 2 3 1 3 4 5 3 2 3 4 6 7 8 9 10 12 14 6 5 1
p009-b3-t5,typed,nonlinear_backfill,14,30,5,1 6 1 2 3 4 5 6 7 10 11 12 14 13 14 16 15 16 10 6 5 2 1 4 5 6 5 6 5 1
p009-b3-t6,typed,nonlinear_backfill,10,19,2,1 2 3 4 5 7 8 11 12 6 3 2 1 2 1 2 3 1 2
p009-b3-t7,typed,nonlinear_backfill,10,25,1,1 2 1 4 7 9 7 12 10 11 10 11 12 10 9 7 5 6 5 4 1 2 1 2 1
p009-b3-t8,typed,nonlinear_skip_only,5,13,3,1 2 3 4 3 4 1 2 3 4 3 6 1
p009-b3-t9,typed,nonlinear_backfill,10,31,2,1 2 1 2 1 2 4 6 7 5 6 5 4 6 2 1 7 11 14 11 10 11 10 9 4 2 1 2 1 2 1
p009-b4-t1,typed,nonlinear_backfill,9,18,1,1 2 1 4 3 4 5 2 4 3 7 10 9 10 11 10 2 1
p009-b4-t10,typed,nonlinear_backfill,11,35,2,1 2 4 5 3 1 3 1 3 5 3 4 10 9 10 12 10 9 10 12 11 14 15 14 1 2 1 2 3 4 3 1 3 2 1
p009-b4-t2,typed,nonlinear_backfill,12,35,3,1 2 1 2 3 1 3 1 2 3 1 6 5 3 7 5 6 8 6 13 10 14 12 9 10 9 7 8 6 7 6 1 2 3 1
p009-b4-t4,typed,nonlinear_backfill,10,20,3,1 2 1 3 1 2 3 5 9 8 12 13 7 4 3 1 3 4 3 1
p009-b4-t5,typed,nonlinear_backfill,11,27,1,1 2 1 2 1 2 1 3 2 1 3 4 5 4 6 7 6 7 5 11 10 12 13 7 1 2 1
p009-b4-t6,typed,nonlinear_backfill,11,23,1,1 3 2 1 2 1 3 2 4 6 8 11 10 11 12 13 11 9 4 3 1 2 1
p009-b4-t8,typed,nonlinear_backfill,8,17,1,1 2 1 2 3 2 1 2 3 4 3 2 8 14 12 5 1
p009-b4-t9,typed,nonlinear_skip_only,4,9,2,1 2 1 2 9 10 9 2 1
p009-b5-t1,typed,nonlinear_backfill,11,31,1,1 2 3 1 2 1 3 2 1 2 3 4 5 4 9 10 9 12 10 9 12 11 13 14 3 2 3 2 1 2 1
p009-b5-t10,typed,nonlinear_backfill,9,32,2,1 2 3 1 3 2 1 2 3 2 1 3 2 3 9 3 2 3 8 10 11 10 13 12 13 12 8 1 2 3 2 1
p009-b5-t2,typed,nonlinear_backfill,12,29,1,1 2 1 2 4 3 4 5 6 7 8 9 10 12 11 10 4 2 1 2 1 2 1 2 1 2 1 2 3
p009-b5-t3,typed,nonlinear_backfill,12,37,1,1 2 1 2 1 2 3 2 3 4 3 4 5 4 5 6 5 9 13 12 13 9 10 8 9 10 6 7 6 5 4 5 4 5 1 2 1
p009-b5-t5,typed,nonlinear_backfill,12,26,1,1 2 1 2 1 3 5 4 5 6 7 8 7 9 10 9 8 9 12 13 12 13 10 13 6 1
p009-b5-t6,typed,nonlinear_backfill,10,21,1,1 2 3 1 4 3 5 10 8 13 9 7 9 10 4 3 1 2 1 2 1
p009-b5-t7,typed,nonlinear_backfill,14,24,4,1 2 3 1 5 8 9 11 12 13 14 16 15 14 13 12 7 4 3 1 2 3 4 3
p009-b5-t8,typed,nonlinear_skip_only,9,30,5,1 2 1 3 2 1 2 3 4 3 4 3 4 5 6 5 4 10 13 14 2 1 2 1 4 5 4 5 4 3
p009-b5-t9,typed,nonlinear_backfill,9,24,1,1 2 1 3 4 1 2 3 4 5 4 2 3 5 6 5 3 4 5 9 12 10 6 1
p009-b6-t1,typed,nonlinear_backfill,12,32,1,1 2 1 4 1 2 1 2 4 3 2 3 2 1 2 4 5 6 7 8 5 9 8 5 9 10 13 14 13 14 2 1
p009-b6-t2,typed,nonlinear_backfill,11,27,1,1 2 1 2 1 2 3 2 3 4 3 4 6 10 11 10 12 11 10 9 10 9 8 7 3 4 1
p009-b6-t3,typed,nonlinear_backfill,8,19,1,1 2 3 1 2 3 2 1 3 2 3 4 6 11 13 9 6 4 1
p009-b6-t4,typed,nonlinear_backfill,11,19,1,1 2 3 4 5 6 5 6 7 10 12 13 12 11 10 6 1 2 1
p009-b6-t6,typed,nonlinear_backfill,5,13,1,1 3 1 2 3 1 4 5 3 2 1 2 1
p009-b6-t7,typed,nonlinear_skip_only,7,16,6,1 2 3 4 5 6 12 6 5 6 1 6 1 6 5 3
p009-b6-t8,typed,nonlinear_backfill,7,33,7,1 2 1 2 1 2 1 2 5 6 7 8 7 2 1 2 3 2 7 1 2 1 2 1 3 7 3 6 7 3 7 2 7
p009-b6-t9,typed,nonlinear_backfill,3,12,1,1 3 1 3 2 1 3 2 3 1 3 1
p010-b1-t1,typed,nonlinear_backfill,8,24,1,10 4 5 6 1 2 3 2 4 3 4 2 4 5 4 6 7 6 1 2 1 2 1 2
p010-b1-t10,typed,nonlinear_backfill,13,26,5,1 3 4 3 4 10 5 7 4 8 7 8 10 9 11 13 12 15 10 11 10 11 12 7 5 2
p010-b1-t2,typed,linear_regression,12,47,2,1 2 1 2 1 2 1 3 4 1 3 4 5 6 5 6 4 5 7 6 5 8 7 8 7 9 10 11 10 12 11 7 8 4 3 4 3 1 2 1 2 1 2 1 3 2 1
p010-b1-t3,typed,nonlinear_backfill,13,27,7,1 3 2 4 5 6 7 5 6 7 8 7 8 9 10 11 12 14 11 9 10 9 10 7 8 6 7
p010-b1-t5,typed,linear_regression,12,41,2,1 2 1 2 1 2 1 2 3 4 3 4 5 6 5 7 6 7 6 7 8 9 10 9 10 11 9 10 12 11 9 10 9 8 3 1 2 1 2 3 2
p010-b1-t6,typed,nonlinear_backfill,12,34,7,1 2 3 2 3 2 1 3 4 5 4 3 5 6 7 8 10 11 13 10 8 7 8 7 1 2 4 5 7 12 7 5 3 5
p010-b1-t7,typed,nonlinear_backfill,13,31,2,1 2 1 2 1 2 1 2 4 2 3 4 5 6 4 7 6 7 8 9 8 9 10 11 12 13 4 2 1 2 1
p010-b1-t8,typed,nonlinear_backfill,10,27,6,1 3 4 1 2 1 3 4 3 4 5 6 7 8 7 8 10 9 10 6 7 3 4 2 1 4 3
p010-b1-t9,typed,nonlinear_backfill,12,38,9,1 2 3 4 6 10 6 7 9 8 7 8 7 8 7 6 4 3 1 5 7 6 7 8 10 9 10 11 10 12 11 8 9 10 9 10 9 7
p010-b2-t1,typed,nonlinear_backfill,10,16,5,1 2 3 1 4 5 6 7 9 10 8 7 5 4 5 4
p010-b2-t10,typed,nonlinear_backfill,15,46,9,4 5 1 2 3 4 5 6 7 8 9 10 12 13 14 15 6 8 7 8 7 4 2 6 4 5 3 4 8 9 10 7 8 5 10 12 13 14 12 13 12 11 9 10 8 7
p010-b2-t2,typed,nonlinear_skip_only,7,19,7,1 2 5 6 5 6 5 1 5 6 7 8 7 8 7 9 7 6 5
p010-b2-t3,typed,nonlinear_backfill,14,31,9,1 2 1 2 4 2 3 4 3 4 3 4 5 6 7 8 9 10 11 12 13 14 13 11 10 9 8 9 6 5 6
p010-b2-t4,typed,nonlinear_backfill,12,23,2,2 4 1 2 3 4 3 4 5 6 7 8 9 10 11 12 6 4 5 2 1 2 1
p010-b2-t5,typed,nonlinear_backfill,9,27,2,1 2 1 2 1 2 1 2 8 3 4 5 6 7 8 10 2 5 2 3 1 2 1 2 1 2 1
p010-b2-t6,typed,nonlinear_skip_only,9,20,3,1 2 3 4 5 6 7 11 12 6 5 3 5 1 2 5 3 2 3 1
p010-b2-t7,typed,linear_regression,13,23,2,1 2 1 2 3 4 5 6 7 8 9 10 11 12 13 8 5 4 3 2 1 2 1
p010-b2-t8,typed,linear_regression,11,18,1,1 2 1 2 3 4 5 6 7 8 9 10 11 3 2 1 2 1
p010-b2-t9,typed,nonlinear_skip_only,12,22,6,1 2 3 4 5 6 7 8 9 10 11 13 7 6 4 3 4 1 3 4 6 4
p010-b3-t1,typed,nonlinear_backfill,13,29,1,1 3 2 1 3 1 2 3 4 5 6 8 9 10 11 12 13 9 10 9 10 6 7 5 4 3 1 2 1
p010-b3-t10,typed,linear_regression,4,8,4,1 2 1 2 3 4 2 3
p010-b3-t2,typed,nonlinear_backfill,10,20,1,1 2 3 4 5 6 7 9 10 8 7 6 4 1 2 1 6 7 1 2
p010-b3-t3,typed,nonlinear_backfill,10,11,10,1 2 3 4 5 7 8 9 10 5 6
p010-b3-t4,typed,nonlinear_backfill,10,15,9,1 2 1 2 3 4 5 8 7 9 10 9 10 11 7
p010-b3-t5,typed,linear_regression,10,17,7,1 2 1 2 3 2 3 4 5 6 7 8 9 10 7 5 6
p010-b3-t6,typed,nonlinear_backfill,13,25,5,1 2 1 2 1 5 7 6 7 8 10 9 10 12 14 12 15 14 16 10 6 5 4 5 1
p010-b3-t7,typed,nonlinear_backfill,13,22,2,1 2 3 5 6 5 6 7 8 9 10 11 12 13 6 4 3 2 1 2 1 2
p010-b3-t8,typed,nonlinear_skip_only,13,26,4,1 2 1 2 3 4 5 6 7 8 9 10 11 12 14 8 9 6 4 3 4 3 4 2 4 2
p010-b3-t9,typed,nonlinear_backfill,6,14,1,1 2 3 1 2 1 3 5 4 5 6 1 2 1
p010-b4-t1,typed,linear_regression,5,15,4,1 2 3 1 3 2 3 2 4 5 4 5 4 5 1
p010-b4-t10,typed,nonlinear_backfill,4,22,4,2 3 2 1 2 3 2 3 2 4 3 4 3 4 3 2 3 4 1 2 3 4
p010-b4-t2,typed,linear_regression,5,23,4,1 2 1 2 3 2 3 4 5 4 3 4 3 4 3 4 5 4 3 4 5 2 1
p010-b4-t3,typed,nonlinear_backfill,9,15,7,2 3 1 2 4 5 6 7 6 7 8 7 9 8 4
p010-b4-t4,typed,nonlinear_backfill,13,27,4,1 2 3 2 3 2 5 4 5 6 7 8 9 10 11 12 14 11 8 6 5 7 5 6 4 3 2
p010-b4-t5,typed,nonlinear_backfill,11,29,2,1 2 1 2 3 2 1 2 3 4 5 6 5 7 8 9 11 10 11 4 3 4 3 2 1 2 1 2 1
p010-b4-t6,typed,nonlinear_skip_only,10,23,2,1 2 1 2 1 2 3 4 5 6 7 6 7 9 10 9 11 3 2 3 2 1 3
p010-b4-t7,typed,nonlinear_backfill,10,19,1,1 2 1 2 4 5 7 8 9 11 10 9 5 2 3 1 4 2 1
p010-b4-t8,typed,nonlinear_backfill,9,22,2,1 2 1 2 1 2 1 2 4 5 6 7 9 10 5 3 1 2 1 2 1 2
p010-b4-t9,typed,nonlinear_backfill,10,26,8,4 3 1 4 3 4 5 4 1 5 6 4 7 6 5 8 5 9 7 9 8 9 8 10 11 6
p010-b5-t1,typed,nonlinear_backfill,12,20,5,4 2 3 5 6 7 8 9 10 12 13 10 9 6 3 1 3 4 5 1
p010-b5-t10,typed,nonlinear_backfill,12,36,6,2 1 2 3 2 1 2 4 3 5 6 7 9 8 9 8 9 10 11 12 6 7 6 5 6 5 6 5 6 5 6 5 6 5 6 5
p010-b5-t2,typed,nonlinear_backfill,14,28,2,1 3 2 1 2 1 2 5 4 5 6 7 8 9 10 11 12 13 14 3 2 1 3 1 2 1 2 1
p010-b5-t3,typed,nonlinear_backfill,10,22,2,1 3 1 2 1 2 3 4 5 6 8 9 10 11 3 2 1 2 1 2 3 1
p010-b5-t4,typed,nonlinear_backfill,11,40,4,3 4 2 3 2 1 4 3 4 3 4 2 3 4 5 2 4 6 7 8 10 13 11 5 7 4 2 3 4 3 2 1 4 3 1 3 4 1 10 1
p010-b5-t5,typed,nonlinear_backfill,9,28,4,1 3 2 1 2 3 4 5 6 7 6 7 8 9 8 9 4 5 4 3 2 4 3 5 4 1 2 1
p010-b5-t6,typed,nonlinear_backfill,9,26,7,2 1 2 1 2 3 4 5 6 5 6 4 1 4 9 6 8 7 4 5 6 7 4 2 3 2
p010-b5-t7,typed,nonlinear_backfill,13,47,5,2 4 1 2 3 2 3 4 5 6 4 5 6 7 8 9 10 11 10 11 9 12 13 7 5 7 6 7 8 7 6 8 4 2 3 4 2 1 2 5 4 2 3 1 3 1 3
p010-b5-t8,typed,linear_regression,10,23,9,1 2 1 2 3 2 4 5 4 5 6 5 7 8 9 8 5 10 9 7 9 5 2
p010-b5-t9,typed,nonlinear_backfill,10,17,2,1 2 4 5 6 7 8 9 11 6 5 4 6 4 3 2 1
p010-b6-t1,typed,nonlinear_backfill,13,27,5,3 2 1 2 3 5 4 3 5 6 7 6 7 8 7 9 10 12 13 12 13 15 7 5 3 2 5
p010-b6-t10,typed,nonlinear_backfill,6,11,8,1 4 2 1 2 4 5 6 10 5 6
p010-b6-t2,typed,linear_regression,3,14,3,1 2 1 2 1 2 3 2 3 2 3 2 3 1
p010-b6-t3,typed,linear_regression,10,42,4,1 2 3 4 5 6 7 8 7 9 7 9 6 9 8 7 9 4 9 8 3 5 9 8 10 9 10 9 5 4 3 4 5 6 3 4 5 4 5 4 5 1
p010-b6-t4,typed,nonlinear_skip_only,12,31,2,1 2 3 4 3 4 5 4 6 7 8 9 8 9 8 7 8 9 10 8 11 13 8 4 3 2 1 2 1 3 1
p010-b6-t5,typed,nonlinear_backfill,10,23,1,2 1 2 1 2 1 2 3 2 3 2 3 4 7 8 9 11 12 7 5 2 1 2
p010-b6-t6,typed,nonlinear_backfill,10,30,7,1 2 1 3 2 1 2 1 2 3 4 5 4 5 4 5 3 4 5 3 5 7 8 7 8 7 11 13 7 6
p010-b6-t7,typed,nonlinear_backfill,9,17,2,1 9 3 4 3 4 5 6 5 6 9 10 11 4 2 5 2
p010-b6-t8,typed,linear_regression,10,28,2,1 2 1 2 1 3 2 3 4 5 4 5 6 7 8 9 10 7 3 5 6 9 8 7 2 1 2 1
p010-b6-t9,typed,nonlinear_backfill,5,7,5,3 4 6 5 2 5 2
p011-b1-t1,typed,nonlinear_backfill,11,34,6,1 2 6 2 6 2 3 4 3 4 5 11 4 2 3 4 6 7 8 10 11 9 10 11 10 11 8 6 7 6 3 5 6 7
p011-b1-t2,typed,nonlinear_skip_only,10,44,2,1 2 1 2 1 2 1 2 1 2 3 2 1 2 1 3 2 3 4 5 6 7 8 9 11 6 2 3 4 2 1 5 6 4 7 6 7 3 2 3 2 1 2 1
p011-b1-t3,typed,nonlinear_backfill,11,18,2,1 2 3 2 3 4 3 15 12 7 6 5 7 8 12 11 1 2
p011-b1-t5,typed,nonlinear_backfill,13,34,3,1 2 1 2 1 2 1 2 3 2 3 4 5 4 3 5 6 5 6 7 9 7 8 7 10 11 12 14 12 2 3 2 3 2
p011-b1-t6,typed,nonlinear_skip_only,13,32,3,1 2 1 2 1 2 3 4 5 6 5 6 7 8 6 7 8 7 6 8 9 10 11 12 14 1 2 3 2 3 2 1
p011-b1-t7,typed,nonlinear_backfill,10,30,5,2 1 3 4 3 4 3 4 5 4 5 4 5 6 5 6 5 6 8 7 6 7 5 9 12 4 5 3 5 2
p011-b1-t8,typed,nonlinear_backfill,15,67,1,1 2 3 1 2 1 2 4 3 5 6 4 5 4 6 7 9 8 9 10 9 10 11 12 11 12 13 15 11 12 11 12 13 14 11 9 8 6 7 6 5 4 3 2 1 4 5 4 5 4 5 4 5 4 3 2 1 2 1 2 1 2 1 2 1 2 1
p011-b1-t9,typed,nonlinear_backfill,13,70,7,1 2 1 2 3 4 3 2 4 5 7 6 7 6 7 9 10 11 9 10 11 12 13 4 2 1 9 8 7 6 9 10 9 8 7 8 7 6 5 4 1 2 1 2 3 2 3 2 3 4 5 6 7 6 8 7 6 5 6 5 7 8 6 5 6 7 8 7 5 3
p011-b2-t1,typed,nonlinear_backfill,10,41,2,1 2 1 2 1 2 1 2 1 2 1 2 1 2 1 2 1 2 1 2 3 2 3 4 3 2 1 4 5 4 5 6 8 9 10 7 4 2 3 2 1
p011-b2-t10,typed,nonlinear_backfill,11,30,3,1 2 1 2 1 2 3 4 5 4 5 6 5 6 8 9 10 12 11 10 11 10 5 3 1 2 3 1 3 1
p011-b2-t2,typed,nonlinear_skip_only,10,27,5,1 2 1 2 1 2 1 2 1 2 3 4 5 6 7 5 8 10 13 6 7 8 7 5 6 5 4
p011-b2-t3,typed,nonlinear_backfill,9,24,3,2 1 2 3 2 1 2 1 2 1 2 3 2 1 5 6 7 9 10 4 5 4 3 2
p011-b2-t4,typed,nonlinear_backfill,13,51,3,1 2 1 2 1 2 1 2 1 2 1 2 1 2 1 2 3 4 3 4 6 7 8 9 10 11 12 13 12 8 7 3 4 3 2 3 4 5 3 4 3 4 6 5 6 7 5 2 3 2 1
p011-b2-t5,typed,nonlinear_skip_only,8,25,1,1 2 1 2 1 2 1 2 1 2 3 4 7 9 10 9 11 10 11 3 1 2 1 2 1
p011-b2-t6,typed,nonlinear_backfill,10,19,2,2 1 2 3 2 1 4 5 3 1 2 1 6 7 8 9 10 3 2
p011-b2-t7,typed,nonlinear_backfill,13,21,9,2 1 3 5 6 5 6 7 3 7 9 10 11 13 15 14 11 10 9 8 9
p011-b2-t8,typed,nonlinear_backfill,9,28,1,2 1 3 2 3 4 3 1 4 2 6 7 8 7 8 9 11 4 2 4 3 2 4 1 2 1 2 1
p011-b2-t9,typed,nonlinear_backfill,12,24,10,1 2 3 5 6 4 6 8 7 8 9 10 12 11 12 10 11 12 11 12 10 11 10 11
p011-b3-t1,typed,nonlinear_backfill,12,39,6,1 2 1 2 1 2 3 1 2 3 5 6 4 5 6 5 8 6 5 8 7 9 11 12 13 12 6 5 6 5 3 5 6 1 4 5 6 5 3
p011-b3-t10,typed,nonlinear_backfill,7,22,4,1 2 1 2 5 4 5 6 5 6 7 5 6 5 4 11 4 5 4 5 6 4
p011-b3-t2,typed,linear_regression,9,17,2,1 2 3 1 4 5 6 7 2 7 8 9 6 2 1 2 1
p011-b3-t3,typed,nonlinear_backfill,13,48,3,2 1 2 3 1 3 2 4 3 4 3 2 3 4 3 2 1 3 4 2 4 6 7 6 5 6 7 8 7 8 9 8 9 8 9 11 10 12 11 13 12 7 4 3 2 3 4 3
p011-b3-t4,typed,nonlinear_backfill,11,27,4,2 4 3 4 3 2 3 4 5 4 6 5 6 4 8 10 11 13 17 10 7 6 5 4 5 3 4
p011-b3-t5,typed,nonlinear_backfill,9,18,2,1 2 1 2 1 2 1 2 3 4 6 5 6 7 10 11 2 1
p011-b3-t6,typed,nonlinear_backfill,9,30,3,2 1 2 3 2 3 4 3 2 3 4 3 4 3 2 3 4 3 4 5 4 7 8 10 11 3 4 2 4 2
p011-b3-t7,typed,nonlinear_backfill,11,28,3,1 2 3 4 3 2 3 4 5 6 7 8 10 9 10 12 5 3 2 1 2 1 2 1 2 3 2 3
p011-b3-t8,typed,nonlinear_skip_only,12,17,9,1 2 3 4 5 6 7 6 7 8 9 10 11 13 9 8 9
p011-b3-t9,typed,nonlinear_backfill,9,31,7,1 2 1 2 3 4 3 4 2 4 2 3 4 5 6 5 6 5 7 3 6 5 6 9 6 8 7 8 7 8 5
p011-b4-t1,typed,nonlinear_backfill,14,32,1,1 2 1 2 1 2 1 2 1 3 1 3 2 5 6 8 7 8 9 10 11 12 14 17 16 14 9 6 5 1 2 1
p011-b4-t10,typed,nonlinear_backfill,11,28,1,1 2 1 2 1 2 1 2 5 4 5 6 5 6 7 6 8 7 8 9 8 9 10 11 12 4 1 2
p011-b4-t3,typed,nonlinear_backfill,12,31,1,1 2 1 2 1 3 1 2 1 2 1 3 2 3 5 4 5 6 4 6 8 9 10 11 13 14 5 3 1 2 1
p011-b4-t4,typed,nonlinear_skip_only,8,16,1,1 2 1 3 2 1 4 6 4 7 8 10 2 1 2 1
p011-b4-t5,typed,nonlinear_backfill,12,27,4,2 3 2 4 3 4 5 6 5 6 5 6 5 8 7 6 8 10 11 10 9 10 12 1 2 3 4
p011-b4-t6,typed,linear_regression,11,44,3,1 2 3 1 2 3 4 5 4 5 6 7 8 9 8 9 10 11 9 3 2 3 2 3 4 3 2 1 2 3 4 6 4 6 5 4 3 4 3 4 3 2 3 2
p011-b4-t7,typed,nonlinear_backfill,13,35,14,1 2 1 2 1 2 1 2 3 4 3 4 8 3 6 5 6 5 6 7 8 7 8 7 8 9 8 10 11 12 14 11 10 14 10
p011-b4-t8,typed,linear_regression,8,29,3,1 2 1 2 1 2 1 2 3 4 5 6 7 8 3 1 2 1 2 1 2 1 2 3 2 3 2 3 1
p011-b4-t9,typed,nonlinear_backfill,13,52,1,1 2 1 2 1 2 1 2 1 2 1 2 4 2 4 5 4 5 6 3 5 6 5 4 6 5 6 7 8 9 11 10 11 10 12 11 14 1 2 1 2 1 2 1 2 1 2 1 2 1 2 1
p011-b5-t1,typed,nonlinear_skip_only,11,34,4,1 2 1 2 1 2 1 2 1 2 4 5 6 4 5 6 4 5 7 6 8 9 10 11 10 11 12 10 5 6 5 4 2 1
p011-b5-t10,typed,nonlinear_backfill,13,37,2,1 2 1 2 3 2 5 6 7 8 9 11 13 11 10 9 8 10 9 10 11 13 12 13 8 3 2 1 2 3 2 3 2 3 2 1 4
p011-b5-t2,typed,nonlinear_backfill,8,17,8,1 3 1 5 6 5 3 4 3 4 6 5 6 7 8 9 8
p011-b5-t3,typed,nonlinear_backfill,6,9,5,1 2 3 2 3 5 7 6 7
p011-b5-t4,typed,nonlinear_backfill,11,28,1,1 2 3 2 1 2 1 3 4 3 4 5 4 5 4 3 2 1 7 6 7 8 10 9 12 2 1 2
p011-b5-t5,typed,nonlinear_backfill,13,24,2,1 2 3 2 5 6 7 8 9 10 11 12 11 12 13 5 2 1 2 3 4 3 2 1
p011-b5-t6,typed,nonlinear_skip_only,12,32,10,1 2 1 2 3 4 3 4 1 5 4 5 4 5 6 7 8 9 4 2 1 8 9 10 11 10 13 10 9 10 11 8
p011-b5-t7,typed,nonlinear_backfill,13,24,7,1 3 2 1 2 3 4 5 4 3 2 5 7 8 9 11 13 14 15 12 8 11 7 5
p011-b5-t9,typed,nonlinear_skip_only,9,17,7,1 2 4 5 6 5 6 7 8 9 10 7 8 7 6 4 6
p011-b6-t1,typed,nonlinear_backfill,9,19,6,1 2 3 4 1 4 5 6 5 6 7 9 8 5 4 5 6 5 4
p011-b6-t10,typed,nonlinear_backfill,13,38,4,1 2 1 3 4 3 4 5 6 5 1 5 6 7 6 7 8 10 11 12 11 14 13 5 2 1 2 3 2 3 4 3 4 5 4 5 4 1
p011-b6-t2,typed,nonlinear_backfill,13,46,6,1 6 3 2 3 4 1 2 5 6 5 7 6 7 9 10 9 10 9 7 9 10 9 10 11 9 11 10 11 12 15 13 12 13 7 3 2 6 5 6 5 6 7 6 2 3
p011-b6-t3,typed,nonlinear_backfill,10,21,1,1 2 1 2 1 4 5 7 8 9 12 11 10 9 10 12 5 4 1 2 1
p011-b6-t4,typed,nonlinear_backfill,11,23,9,1 3 2 3 1 3 4 7 5 6 5 7 8 9 10 8 9 11 10 9 5 4 5
p011-b6-t5,typed,nonlinear_backfill,14,43,8,1 2 4 5 6 7 8 9 10 8 11 14 12 11 7 8 10 8 7 6 7 6 5 3 2 3 7 10 11 14 13 5 6 5 6 8 7 6 8 9 8 5 6
p011-b6-t6,typed,nonlinear_backfill,11,25,2,1 2 1 2 1 2 3 5 2 1 2 4 7 9 11 14 10 6 1 2 1 2 3 2 1
p011-b6-t7,typed,nonlinear_backfill,11,27,10,1 2 3 4 5 2 1 5 3 5 4 5 1 6 5 7 8 10 8 9 10 11 10 11 10 11 8
p011-b6-t9,typed,nonlinear_skip_only,9,35,2,1 2 1 2 1 2 3 4 5 6 8 10 11 1 2 1 2 1 2 1 2 1 2 3 2 3 2 4 3 2 1 2 1 2 1
p012-b1-t1,typed,nonlinear_backfill,9,24,4,1 2 1 2 1 2 1 3 2 4 5 8 9 8 9 10 9 10 9 10 8 10 9 7
p012-b1-t10,typed,nonlinear_backfill,5,24,2,3 4 5 1 2 1 3 4 3 4 2 3 4 3 2 3 2 3 2 3 2 4 2 1
p012-b1-t2,typed,nonlinear_backfill,5,9,6,1 2 5 3 2 3 7 5 3
p012-b1-t3,typed,nonlinear_backfill,9,28,3,1 3 1 2 1 3 2 10 9 11 9 10 6 9 10 6 8 11 10 8 7 8 10 8 9 11 8 11
p012-b1-t4,typed,nonlinear_backfill,10,21,8,7 5 6 7 6 5 1 3 2 1 2 4 5 6 8 10 8 9 10 7 5
p012-b1-t5,typed,nonlinear_backfill,11,21,6,1 2 1 2 3 5 4 5 6 7 9 8 9 8 7 12 13 12 7 6 5
p012-b1-t6,typed,linear_regression,8,21,2,1 2 1 2 1 2 1 2 3 1 2 1 4 3 4 5 6 7 8 2 1
p012-b1-t7,typed,nonlinear_backfill,12,24,2,1 2 3 4 5 6 5 6 7 8 10 9 7 8 9 8 10 12 11 12 10 4 2 1
p012-b1-t8,typed,nonlinear_backfill,5,25,4,1 2 3 1 2 1 3 2 3 2 3 5 3 2 3 4 5 3 4 5 4 3 4 3 1
p012-b1-t9,typed,nonlinear_backfill,6,16,5,1 2 1 2 1 2 4 3 4 5 4 5 6 5 3 1
p012-b2-t1,typed,nonlinear_skip_only,4,6,1,1 2 3 5 3 1
p012-b2-t10,typed,nonlinear_backfill,9,24,5,3 1 4 5 3 5 6 7 6 8 9 8 9 7 4 3 2 1 2 5 4 5 4 5
p012-b2-t2,typed,linear_regression,9,16,5,1 2 3 2 3 4 5 6 5 6 7 8 6 5 4 9
p012-b2-t3,typed,nonlinear_backfill,7,14,5,1 2 1 2 3 5 4 5 4 5 7 8 5 4
p012-b2-t4,typed,nonlinear_backfill,12,29,1,1 3 1 2 1 2 1 2 3 4 5 4 5 6 7 9 10 11 12 11 12 13 7 5 4 3 4 3 1
p012-b2-t5,typed,nonlinear_backfill,5,10,5,1 5 3 1 2 1 2 4 5 2
p012-b2-t6,typed,nonlinear_backfill,7,9,5,1 2 3 5 4 5 6 7 3
p012-b2-t7,typed,nonlinear_backfill,7,13,1,1 2 3 2 1 2 5 6 4 3 10 2 1
p012-b2-t8,typed,nonlinear_backfill,6,17,5,1 2 1 2 3 2 4 3 6 4 5 6 5 4 5 3 5
p012-b2-t9,typed,nonlinear_backfill,9,18,1,1 2 1 3 1 2 3 4 6 5 6 8 9 11 4 1 2 1
p012-b3-t1,typed,nonlinear_backfill,8,21,7,1 2 4 3 1 2 3 4 5 4 5 6 7 8 1 8 6 5 6 7 4
p012-b3-t10,typed,nonlinear_backfill,9,14,3,1 2 3 4 1 4 6 5 6 7 8 9 3 1
p012-b3-t2,typed,linear_regression,3,9,2,1 2 3 2 1 2 1 2 1
p012-b3-t3,typed,nonlinear_backfill,10,27,2,1 2 1 2 1 2 1 2 3 4 6 4 5 6 7 8 7 8 9 11 1 2 1 2 1 2 3
p012-b3-t4,typed,nonlinear_skip_only,6,14,4,1 3 4 5 4 5 6 7 4 1 3 4 1 4
p012-b3-t5,typed,linear_regression,7,24,1,1 2 1 2 1 2 3 1 2 1 4 3 2 3 1 5 4 5 4 5 6 7 6 1
p012-b3-t6,typed,nonlinear_backfill,8,19,4,1 2 4 2 1 4 3 4 5 4 5 4 6 5 4 6 7 8 4
p012-b3-t7,typed,linear_regression,9,31,1,1 2 1 2 1 2 3 2 3 1 2 3 2 3 2 3 4 5 4 5 4 5 4 5 6 7 6 8 7 9 1
p012-b3-t8,typed,linear_regression,6,22,5,1 2 3 2 1 2 1 2 3 1 2 4 1 2 1 3 1 2 5 6 5 4
p012-b3-t9,typed,nonlinear_backfill,11,30,1,1 2 1 2 1 2 1 4 3 4 5 4 5 6 5 4 6 5 6 7 8 7 9 10 11 10 8 6 2 1
p012-b4-t1,typed,linear_regression,3,6,2,1 2 1 3 2 1
p012-b4-t10,typed,nonlinear_backfill,5,13,4,1 6 4 1 2 1 2 3 4 3 4 3 4
p012-b4-t2,typed,nonlinear_backfill,14,33,3,1 2 1 3 2 4 5 6 5 7 8 6 7 10 9 8 10 15 14 13 14 12 5 6 1 2 3 2 3 2 3 2 3
p012-b4-t3,typed,linear_regression,4,16,4,1 2 1 2 3 2 3 4 3 4 3 2 3 4 1 4
p012-b4-t4,typed,nonlinear_backfill,12,22,6,1 2 4 5 6 7 10 11 10 9 10 11 12 13 12 13 6 7 8 7 5 6
p012-b4-t5,typed,nonlinear_backfill,5,21,4,1 2 1 2 1 2 5 4 3 4 3 4 5 3 4 3 4 3 4 1 4
p012-b4-t6,typed,nonlinear_backfill,5,19,2,1 2 1 2 1 2 1 2 4 3 2 3 1 5 2 1 2 1 2
p012-b4-t7,typed,nonlinear_backfill,11,51,4,1 2 3 1 2 1 2 4 1 4 5 7 6 7 6 8 7 8 1 8 7 8 7 6 8 10 11 10 11 12 6 7 4 5 4 3 4 3 4 3 4 2 4 2 3 2 3 2 1 4 1
p012-b4-t8,typed,nonlinear_skip_only,3,10,2,1 2 1 2 1 2 1 4 2 1
p012-b4-t9,typed,nonlinear_backfill,8,20,8,6 7 6 1 2 3 2 4 3 2 3 4 5 2 5 7 6 7 8 6
p012-b5-t1,typed,nonlinear_backfill,10,15,2,1 2 3 2 1 2 4 5 8 6 9 8 7 11 2
p012-b5-t10,typed,linear_regression,9,30,4,1 2 1 2 3 2 3 4 5 6 5 6 5 4 6 7 6 7 8 7 8 9 4 3 4 3 4 3 4 3
p012-b5-t2,typed,nonlinear_backfill,8,18,3,2 1 2 3 2 3 4 3 4 3 4 5 6 7 8 4 3 2
p012-b5-t3,typed,nonlinear_skip_only,8,22,2,1 2 1 2 1 2 3 4 3 2 4 5 8 9 12 4 3 2 3 4 3 2
p012-b5-t4,typed,linear_regression,7,11,6,1 2 3 4 3 4 5 4 6 7 6
p012-b5-t5,typed,nonlinear_backfill,5,17,3,1 3 2 3 2 3 5 4 3 5 4 5 3 2 1 3 2
p012-b5-t6,typed,linear_regression,3,12,2,1 2 1 2 3 2 3 2 3 1 2 1
p012-b5-t7,typed,nonlinear_backfill,5,12,2,1 2 1 2 1 2 4 3 2 1 2 5
p012-b5-t8,typed,nonlinear_backfill,11,22,1,1 2 4 2 1 2 3 2 3 4 3 6 5 3 7 9 8 11 10 11 5 1
p012-b5-t9,typed,nonlinear_backfill,8,25,6,1 2 1 3 1 2 3 4 3 5 6 5 6 5 6 5 6 5 6 8 7 6 8 6 5
p012-b6-t1,typed,nonlinear_backfill,5,10,3,1 2 3 2 3 2 3 5 4 2
p012-b6-t10,typed,nonlinear_backfill,8,11,3,1 2 1 3 6 7 8 11 5 3 1
p012-b6-t2,typed,nonlinear_backfill,6,15,5,1 2 1 2 1 2 1 2 3 7 3 4 5 7 5
p012-b6-t3,typed,nonlinear_backfill,7,23,1,1 2 1 3 2 5 3 4 5 6 4 2 1 2 3 7 6 5 6 5 6 3 1
p012-b6-t5,typed,nonlinear_skip_only,9,24,2,1 2 1 2 1 2 3 5 6 8 9 10 9 12 10 9 3 1 2 1 2 1 3 1
p012-b6-t6,typed,nonlinear_backfill,4,10,4,4 5 4 3 4 3 4 3 4 1
p012-b6-t7,typed,nonlinear_skip_only,8,22,4,1 2 1 2 3 4 3 4 1 2 5 6 9 12 5 4 3 1 3 2 3 4
p012-b6-t8,typed,nonlinear_backfill,9,17,1,1 2 3 4 3 4 3 5 6 8 7 8 10 8 7 2 1
p012-b6-t9,typed,linear_regression,5,16,5,1 2 1 2 1 2 3 1 3 4 3 4 5 1 5 1
p013-b1-t1,typed,linear_regression,3,7,2,1 2 1 2 3 2 1
p013-b1-t10,typed,linear_regression,3,4,3,1 2 3 1
p013-b1-t2,typed,linear_regression,2,3,1,1 2 1
p013-b1-t3,typed,linear_regression,2,3,1,1 2 1
p013-b1-t4,typed,nonlinear_backfill,5,9,2,1 2 5 2 5 4 2 3 2
p013-b1-t5,typed,linear_regression,2,3,1,1 2 1
p013-b1-t6,typed,nonlinear_backfill,3,5,2,1 3 2 3 2
p013-b1-t8,typed,strictly_linear,2,2,2,1 2
p013-b1-t9,typed,linear_regression,4,8,4,1 2 3 1 3 4 2 1
p013-b2-t1,typed,linear_regression,2,3,2,1 2 1
p013-b2-t10,typed,nonlinear_skip_only,2,3,4,1 4 1
p013-b2-t2,typed,strictly_linear,1,1,1,1
p013-b2-t3,typed,linear_regression,2,5,2,1 2 1 2 1
p013-b2-t4,typed,nonlinear_skip_only,4,8,3,1 2 3 5 3 5 3 1
p013-b2-t5,typed,strictly_linear,2,2,1,1 2
p013-b2-t6,typed,linear_regression,2,3,2,1 2 1
p013-b2-t7,typed,nonlinear_backfill,3,5,1,8 1 2 1 2
p013-b2-t8,typed,nonlinear_backfill,8,9,8,1 2 3 6 8 7 8 5 4
p013-b2-t9,typed,nonlinear_backfill,3,4,2,2 4 2 1
p013-b3-t1,typed,linear_regression,2,3,2,1 2 1
p013-b3-t10,typed,strictly_linear,2,2,2,1 2
p013-b3-t2,typed,nonlinear_backfill,8,10,3,1 2 3 4 7 9 6 5 3 2
p013-b3-t3,typed,linear_regression,3,4,2,1 2 3 2
p013-b3-t4,typed,nonlinear_backfill,4,8,3,1 3 1 2 1 3 4 3
p013-b3-t5,typed,linear_regression,4,7,2,1 2 3 4 3 2 1
p013-b3-t6,typed,linear_regression,2,5,1,1 2 1 2 1
p013-b3-t7,typed,linear_regression,3,5,2,1 2 3 2 1
p013-b3-t8,typed,nonlinear_backfill,5,10,1,1 3 4 5 4 3 1 2 3 1
p013-b3-t9,typed,linear_regression,3,10,2,1 2 1 2 1 2 1 2 3 2
p013-b4-t1,typed,nonlinear_backfill,5,10,5,1 2 4 2 1 2 4 5 3 2
p013-b4-t10,typed,linear_regression,4,6,1,1 2 3 4 2 1
p013-b4-t2,typed,linear_regression,2,3,2,1 2 1
p013-b4-t3,typed,linear_regression,2,5,2,1 2 1 2 1
p013-b4-t5,typed,linear_regression,2,3,1,1 2 1
p013-b4-t6,typed,linear_regression,2,3,2,1 2 1
p013-b4-t7,typed,linear_regression,2,3,2,1 2 1
p013-b4-t8,typed,linear_regression,2,5,1,1 2 1 2 1
p013-b4-t9,typed,linear_regression,2,3,1,1 2 1
p013-b5-t1,typed,linear_regression,2,3,2,1 2 1
p013-b5-t10,typed,nonlinear_backfill,4,5,2,2 3 4 2 1
p013-b5-t3,typed,linear_regression,3,4,3,1 2 3 1
p013-b5-t4,typed,linear_regression,2,3,2,1 2 1
p013-b5-t5,typed,strictly_linear,1,1,1,1
p013-b5-t6,typed,linear_regression,2,3,2,1 2 1
p013-b5-t7,typed,linear_regression,3,4,4,1 2 3 1
p013-b5-t8,typed,linear_regression,2,3,1,1 2 1
p013-b5-t9,typed,nonlinear_backfill,3,4,2,1 3 2 1
p013-b6-t1,typed,nonlinear_backfill,3,4,2,1 3 2 1
p013-b6-t3,typed,strictly_linear,1,1,1,1
p013-b6-t4,typed,strictly_linear,1,1,1,1
p013-b6-t5,typed,linear_regression,2,3,2,1 2 1
p013-b6-t6,typed,linear_regression,3,5,3,1 2 3 2 1
p013-b6-t7,typed,nonlinear_backfill,4,4,7,1 2 7 4
p013-b6-t8,typed,linear_regression,4,5,4,1 2 3 4 1
p013-b6-t9,typed,linear_regression,3,4,3,1 2 3 1
p014-b1-t1,typed,nonlinear_skip_only,5,12,2,1 2 3 2 3 1 3 2 5 6 2 1
p014-b1-t10,typed,nonlinear_backfill,13,20,11,1 2 1 2 4 3 6 7 8 9 10 12 11 12 14 13 12 11 10 8
p014-b1-t2,typed,nonlinear_backfill,8,27,2,1 2 1 2 1 2 1 2 3 2 1 2 1 2 3 2 3 4 5 9 7 11 3 1 2 1 2
p014-b1-t3,typed,nonlinear_skip_only,12,29,3,1 2 1 2 1 2 3 4 5 3 5 6 3 2 6 7 6 2 6 7 8 10 11 12 13 10 2 3 2
p014-b1-t4,typed,nonlinear_backfill,5,9,5,2 1 2 3 4 3 4 5 3
p014-b1-t5,typed,nonlinear_backfill,6,20,2,2 1 2 3 2 1 2 3 2 1 2 3 2 3 2 4 5 7 1 2
p014-b1-t6,typed,nonlinear_skip_only,11,24,12,1 2 1 2 1 2 3 4 5 4 2 3 2 3 4 8 9 10 11 12 13 12 11 9
p014-b1-t7,typed,linear_regression,4,16,3,1 2 1 2 1 2 1 2 1 2 3 2 3 2 4 3
p014-b1-t8,typed,nonlinear_backfill,13,19,1,5 1 2 3 2 3 2 3 4 5 6 7 8 9 10 11 13 14 1
p014-b1-t9,typed,nonlinear_backfill,12,30,11,1 2 1 2 1 2 1 2 3 2 3 4 5 7 6 5 6 5 6 5 6 8 9 10 12 11 10 11 12 8
p014-b2-t1,typed,nonlinear_backfill,11,22,2,1 2 1 4 3 4 5 6 9 8 9 8 9 12 13 14 9 6 4 3 2 1
p014-b2-t10,typed,nonlinear_backfill,8,23,4,1 5 8 7 6 5 4 2 4 1 2 3 2 3 4 3 4 5 4 3 4 5 4
p014-b2-t2,typed,nonlinear_backfill,10,36,7,1 5 1 2 3 2 3 4 3 4 2 3 2 4 5 4 2 3 2 1 2 5 6 7 4 5 9 10 11 6 5 4 5 7 2 1
p014-b2-t3,typed,linear_regression,4,35,4,1 2 1 2 1 3 2 3 4 3 4 3 2 3 1 2 3 2 1 2 4 3 2 1 4 3 4 3 4 3 4 3 4 3 4
p014-b2-t4,typed,nonlinear_backfill,7,33,1,2 1 2 1 2 1 2 1 2 1 2 1 2 3 2 1 2 3 4 2 4 5 4 5 3 4 5 6 5 7 1 2 1
p014-b2-t5,typed,linear_regression,6,25,6,1 2 1 2 3 2 3 2 3 4 3 4 5 3 4 3 2 4 2 4 5 6 5 6 4
p014-b2-t6,typed,linear_regression,18,38,13,1 2 3 4 5 6 7 6 5 6 5 6 5 6 5 8 9 8 9 10 11 10 11 10 11 12 13 12 14 15 16 17 18 13 14 13 12 11
p014-b2-t7,typed,nonlinear_backfill,10,44,2,1 2 1 2 1 2 3 2 3 2 3 2 3 2 3 5 6 5 6 5 6 7 5 7 8 7 9 8 7 9 8 9 12 11 12 6 3 2 1 3 2 3 2 1
p014-b2-t8,typed,nonlinear_backfill,8,26,6,1 2 1 2 1 2 3 2 1 2 3 4 5 6 5 6 5 4 5 4 5 8 7 6 4 5
p014-b2-t9,typed,nonlinear_backfill,7,25,4,1 2 1 2 1 2 4 2 3 2 4 5 4 5 4 6 7 6 5 4 3 5 4 3 1
p014-b3-t1,typed,nonlinear_backfill,14,36,2,2 1 2 3 4 3 7 4 5 6 5 7 6 7 6 7 8 9 10 11 10 11 12 14 15 9 10 8 9 6 5 6 5 2 3 2
p014-b3-t10,typed,linear_regression,2,7,1,1 2 1 2 1 2 1
p014-b3-t2,typed,nonlinear_backfill,12,37,10,1 2 1 2 3 4 3 4 3 4 3 4 5 3 4 3 5 6 5 6 5 7 9 11 10 11 10 11 10 11 12 11 10 11 10 8 7
p014-b3-t3,typed,nonlinear_backfill,10,21,6,1 2 1 3 1 2 4 6 7 6 7 6 7 8 11 9 7 3 5 4 5
p014-b3-t4,typed,nonlinear_skip_only,9,16,6,1 3 4 3 4 5 4 5 6 7 9 10 12 5 6 3
p014-b3-t5,typed,nonlinear_backfill,8,28,7,2 1 2 1 2 4 3 4 3 4 3 4 5 4 5 7 8 7 8 7 9 8 7 8 9 8 7 4
p014-b3-t6,typed,nonlinear_backfill,9,21,4,1 2 3 1 2 4 6 4 5 6 10 14 13 14 13 5 3 4 2 3 4
p014-b3-t7,typed,linear_regression,3,6,3,1 2 1 2 1 3
p014-b3-t8,typed,nonlinear_backfill,12,25,4,3 1 2 4 3 4 5 6 5 6 7 8 11 9 10 12 7 2 3 2 3 4 1 2 3
p014-b3-t9,typed,nonlinear_backfill,14,35,3,1 2 1 2 3 1 5 4 3 4 3 4 5 6 7 9 8 7 8 9 10 9 10 11 12 13 12 13 14 13 7 1 2 3 2
p014-b4-t1,typed,nonlinear_skip_only,4,10,5,1 2 1 2 1 2 3 5 2 3
p014-b4-t10,typed,linear_regression,3,11,2,1 2 1 2 3 2 1 2 3 2 1
p014-b4-t2,typed,linear_regression,6,19,2,1 2 3 2 3 1 2 1 2 3 4 5 4 5 6 5 4 2 1
p014-b4-t3,typed,linear_regression,12,41,2,1 2 1 3 1 2 1 2 1 2 3 4 3 4 3 4 2 5 4 6 3 5 6 5 6 7 6 5 7 8 9 10 11 10 11 12 11 3 1 2 1
p014-b4-t4,typed,linear_regression,6,20,3,1 2 1 2 1 2 1 2 1 2 3 4 5 6 1 3 2 3 2 1
p014-b4-t5,typed,nonlinear_backfill,6,16,5,2 1 2 1 2 3 5 4 5 6 5 6 5 6 5 3
p014-b4-t6,typed,linear_regression,5,18,3,1 2 1 2 1 3 1 2 3 4 5 3 4 3 4 1 3 1
p014-b4-t7,typed,nonlinear_backfill,13,60,9,1 2 4 1 2 3 2 7 6 2 4 6 5 6 8 9 8 9 8 9 10 11 10 11 10 9 12 11 10 11 12 11 12 11 12 11 12 11 10 11 12 11 13 12 10 12 7 8 9 10 6 3 2 3 5 8 9 7 6 5
p014-b4-t8,typed,nonlinear_backfill,3,10,2,2 1 2 3 2 1 2 3 2 1
p014-b4-t9,typed,nonlinear_backfill,13,46,5,1 2 4 1 3 2 3 2 5 4 3 4 5 4 5 4 1 2 1 4 5 4 5 6 5 7 6 7 8 7 8 9 8 9 10 11 10 13 12 11 7 5 4 5 3 2
p014-b5-t1,typed,nonlinear_backfill,6,15,1,3 1 2 1 2 1 2 3 1 4 5 6 1 2 1
p014-b5-t10,typed,nonlinear_backfill,5,8,5,1 3 2 3 2 3 4 5
p014-b5-t2,typed,nonlinear_backfill,15,47,7,1 2 1 2 3 2 3 4 5 6 7 6 7 8 7 5 7 6 7 9 8 7 8 9 10 11 10 9 11 13 15 14 15 17 13 10 6 7 8 10 11 6 5 6 7 6 7
p014-b5-t3,typed,nonlinear_backfill,5,13,3,1 3 1 2 1 2 3 2 1 2 4 5 4
p014-b5-t4,typed,nonlinear_backfill,12,29,11,1 2 1 2 1 2 3 2 3 2 4 5 4 6 5 3 6 5 7 8 7 8 11 10 11 9 11 12 6
p014-b5-t5,typed,linear_regression,5,11,5,1 2 3 2 3 2 1 3 4 5 1
p014-b5-t6,typed,nonlinear_backfill,12,30,3,1 2 3 2 3 1 2 3 2 4 3 2 5 4 6 5 6 7 10 9 11 13 12 7 4 3 2 3 1 3
p014-b5-t7,typed,nonlinear_backfill,13,25,3,1 2 3 4 5 4 5 6 4 6 7 8 9 11 10 11 10 12 13 9 6 3 2 3 1
p014-b5-t8,typed,linear_regression,8,19,6,1 2 3 4 5 6 7 8 6 5 6 7 6 7 6 7 6 7 6
p014-b5-t9,typed,linear_regression,12,24,2,1 2 3 2 3 2 3 4 5 4 6 7 8 9 10 9 10 11 12 10 5 2 1 2
p014-b6-t1,typed,linear_regression,7,12,2,1 2 3 2 4 5 6 5 7 6 2 1
p014-b6-t10,typed,nonlinear_backfill,15,46,15,4 1 2 3 4 5 4 2 5 4 6 5 9 8 9 10 13 11 13 14 15 14 13 12 10 8 7 5 6 4 5 3 2 1 2 1 4 7 6 9 11 12 13 15 14 15
p014-b6-t2,typed,nonlinear_skip_only,3,9,1,1 2 1 2 1 2 4 2 1
p014-b6-t3,typed,nonlinear_backfill,11,18,12,1 2 3 4 7 6 8 9 12 8 12 13 11 12 11 9 12 8
p014-b6-t4,typed,linear_regression,5,19,4,1 2 1 2 1 2 3 2 3 4 5 4 5 4 3 4 3 4 3
p014-b6-t5,typed,nonlinear_backfill,10,24,3,1 4 2 3 5 4 3 4 5 4 5 6 5 6 5 7 8 10 9 6 2 3 4 1
p014-b6-t6,typed,nonlinear_backfill,6,26,4,3 1 2 1 2 1 3 5 4 5 4 2 1 2 3 1 2 5 6 5 4 5 6 4 3 1
p014-b6-t7,typed,nonlinear_backfill,12,23,1,1 2 3 4 5 4 1 3 4 5 6 8 7 6 7 9 10 11 12 11 1 2 1
p014-b6-t8,typed,nonlinear_backfill,4,8,3,1 3 1 2 3 4 3 1
p014-b6-t9,typed,linear_regression,4,13,3,1 2 1 2 1 2 3 2 3 2 4 3 1
p015-b1-t1,typed,nonlinear_backfill,14,28,5,1 2 3 5 4 5 4 5 6 5 6 7 9 10 11 12 13 14 15 14 9 7 5 4 3 4 5 1
p015-b1-t10,typed,nonlinear_backfill,11,31,2,1 2 1 2 1 2 3 2 1 3 4 6 4 5 4 5 6 5 6 7 8 9 10 11 6 5 3 2 1 2 1
p015-b1-t2,typed,linear_regression,10,28,2,1 2 1 2 1 2 3 4 5 4 6 7 5 7 8 7 9 8 9 10 5 3 5 6 2 1 2 1
p015-b1-t3,typed,nonlinear_backfill,10,35,1,2 1 2 3 2 3 2 3 4 5 3 5 6 5 4 6 7 8 7 9 10 9 8 9 10 9 10 7 6 3 4 2 1 2 1
p015-b1-t4,typed,nonlinear_backfill,12,47,5,1 2 1 3 1 2 3 4 3 5 4 5 4 5 6 5 6 5 6 7 6 9 8 9 10 11 12 11 10 9 10 11 6 5 4 5 4 3 5 4 5 1 5 6 5 3 1
p015-b1-t5,typed,linear_regression,16,50,4,1 2 3 4 2 3 4 5 4 5 6 5 4 3 4 6 7 8 7 8 9 10 11 10 11 12 13 14 15 16 9 7 6 5 4 3 4 3 4 5 4 5 6 4 5 4 3 5 4 1
p015-b1-t6,typed,nonlinear_backfill,9,50,2,1 2 1 3 2 3 2 3 2 4 3 4 3 4 3 4 1 3 4 6 5 6 7 8 9 7 5 1 3 1 3 2 1 3 2 3 2 3 2 3 4 5 6 7 6 5 3 2 3 1
p015-b1-t7,typed,nonlinear_backfill,9,17,2,1 2 1 2 5 7 8 11 9 7 8 7 6 5 3 2 1
p015-b1-t8,typed,nonlinear_backfill,11,31,2,2 1 2 3 2 1 2 1 2 3 2 1 2 1 2 3 2 3 8 5 4 5 6 7 10 9 11 8 7 3 2
p015-b1-t9,typed,nonlinear_skip_only,10,62,2,1 2 1 2 1 2 1 2 1 2 3 2 3 2 3 2 3 1 3 2 3 2 1 2 3 1 2 3 4 2 1 2 3 2 4 6 7 6 7 8 7 6 7 9 8 11 12 3 4 3 4 3 2 3 2 3 2 1 2 1 2 1
p015-b2-t1,typed,linear_regression,11,58,2,1 2 1 2 3 4 3 4 2 4 5 6 7 6 8 9 5 7 6 5 6 10 9 10 11 8 9 8 10 9 7 8 1 3 2 4 2 3 1 2 1 3 4 3 4 3 2 3 1 2 4 5 2 3 2 3 2 1
p015-b2-t10,typed,nonlinear_backfill,9,39,5,3 4 3 4 1 3 5 2 6 4 5 6 5 6 4 5 6 5 1 2 7 5 4 5 7 5 6 5 9 8 7 6 7 8 4 5 6 5 3
p015-b2-t2,typed,nonlinear_backfill,10,41,1,1 2 1 2 3 1 5 1 3 1 2 3 2 3 1 2 3 2 3 4 3 4 3 2 5 4 5 4 3 4 5 6 7 8 10 9 5 3 1 2 1
p015-b2-t3,typed,nonlinear_backfill,10,68,3,1 2 1 2 1 2 1 2 1 2 1 2 3 4 3 4 5 4 5 4 5 4 5 6 5 6 5 6 2 5 6 7 9 8 6 7 8 9 8 9 8 9 8 9 11 9 7 8 9 4 6 3 5 6 3 2 4 3 2 1 2 4 5 4 3 4 3 2
p015-b2-t4,typed,linear_regression,5,29,4,1 2 1 2 1 2 1 3 1 2 1 2 1 2 3 2 3 4 3 4 3 4 3 4 5 4 3 2 3
p015-b2-t5,typed,nonlinear_backfill,7,37,3,2 1 3 2 1 2 1 2 1 2 1 2 3 2 1 3 2 3 4 3 4 3 4 3 5 6 8 6 3 4 3 4 3 2 3 1 2
p015-b2-t6,typed,nonlinear_backfill,11,54,3,1 2 1 2 1 2 3 2 3 4 3 2 3 4 3 4 3 4 3 4 3 4 3 5 4 3 4 3 4 5 6 4 5 4 6 7 8 9 8 11 10 4 3 2 1 2 3 4 3 4 3 4 1 2
p015-b2-t7,typed,nonlinear_backfill,8,57,2,1 2 1 2 1 2 1 2 1 2 1 2 3 1 2 1 2 3 2 5 3 2 1 2 3 4 3 4 5 6 4 3 4 5 6 5 6 7 6 5 6 10 6 3 5 3 2 5 4 2 3 2 1 2 1 2 1
p015-b2-t8,typed,nonlinear_backfill,8,44,2,1 3 1 3 1 4 3 1 2 3 4 2 1 2 1 3 4 5 6 4 6 4 2 1 8 1 2 3 7 6 5 6 5 6 5 8 4 1 3 4 2 3 2 1
p015-b2-t9,typed,nonlinear_backfill,9,44,6,2 1 2 1 2 1 2 1 2 3 4 5 4 3 4 3 4 3 2 3 2 1 2 6 7 6 7 3 4 2 6 4 3 7 6 7 8 9 7 8 7 5 6 5
p015-b3-t1,typed,nonlinear_backfill,7,28,2,1 3 2 3 2 1 2 3 4 6 4 3 4 5 6 5 6 5 6 7 3 1 2 1 3 2 3 1
p015-b3-t10,typed,linear_regression,8,62,3,1 2 1 3 4 5 1 3 2 3 2 4 2 1 2 5 4 3 4 5 3 2 5 3 4 5 4 6 7 5 7 8 3 5 1 2 1 2 1 2 1 4 3 4 3 1 2 3 5 3 4 5 4 5 1 6 7 4 3 1 4 2
p015-b3-t2,typed,nonlinear_backfill,7,44,3,1 2 1 2 3 2 1 3 2 3 2 3 4 3 4 3 4 5 3 5 4 5 4 5 7 3 2 4 2 3 4 6 5 6 5 3 5 4 1 4 5 6 1 2
p015-b3-t3,typed,nonlinear_backfill,8,33,2,1 2 8 2 3 2 3 2 3 2 1 2 3 2 3 4 2 3 4 8 12 11 4 6 1 2 3 2 3 1 3 2 1
p015-b3-t4,typed,nonlinear_backfill,13,39,4,1 3 2 1 3 4 5 3 5 6 5 3 5 4 5 6 7 5 7 6 7 8 9 8 10 13 14 12 8 4 5 7 4 1 5 3 5 1 2
p015-b3-t5,typed,nonlinear_backfill,7,28,2,2 3 2 1 3 2 1 2 3 2 3 2 5 3 4 2 1 2 3 4 3 5 4 7 8 3 2 1
p015-b3-t7,typed,nonlinear_backfill,10,71,4,4 3 2 1 4 1 5 2 1 2 1 2 1 3 4 2 5 4 2 4 5 4 3 4 3 4 5 4 5 7 5 4 6 3 7 8 7 8 7 9 10 2 3 2 1 2 3 2 3 2 3 2 3 2 4 5 4 5 4 3 5 4 5 4 5 2 1 4 2 4 3
p015-b3-t8,typed,nonlinear_backfill,9,24,2,1 3 1 2 3 1 2 3 6 8 7 11 12 13 12 8 3 2 3 1 2 3 1 2
p015-b3-t9,typed,nonlinear_backfill,14,50,5,5 1 2 3 5 1 2 6 4 5 7 8 7 5 7 4 5 6 3 5 4 5 6 5 7 6 7 14 9 13 16 12 13 10 9 6 5 6 3 5 2 6 7 4 6 7 6 5 4 5
p015-b4-t1,typed,nonlinear_backfill,5,22,3,2 3 2 1 2 1 3 2 3 1 3 1 2 1 2 3 1 3 5 4 3 2
p015-b4-t10,typed,nonlinear_backfill,7,42,4,1 2 1 2 1 2 4 2 4 3 4 3 2 3 4 5 7 4 3 5 4 5 6 3 4 3 6 3 4 6 2 1 2 1 3 4 6 5 3 2 4 1
p015-b4-t2,typed,nonlinear_backfill,12,37,4,4 3 6 7 4 3 1 5 4 2 4 3 1 6 3 4 7 8 6 8 7 11 9 10 8 4 7 9 12 9 3 6 7 8 6 2 5
p015-b4-t3,typed,linear_regression,7,29,1,1 2 1 3 2 3 1 3 1 2 3 4 5 6 5 7 6 2 3 2 1 2 1 4 3 1 3 2 1
p015-b4-t4,typed,nonlinear_backfill,13,54,8,1 2 1 2 1 3 2 3 6 5 3 1 2 3 5 3 2 3 4 5 8 4 3 8 3 6 5 6 7 9 2 9 6 7 8 10 7 8 12 8 10 9 10 8 9 11 10 13 10 11 10 12 6 8
p015-b4-t5,typed,nonlinear_backfill,8,28,1,2 1 2 3 1 2 1 2 4 5 1 3 1 2 1 2 7 1 3 6 5 2 3 9 2 3 1 2
p015-b4-t6,typed,nonlinear_backfill,8,25,5,1 3 5 2 4 1 6 5 4 5 1 6 4 5 4 5 6 5 1 6 8 5 7 4 5
p015-b4-t7,typed,nonlinear_backfill,7,26,3,1 2 1 3 1 2 1 3 4 2 1 3 4 6 2 5 6 5 4 7 2 5 4 3 4 3
p015-b4-t8,typed,nonlinear_backfill,8,39,5,1 3 2 4 3 4 3 5 1 2 6 1 5 3 4 3 6 8 5 6 8 4 7 5 2 6 8 3 1 6 5 3 1 4 8 7 4 8 3
p015-b4-t9,typed,nonlinear_backfill,7,32,6,1 5 6 5 6 7 6 8 9 5 7 4 5 6 5 6 9 7 6 8 9 6 5 8 5 6 8 6 5 8 7 8
p015-b5-t1,typed,nonlinear_backfill,5,15,2,2 1 3 1 2 1 2 4 1 2 3 1 5 3 2
p015-b5-t10,typed,nonlinear_backfill,5,12,2,2 1 2 4 1 3 2 4 5 2 1 2
p015-b5-t2,typed,nonlinear_backfill,10,86,5,1 3 1 3 5 7 6 7 6 5 7 5 3 5 6 4 5 3 5 2 7 4 3 6 8 4 3 2 1 2 1 2 5 8 1 5 3 5 6 5 4 3 5 2 5 6 5 8 3 7 8 9 8 1 8 3 8 9 10 9 10 8 7 9 10 5 10 8 10 8 9 10 4 3 4 6 5 4 7 5 6 5 7 4 5 1
p015-b5-t3,typed,nonlinear_backfill,10,38,3,2 1 2 1 2 1 3 2 6 3 7 4 8 10 6 5 4 6 7 9 10 9 8 9 8 7 4 5 9 3 4 8 7 5 7 6 5 2
p015-b5-t4,typed,nonlinear_backfill,9,49,2,2 3 2 1 2 5 3 4 1 3 4 7 6 8 6 4 6 5 2 3 1 7 4 7 1 2 4 8 9 6 9 5 8 7 8 5 8 9 4 5 7 3 5 2 1 2 1 2 1
p015-b5-t5,typed,nonlinear_backfill,8,25,5,1 2 1 2 3 2 3 2 5 4 6 8 5 3 5 3 6 7 4 8 6 5 2 4 3
p015-b5-t6,typed,nonlinear_backfill,6,27,2,1 2 1 2 1 5 3 2 3 2 7 1 3 2 3 2 1 3 2 5 4 2 3 4 5 1 2
p015-b5-t7,typed,nonlinear_backfill,12,28,4,1 2 1 5 4 2 5 6 7 9 10 14 9 12 11 5 4 7 5 8 7 6 7 2 5 4 2 4
p015-b5-t8,typed,nonlinear_backfill,6,29,3,1 2 3 2 1 2 3 6 3 5 4 3 2 3 1 2 3 1 2 4 6 3 4 6 5 6 4 3 4
p015-b5-t9,typed,nonlinear_backfill,10,38,2,1 2 3 1 3 1 2 3 1 2 3 2 3 1 2 4 3 5 6 7 6 7 8 10 9 7 3 2 3 2 3 2 3 1 2 3 2 1
p015-b6-t1,typed,nonlinear_backfill,7,31,2,1 2 4 2 1 3 1 3 1 4 6 4 6 1 6 4 2 1 4 2 3 2 3 4 6 9 4 5 1 3 1
p015-b6-t10,typed,nonlinear_backfill,12,34,5,2 1 2 5 6 1 5 4 7 9 6 5 6 7 6 8 9 13 15 16 9 5 3 7 1 6 5 7 6 7 6 7 6 4
p015-b6-t2,typed,nonlinear_backfill,10,27,4,1 2 1 2 3 1 2 4 2 1 2 4 6 5 1 5 6 7 8 9 10 7 4 3 4 1 5
p015-b6-t3,typed,nonlinear_backfill,8,27,4,1 3 2 3 2 3 6 5 6 5 4 5 6 5 8 6 7 8 5 3 5 3 5 3 2 3 2
p015-b6-t4,typed,nonlinear_skip_only,7,20,2,1 2 1 2 3 2 1 3 4 5 4 3 4 5 4 6 8 3 2 1
p015-b6-t5,typed,nonlinear_backfill,8,33,4,3 1 3 2 3 5 6 7 4 5 8 3 4 3 6 8 4 6 5 4 5 6 1 5 6 5 7 6 4 5 8 7 8
p015-b6-t6,typed,nonlinear_backfill,9,27,5,5 4 2 5 2 4 5 8 5 6 7 5 4 6 5 6 5 6 9 8 9 10 9 5 6 3 5
p015-b6-t7,typed,nonlinear_backfill,11,42,7,2 3 2 1 3 1 6 5 4 5 6 4 7 6 4 2 7 8 10 8 9 7 4 7 9 11 5 8 2 1 4 9 8 5 8 7 8 10 9 7 11 6
p015-b6-t8,typed,nonlinear_backfill,11,35,3,1 2 1 2 3 1 3 7 3 5 6 2 3 6 5 1 6 5 6 3 7 9 8 4 10 8 11 8 3 2 3 2 4 3 4
p015-b6-t9,typed,nonlinear_backfill,6,17,1,1 4 2 1 2 1 2 1 2 1 2 3 4 5 6 4 1
p016-b1-t1,typed,nonlinear_backfill,3,10,1,2 1 2 1 2 1 2 3 2 1
p016-b1-t10,typed,linear_regression,6,24,2,1 2 1 2 1 2 1 2 1 2 3 2 3 4 5 6 2 1 6 1 2 1 2 1
p016-b1-t2,typed,nonlinear_skip_only,8,14,2,1 2 3 2 1 3 4 5 6 7 12 3 1 2
p016-b1-t3,typed,nonlinear_backfill,10,22,1,1 2 3 1 2 3 4 3 5 7 8 9 11 10 9 11 9 7 4 1 2 1
p016-b1-t4,typed,nonlinear_skip_only,3,12,2,1 2 1 2 1 2 4 1 2 1 2 1
p016-b1-t5,typed,nonlinear_backfill,8,18,2,1 2 1 2 3 4 5 4 3 4 6 8 7 6 2 3 2 1
p016-b1-t6,typed,linear_regression,4,5,1,1 2 3 4 1
p016-b1-t7,typed,linear_regression,4,11,2,1 2 1 2 1 2 3 2 3 4 1
p016-b1-t8,typed,nonlinear_backfill,4,12,3,1 3 2 1 2 3 2 3 11 2 3 1
p016-b1-t9,typed,linear_regression,5,6,5,1 2 3 4 5 2
p016-b2-t1,typed,nonlinear_backfill,12,28,9,1 2 1 2 1 2 4 3 1 4 6 5 6 9 8 9 8 13 10 9 10 9 10 9 10 14 17 8
p016-b2-t10,typed,linear_regression,5,6,4,1 2 3 4 5 4
p016-b2-t2,typed,linear_regression,4,9,2,1 2 3 2 3 4 3 2 1
p016-b2-t3,typed,linear_regression,2,7,2,1 2 1 2 1 2 1
p016-b2-t4,typed,linear_regression,5,13,1,1 2 1 2 3 4 3 4 3 4 5 2 1
p016-b2-t6,typed,nonlinear_backfill,12,24,5,1 2 3 2 4 5 4 5 6 5 6 8 10 9 10 12 10 11 10 7 5 6 5 6
p016-b2-t7,typed,linear_regression,5,7,4,1 2 1 3 4 5 1
p016-b2-t8,typed,linear_regression,7,10,5,1 2 3 4 5 6 7 5 7 5
p016-b2-t9,typed,linear_regression,6,7,5,1 2 3 4 5 6 5
p016-b3-t1,typed,nonlinear_backfill,6,17,4,2 1 2 4 5 4 5 4 5 4 5 4 6 3 4 2 3
p016-b3-t2,typed,linear_regression,5,10,3,1 2 3 2 3 4 5 4 3 2
p016-b3-t3,typed,nonlinear_backfill,8,20,3,1 3 4 5 6 5 3 4 6 4 6 7 8 2 3 1 2 1 3 1
p016-b3-t4,typed,linear_regression,6,10,3,1 2 1 3 2 3 4 5 6 3
p016-b3-t5,typed,nonlinear_backfill,5,8,3,1 2 3 5 4 5 3 2
p016-b3-t6,typed,linear_regression,5,6,4,1 2 3 4 5 4
p016-b3-t7,typed,nonlinear_skip_only,7,31,6,1 2 3 2 1 2 3 4 5 6 5 8 5 6 5 2 5 6 3 4 2 1 2 1 2 1 4 6 2 1 2
p016-b3-t9,typed,nonlinear_backfill,4,8,2,2 1 2 5 4 1 2 1
p016-b4-t1,typed,linear_regression,4,10,4,1 2 1 2 3 4 3 4 1 4
p016-b4-t2,typed,linear_regression,3,10,2,1 2 3 2 3 2 3 1 2 1
p016-b4-t3,typed,nonlinear_skip_only,9,28,1,1 2 1 2 3 1 3 4 3 4 3 5 6 5 4 5 6 7 8 10 3 1 3 1 4 3 4 1
p016-b4-t4,typed,nonlinear_backfill,4,10,1,1 4 1 2 1 2 1 2 3 1
p016-b4-t5,typed,linear_regression,4,6,4,1 2 3 4 3 1
p016-b4-t9,typed,nonlinear_backfill,5,10,5,1 2 1 2 5 4 5 3 4 3
p016-b5-t1,typed,linear_regression,2,3,1,1 2 1
p016-b5-t10,typed,nonlinear_backfill,10,17,5,1 2 3 4 5 8 7 8 7 6 8 9 10 5 2 5 4
p016-b5-t2,typed,nonlinear_backfill,5,9,5,1 2 3 5 4 5 1 5 1
p016-b5-t3,typed,nonlinear_backfill,5,20,3,1 2 3 2 3 2 3 10 3 2 3 4 3 4 3 4 3 4 3 2
p016-b5-t4,typed,linear_regression,2,4,2,1 2 1 2
p016-b5-t5,typed,linear_regression,4,9,4,1 2 1 2 1 3 4 3 4
p016-b5-t6,typed,linear_regression,3,10,1,1 2 3 2 1 2 3 1 2 1
p016-b5-t7,typed,linear_regression,6,14,4,1 2 1 3 4 5 6 1 4 5 6 5 4 3
p016-b5-t8,typed,linear_regression,2,4,2,1 2 1 2
p016-b5-t9,typed,linear_regression,3,7,2,1 2 1 2 3 2 1
p016-b6-t1,typed,linear_regression,3,9,2,1 2 1 2 1 2 3 2 1
p016-b6-t10,typed,nonlinear_backfill,3,3,3,1 3 2
p016-b6-t2,typed,nonlinear_backfill,9,18,4,1 2 3 4 2 8 7 9 12 11 7 4 1 2 3 4 2 4
p016-b6-t3,typed,linear_regression,4,15,3,1 2 1 2 1 2 1 3 4 3 2 3 1 3 1
p016-b6-t4,typed,nonlinear_backfill,10,22,6,1 5 4 5 9 10 12 5 1 2 3 2 5 6 7 4 6 3 2 3 1 6
p016-b6-t5,typed,nonlinear_backfill,10,26,2,1 2 1 2 3 4 5 7 8 11 15 6 5 2 1 2 1 2 1 4 2 1 2 3 2 1
p016-b6-t6,typed,linear_regression,2,9,2,1 2 1 2 1 2 1 2 1
p016-b6-t7,typed,nonlinear_skip_only,3,4,1,1 2 4 1
p016-b6-t8,typed,linear_regression,6,22,4,1 2 3 1 4 2 4 2 3 4 5 6 4 3 1 4 5 4 3 2 3 2
p016-b6-t9,typed,nonlinear_backfill,6,36,2,1 3 4 5 4 3 2 1 2 1 3 2 1 2 1 2 8 3 8 3 2 3 2 3 2 3 4 3 4 3 4 5 4 2 3 2
p017-b1-t1,typed,linear_regression,4,8,1,1 2 1 2 1 3 4 1
p017-b1-t10,typed,linear_regression,4,10,4,1 2 3 1 2 3 4 3 4 3
p017-b1-t2,typed,linear_regression,6,10,4,1 2 3 4 5 6 5 4 3 4
p017-b1-t3,typed,nonlinear_backfill,6,10,5,1 3 1 5 6 5 4 6 7 5
p017-b1-t4,typed,linear_regression,3,7,3,1 2 1 2 3 2 3
p017-b1-t5,typed,strictly_linear,5,5,5,1 2 3 4 5
p017-b1-t6,typed,nonlinear_backfill,3,4,1,1 4 3 1
p017-b1-t7,typed,nonlinear_backfill,5,7,5,1 2 1 2 3 5 4
p017-b1-t8,typed,nonlinear_backfill,4,5,4,1 4 3 5 4
p017-b1-t9,typed,linear_regression,6,11,5,1 2 1 2 1 2 3 4 5 6 5
p017-b2-t1,typed,linear_regression,2,6,2,1 2 1 2 1 2
p017-b2-t10,typed,strictly_linear,1,1,1,1
p017-b2-t2,typed,linear_regression,4,5,4,1 2 3 4 1
p017-b2-t3,typed,nonlinear_backfill,4,9,4,1 2 4 2 3 2 4 3 2
p017-b2-t4,typed,linear_regression,4,7,3,1 2 3 2 3 4 1
p017-b2-t5,typed,nonlinear_skip_only,5,6,6,1 2 3 1 5 6
p017-b2-t6,typed,linear_regression,9,14,8,1 2 3 4 5 6 7 8 9 8 7 8 7 5
p017-b2-t7,typed,linear_regression,2,8,2,1 2 1 2 1 2 1 2
p017-b2-t8,typed,linear_regression,5,6,5,1 2 3 1 4 5
p017-b2-t9,typed,linear_regression,8,16,7,1 2 1 2 1 3 4 5 4 5 6 7 8 7 8 7
p017-b3-t1,typed,nonlinear_backfill,4,6,4,2 1 2 3 4 1
p017-b3-t10,typed,nonlinear_backfill,10,14,7,1 2 5 6 3 8 10 11 12 11 10 6 7 6
p017-b3-t2,typed,linear_regression,3,7,3,1 2 3 2 3 2 1
p017-b3-t5,typed,linear_regression,5,6,5,1 2 3 4 5 4
p017-b3-t6,typed,nonlinear_backfill,6,9,5,2 1 3 4 5 4 5 6 5
p017-b3-t7,typed,nonlinear_backfill,7,10,7,1 4 3 4 5 6 8 7 8 5
p017-b3-t8,typed,strictly_linear,7,7,7,1 2 3 4 5 6 7
p017-b3-t9,typed,strictly_linear,1,1,1,1
p017-b4-t1,typed,linear_regression,2,3,2,1 2 1
p017-b4-t10,typed,linear_regression,5,7,5,1 2 3 4 3 4 5
p017-b4-t2,typed,nonlinear_backfill,6,8,6,1 2 1 5 6 4 3 4
p017-b4-t3,typed,nonlinear_skip_only,6,8,9,1 2 1 4 5 6 9 6
p017-b4-t4,typed,nonlinear_skip_only,3,5,4,1 3 4 3 1
p017-b4-t5,typed,nonlinear_backfill,10,11,10,1 2 3 4 7 8 9 10 11 10 6
p017-b4-t6,typed,linear_regression,4,6,4,1 2 3 4 3 4
p017-b4-t7,typed,linear_regression,5,6,5,1 2 3 4 5 2
p017-b4-t8,typed,linear_regression,4,7,4,1 2 1 3 4 3 4
p017-b4-t9,typed,linear_regression,3,4,2,1 2 3 1
p017-b5-t1,typed,linear_regression,3,4,3,1 2 3 2
p017-b5-t10,typed,linear_regression,8,10,8,1 2 3 4 5 4 6 7 8 5
p017-b5-t3,typed,linear_regression,8,17,2,1 2 1 2 1 2 3 4 5 6 7 8 1 2 1 2 1
p017-b5-t4,typed,linear_regression,9,17,3,1 2 1 2 1 2 3 4 2 5 6 7 8 9 4 3 1
p017-b5-t5,typed,strictly_linear,1,1,1,1
p017-b5-t6,typed,nonlinear_skip_only,7,16,4,1 2 1 2 1 3 2 3 4 3 4 9 10 11 4 3
p017-b5-t7,typed,nonlinear_backfill,7,14,7,5 1 2 1 2 3 4 3 5 7 6 7 6 3
p017-b5-t8,typed,nonlinear_backfill,5,8,3,1 2 4 5 3 2 3 2
p017-b5-t9,typed,linear_regression,6,7,6,1 2 3 4 5 6 4
p017-b6-t1,typed,nonlinear_backfill,7,18,5,2 1 2 1 2 3 2 1 4 6 9 5 6 4 5 4 2 4
p017-b6-t10,typed,nonlinear_backfill,9,13,9,1 5 4 3 4 5 6 7 8 9 12 9 7
p017-b6-t3,typed,linear_regression,9,12,9,1 2 3 4 3 2 5 6 7 8 9 7
p017-b6-t4,typed,nonlinear_skip_only,3,6,4,1 3 4 3 4 3
p017-b6-t5,typed,linear_regression,2,3,2,1 2 1
p017-b6-t6,typed,linear_regression,8,12,7,1 2 3 2 4 5 6 7 6 7 8 6
p017-b6-t7,typed,nonlinear_backfill,12,15,10,1 2 1 3 5 6 10 12 13 14 11 12 10 9 8
p017-b6-t8,typed,linear_regression,7,12,7,1 2 3 4 5 4 5 6 5 6 7 5
p017-b6-t9,typed,strictly_linear,1,1,1,1
p018-b1-t1,typed,nonlinear_skip_only,3,6,1,1 2 1 4 2 1
p018-b1-t10,typed,linear_regression,11,26,1,1 2 1 2 1 3 2 1 3 1 3 4 5 6 7 8 9 10 2 4 10 11 2 1 2 1
p018-b1-t2,typed,nonlinear_backfill,7,22,3,2 3 2 3 1 2 3 4 3 4 5 6 5 7 1 2 3 2 3 2 3 2
p018-b1-t3,typed,linear_regression,6,16,5,1 2 1 3 2 4 5 4 5 4 2 1 5 6 5 4
p018-b1-t4,typed,nonlinear_backfill,13,32,2,1 2 1 2 3 5 7 6 2 8 9 10 11 12 11 12 13 12 14 13 11 12 11 12 11 12 5 1 2 1 2 1
p018-b1-t5,typed,linear_regression,6,17,4,1 2 3 4 2 4 5 3 4 2 4 3 4 5 6 5 3
p018-b1-t6,typed,nonlinear_skip_only,12,30,2,1 2 1 2 3 1 3 4 5 6 7 8 9 11 12 13 11 3 1 2 1 2 1 3 2 1 2 1 2 1
p018-b1-t7,typed,nonlinear_backfill,5,11,5,2 1 2 3 2 4 5 4 5 4 5
p018-b1-t8,typed,nonlinear_skip_only,6,13,2,1 2 1 2 1 3 2 5 7 8 1 2 3
p018-b1-t9,typed,linear_regression,3,13,2,1 2 1 2 3 1 2 1 2 1 2 1 2
p018-b2-t1,typed,linear_regression,6,23,3,1 2 1 2 1 2 3 1 3 4 3 2 4 2 3 5 3 2 3 6 3 2 1
p018-b2-t2,typed,linear_regression,6,23,4,1 2 3 4 3 1 2 1 3 2 3 4 3 4 5 3 2 4 5 6 3 4 1
p018-b2-t3,typed,linear_regression,3,10,3,1 2 3 2 3 2 3 2 3 2
p018-b2-t4,typed,nonlinear_backfill,4,9,3,1 3 1 2 3 1 3 4 1
p018-b2-t5,typed,nonlinear_backfill,9,33,7,1 2 1 2 3 4 5 6 5 1 8 6 7 8 10 6 5 6 8 7 5 6 5 4 5 4 5 3 7 6 7 8 5
p018-b2-t7,typed,nonlinear_skip_only,11,30,3,1 2 3 2 3 4 2 3 2 3 2 3 6 7 6 7 8 9 8 11 12 11 13 3 2 3 2 1 2 1
p018-b2-t8,typed,nonlinear_backfill,10,26,3,1 2 1 2 1 2 3 2 1 4 3 1 3 4 3 5 4 5 7 6 8 9 11 9 2 1
p018-b2-t9,typed,nonlinear_backfill,12,33,6,1 4 2 1 2 3 2 4 3 4 2 1 2 4 7 6 5 6 9 11 6 5 12 11 13 14 13 11 6 7 5 6 5
p018-b3-t10,typed,linear_regression,3,6,1,1 2 1 3 2 1
p018-b3-t2,typed,nonlinear_backfill,4,12,1,1 2 1 2 4 3 4 3 4 3 2 1
p018-b3-t3,typed,nonlinear_backfill,9,21,3,2 1 2 3 2 3 4 3 4 3 5 6 8 6 10 11 4 3 2 1 2
p018-b3-t4,typed,nonlinear_skip_only,4,16,5,1 2 1 4 2 1 2 4 5 1 5 4 5 4 5 1
p018-b3-t5,typed,nonlinear_backfill,11,30,6,1 2 3 4 5 4 5 6 5 7 8 7 5 6 7 4 3 8 9 12 10 5 4 5 6 5 6 5 2 1
p018-b3-t6,typed,nonlinear_backfill,6,10,5,1 3 5 1 2 3 4 5 6 2
p018-b3-t7,typed,linear_regression,2,12,2,1 2 1 2 1 2 1 2 1 2 1 2
p018-b3-t8,typed,linear_regression,4,12,2,1 2 1 2 3 4 3 1 2 1 2 1
p018-b3-t9,typed,nonlinear_backfill,12,39,10,3 1 3 1 4 3 2 3 4 3 4 3 2 1 2 1 5 6 5 4 1 10 9 10 9 11 6 1 8 7 10 9 10 9 10 12 8 10 6
p018-b4-t1,typed,linear_regression,2,6,2,1 2 1 2 1 2
p018-b4-t10,typed,nonlinear_backfill,4,12,3,1 3 2 3 1 2 3 4 2 3 1 3
p018-b4-t2,typed,nonlinear_backfill,4,6,1,1 2 4 3 4 1
p018-b4-t3,typed,linear_regression,5,16,4,1 2 1 3 2 4 1 4 2 3 4 1 4 5 4 1
p018-b4-t4,typed,strictly_linear,1,1,1,1
p018-b4-t5,typed,nonlinear_skip_only,4,14,2,1 2 1 2 1 2 1 2 1 3 5 3 2 1
p018-b4-t6,typed,nonlinear_backfill,5,25,4,1 4 1 2 3 2 3 2 4 3 4 5 3 4 3 4 1 5 4 3 4 3 4 2 4
p018-b4-t7,typed,nonlinear_backfill,6,16,5,1 2 1 4 2 1 6 5 4 5 4 5 7 4 5 4
p018-b4-t8,typed,linear_regression,9,25,3,1 2 1 2 3 2 3 4 5 4 6 7 8 9 6 5 6 7 4 3 2 3 2 3 2
p018-b4-t9,typed,nonlinear_backfill,4,7,4,1 4 1 4 2 3 4
p018-b5-t1,typed,linear_regression,4,9,3,1 2 1 3 4 1 2 3 2
p018-b5-t10,typed,linear_regression,5,14,2,1 2 3 2 1 2 1 2 4 5 4 5 2 1
p018-b5-t2,typed,linear_regression,2,4,2,1 2 1 2
p018-b5-t3,typed,linear_regression,2,6,2,1 2 1 2 1 2
p018-b5-t4,typed,linear_regression,2,7,2,1 2 1 2 1 2 1
p018-b5-t5,typed,linear_regression,2,6,2,1 2 1 2 1 2
p018-b5-t6,typed,linear_regression,2,3,1,1 2 1
p018-b5-t7,typed,nonlinear_backfill,11,16,4,1 2 3 4 6 3 8 7 6 9 10 11 5 4 3 2
p018-b5-t8,typed,linear_regression,3,19,2,1 2 1 2 1 2 1 2 1 2 1 3 2 1 2 1 2 1 2
p018-b5-t9,typed,linear_regression,3,18,2,1 2 1 2 1 2 1 3 2 1 2 1 2 3 1 2 1 2
p018-b6-t1,typed,nonlinear_backfill,3,7,2,1 3 2 1 2 1 2
p018-b6-t10,typed,nonlinear_skip_only,10,31,2,1 2 3 1 2 3 4 5 2 3 1 3 2 5 3 7 9 10 11 13 2 3 2 1 2 3 2 3 2 1 2
p018-b6-t2,typed,linear_regression,3,6,2,1 2 1 2 3 1
p018-b6-t3,typed,linear_regression,2,4,2,1 2 1 2
p018-b6-t4,typed,linear_regression,4,5,2,1 2 3 2 4
p018-b6-t5,typed,nonlinear_skip_only,3,14,1,1 2 1 2 1 2 1 2 1 2 1 2 4 1
p018-b6-t6,typed,nonlinear_backfill,5,15,2,1 2 1 2 1 4 6 4 6 5 4 2 1 2 1
p018-b6-t7,typed,linear_regression,6,14,5,1 2 1 2 1 3 1 3 4 5 6 4 5 1
p018-b6-t8,typed,nonlinear_backfill,4,9,4,2 1 2 1 4 1 3 4 1
p018-b6-t9,typed,linear_regression,3,14,2,1 2 1 2 1 2 1 2 3 2 3 2 3 2
p019-b1-t1,typed,nonlinear_skip_only,2,2,3,1 3
p019-b1-t10,typed,nonlinear_skip_only,11,14,10,1 2 3 4 5 7 8 9 10 11 12 10 7 8
p019-b1-t2,typed,nonlinear_skip_only,2,3,3,1 3 1
p019-b1-t3,typed,nonlinear_skip_only,5,12,3,1 3 1 3 4 5 4 5 6 4 3 1
p019-b1-t4,typed,linear_regression,3,6,3,1 2 3 2 3 1
p019-b1-t5,typed,nonlinear_backfill,10,25,3,1 2 4 3 4 6 7 8 6 9 10 11 10 2 1 2 3 2 4 3 4 3 1 2 1
p019-b1-t6,typed,nonlinear_skip_only,7,8,8,1 2 3 4 6 7 8 6
p019-b1-t7,typed,nonlinear_backfill,10,20,4,1 2 3 4 6 9 10 12 13 9 5 4 2 1 2 3 4 5 6 4
p019-b1-t8,typed,nonlinear_backfill,11,27,1,1 3 4 5 1 7 8 9 11 4 3 1 4 3 1 3 2 6 7 11 12 9 6 4 6 3 1
p019-b1-t9,typed,nonlinear_backfill,5,10,4,1 3 2 4 5 4 5 4 3 4
p019-b2-t1,typed,nonlinear_backfill,5,11,4,1 4 1 2 3 1 2 4 5 1 4
p019-b2-t10,typed,nonlinear_backfill,10,14,3,1 2 4 5 6 7 8 9 10 4 2 3 1 2
p019-b2-t2,typed,nonlinear_backfill,11,32,2,1 5 3 5 6 7 10 11 13 8 2 1 2 3 4 5 6 2 1 2 3 4 6 7 5 1 2 1 3 4 2 1
p019-b2-t3,typed,nonlinear_backfill,11,28,1,1 3 4 6 8 1 2 8 9 10 12 11 3 1 2 7 8 9 10 11 1 2 1 2 3 4 3 1
p019-b2-t4,typed,nonlinear_backfill,9,16,2,1 2 3 4 6 8 10 11 8 4 5 3 2 1 2 1
p019-b2-t5,typed,nonlinear_backfill,8,17,2,1 2 3 5 7 10 7 8 10 9 7 3 1 2 1 2 1
p019-b2-t6,typed,nonlinear_backfill,11,30,1,1 2 1 2 1 2 3 4 5 6 5 6 5 4 7 5 9 10 12 11 5 4 2 1 3 2 1 2 3 1
p019-b2-t7,typed,nonlinear_skip_only,9,17,2,1 2 3 4 5 8 10 11 12 3 1 2 1 2 1 2 1
p019-b2-t8,typed,nonlinear_skip_only,8,17,1,1 2 1 2 3 4 5 7 9 10 5 3 1 2 1 2 1
p019-b2-t9,typed,nonlinear_skip_only,7,14,2,1 2 1 2 3 4 5 7 10 7 2 1 2 1
p019-b3-t1,typed,nonlinear_skip_only,4,7,5,1 2 1 2 3 5 2
p019-b3-t10,typed,nonlinear_backfill,11,41,2,1 2 3 2 1 2 4 5 6 7 9 8 9 10 11 1 2 1 2 1 2 3 2 1 3 4 5 6 7 9 10 11 7 2 3 4 3 2 1 2 1
p019-b3-t2,typed,linear_regression,5,6,2,1 2 3 4 5 1
p019-b3-t3,typed,linear_regression,4,15,2,1 2 3 2 1 3 1 3 4 1 3 2 1 2 1
p019-b3-t4,typed,linear_regression,4,8,2,1 2 1 2 3 2 4 1
p019-b3-t5,typed,linear_regression,9,20,4,1 2 3 2 3 4 5 6 7 8 1 8 9 2 3 2 3 1 2 4
p019-b3-t6,typed,nonlinear_skip_only,6,11,6,1 3 4 5 6 7 6 5 6 4 5
p019-b3-t8,typed,nonlinear_backfill,7,24,3,1 2 3 4 5 4 1 2 1 2 4 7 5 6 4 3 2 1 3 2 3 2 1 2
p019-b3-t9,typed,linear_regression,3,6,3,1 2 1 2 3 1
p019-b4-t1,typed,nonlinear_skip_only,5,18,2,1 2 3 2 3 4 6 2 1 2 1 2 1 2 1 2 1 2
p019-b4-t10,typed,nonlinear_backfill,12,29,2,1 2 3 4 6 7 6 7 8 7 9 11 10 11 13 12 8 3 1 2 1 2 1 2 3 2 3 2 1
p019-b4-t2,typed,nonlinear_backfill,7,24,7,8 2 1 5 6 7 8 1 3 5 1 5 3 5 6 5 1 8 5 6 8 7 8 2
p019-b4-t3,typed,nonlinear_backfill,13,22,6,1 2 4 6 5 6 7 8 10 11 12 13 15 14 6 5 4 2 1 2 5 6
p019-b4-t4,typed,linear_regression,4,8,3,1 2 1 2 3 4 3 1
p019-b4-t5,typed,nonlinear_skip_only,6,15,3,1 2 3 1 2 3 5 6 9 5 3 2 3 2 1
p019-b4-t6,typed,nonlinear_backfill,10,22,2,2 1 2 3 4 5 6 5 6 9 8 11 15 6 3 1 3 4 2 1 2 1
p019-b4-t7,typed,nonlinear_backfill,10,30,2,1 2 1 2 3 1 3 4 6 1 2 1 3 1 3 7 6 7 8 10 11 9 3 1 2 1 2 1 2 3
p019-b4-t9,typed,nonlinear_backfill,8,26,1,1 2 1 2 3 4 6 5 6 9 8 9 3 4 3 4 5 4 1 2 4 1 2 1 2 1
p019-b5-t1,typed,nonlinear_skip_only,7,9,1,1 4 8 9 10 11 12 11 1
p019-b5-t10,typed,nonlinear_backfill,13,31,10,1 2 1 2 1 2 1 2 1 2 3 4 7 6 5 4 8 10 9 11 10 11 10 12 11 12 13 10 8 7 6
p019-b5-t3,typed,linear_regression,3,9,1,1 2 1 2 3 2 1 2 1
p019-b5-t4,typed,nonlinear_backfill,8,14,8,1 5 4 3 2 6 4 3 4 5 8 9 8 5
p019-b5-t5,typed,linear_regression,11,20,11,1 2 3 4 5 4 5 6 7 8 5 8 9 10 11 6 10 11 10 6
p019-b5-t6,typed,nonlinear_backfill,8,26,4,1 3 1 3 5 4 6 7 5 3 1 3 4 7 6 3 4 9 8 5 4 3 6 7 4 3
p019-b5-t7,typed,nonlinear_backfill,11,22,4,1 2 3 4 5 6 7 8 10 9 8 10 11 10 8 2 1 3 1 2 4 1
p019-b5-t8,typed,nonlinear_backfill,8,14,8,1 2 4 6 7 9 8 12 9 8 7 8 7 6
p019-b5-t9,typed,nonlinear_backfill,11,18,14,1 4 5 6 4 5 2 1 5 6 7 11 12 13 14 15 14 12
p019-b6-t1,typed,nonlinear_backfill,13,29,2,1 3 4 6 5 8 9 10 11 12 13 7 5 4 5 6 1 2 3 4 6 7 8 9 8 6 2 1 2
p019-b6-t10,typed,nonlinear_skip_only,5,6,5,1 3 4 5 6 5
p019-b6-t2,typed,nonlinear_backfill,10,13,1,1 2 1 2 4 6 5 7 8 9 10 11 1
p019-b6-t3,typed,linear_regression,3,4,3,1 2 3 2
p019-b6-t4,typed,nonlinear_backfill,9,36,3,1 2 3 4 1 4 6 5 4 7 8 5 1 2 4 9 4 5 1 2 1 2 3 1 5 4 5 7 8 9 3 2 1 2 3 1
p019-b6-t6,typed,linear_regression,2,3,2,1 2 1
p019-b6-t7,typed,linear_regression,4,9,3,1 2 1 2 3 1 2 3 4
p019-b6-t8,typed,linear_regression,4,6,3,1 2 1 3 4 1
p019-b6-t9,typed,nonlinear_backfill,6,9,1,1 2 3 4 1 6 5 6 1
p020-b1-t1,typed,linear_regression,5,10,2,1 2 1 3 4 5 2 1 2 1
p020-b1-t2,typed,linear_regression,6,10,5,1 2 3 4 3 5 6 5 3 2
p020-b1-t3,typed,nonlinear_backfill,13,27,4,1 2 1 2 3 4 6 5 6 7 6 7 8 9 10 11 10 12 11 12 13 12 8 6 5 4 3
p020-b1-t4,typed,nonlinear_backfill,8,16,3,1 3 1 2 3 4 5 6 7 8 3 1 2 1 3 1
p020-b1-t5,typed,nonlinear_skip_only,11,30,3,1 2 3 2 3 4 3 5 6 7 8 9 11 12 11 7 5 3 4 3 4 3 4 3 1 4 2 3 2 5
p020-b1-t6,typed,nonlinear_backfill,13,29,12,1 2 3 2 3 4 3 4 3 4 5 6 7 9 10 11 13 12 11 10 12 11 10 9 10 9 8 9 12
p020-b1-t7,typed,nonlinear_backfill,8,24,1,3 2 3 1 2 1 2 1 2 4 5 4 5 4 5 4 5 6 7 8 2 1 2 1
p020-b1-t8,typed,linear_regression,11,37,9,1 2 3 4 3 4 3 5 6 7 8 9 10 11 9 10 8 9 8 9 10 9 7 8 9 7 8 9 8 9 8 7 8 7 8 5 9
p020-b1-t9,typed,nonlinear_backfill,3,4,2,2 1 2 3
p020-b2-t1,typed,nonlinear_backfill,7,15,6,1 2 3 4 6 5 4 5 6 7 6 7 6 3 6
p020-b2-t10,typed,nonlinear_backfill,9,35,6,2 1 2 3 2 3 4 3 4 1 4 6 5 7 8 7 9 8 9 7 6 5 6 4 5 6 5 6 5 6 7 6 7 6 2
p020-b2-t2,typed,linear_regression,6,9,5,1 2 3 2 3 4 5 6 5
p020-b2-t3,typed,nonlinear_backfill,5,11,4,2 1 2 3 4 3 4 3 4 5 4
p020-b2-t4,typed,nonlinear_backfill,11,40,3,1 3 2 1 2 3 2 1 2 1 2 1 2 1 2 1 2 3 2 3 4 3 4 3 5 6 8 9 10 12 13 10 8 6 5 4 3 2 3 1
p020-b2-t5,typed,nonlinear_backfill,10,61,5,2 3 1 2 3 2 1 3 4 3 2 3 2 1 2 3 1 4 2 4 2 5 4 3 4 5 4 3 4 3 4 5 4 5 4 5 3 4 5 4 5 4 5 3 5 6 7 6 7 8 9 10 5 4 5 4 3 4 2 4 1
p020-b2-t6,typed,linear_regression,5,27,2,1 2 3 2 1 2 1 2 3 2 3 4 5 3 2 1 2 3 2 3 4 5 4 3 2 3 2
p020-b2-t7,typed,nonlinear_backfill,10,38,11,1 2 1 2 3 1 5 1 2 1 2 3 1 3 2 1 4 3 4 3 4 3 6 7 6 9 10 9 10 11 10 11 10 11 10 11 7 6
p020-b2-t8,typed,nonlinear_backfill,12,47,1,2 1 2 1 2 1 2 1 2 3 2 1 2 3 4 5 6 7 6 7 8 9 10 9 10 12 11 10 12 11 10 8 7 5 6 4 3 4 1 2 1 2 1 2 1 3 1
p020-b2-t9,typed,nonlinear_backfill,11,44,1,2 1 2 1 2 3 2 3 4 3 4 3 4 2 3 4 3 2 3 4 5 3 2 3 4 5 6 7 6 7 8 10 12 11 6 4 3 2 1 3 2 1 3 2
p020-b3-t1,typed,nonlinear_backfill,3,10,2,2 1 3 1 2 1 2 1 2 1
p020-b3-t10,typed,nonlinear_backfill,16,33,14,5 1 2 4 5 4 3 4 5 6 5 6 7 6 7 8 9 10 11 12 13 14 13 14 15 14 16 14 13 14 15 14 10
p020-b3-t2,typed,nonlinear_backfill,7,14,6,1 2 1 4 6 7 8 3 1 2 3 4 6 4
p020-b3-t3,typed,linear_regression,6,8,2,1 2 3 4 5 6 1 2
p020-b3-t4,typed,nonlinear_backfill,7,20,1,3 1 5 3 4 3 4 3 1 3 4 3 5 6 5 6 7 1 2 1
p020-b3-t5,typed,linear_regression,3,11,2,1 2 3 2 1 2 1 2 3 2 1
p020-b3-t6,typed,nonlinear_backfill,5,15,4,2 1 3 2 1 3 4 1 3 5 4 3 1 4 1
p020-b3-t7,typed,nonlinear_backfill,11,22,13,1 3 2 1 2 3 2 3 5 6 8 9 10 11 13 12 8 13 12 13 12 10
p020-b3-t8,typed,nonlinear_backfill,6,15,4,2 1 3 2 3 1 2 1 3 4 3 4 5 6 4
p020-b3-t9,typed,nonlinear_backfill,13,42,1,4 3 1 2 1 2 3 2 1 2 1 2 3 2 3 2 4 3 2 1 2 1 2 3 1 2 4 5 6 7 9 8 10 11 13 14 10 6 5 4 3 1
p020-b4-t1,typed,linear_regression,13,24,13,1 2 3 1 2 1 2 3 4 5 4 5 6 7 8 9 10 9 10 11 12 13 10 8
p020-b4-t10,typed,nonlinear_backfill,8,64,4,1 3 1 3 2 1 2 1 2 1 2 1 2 3 2 3 2 1 2 1 2 1 2 3 1 2 1 2 3 2 3 2 3 2 5 4 5 4 5 2 1 4 5 6 5 7 3 2 1 3 4 5 1 2 1 2 5 4 5 7 6 7 8 3
p020-b4-t2,typed,nonlinear_backfill,13,45,12,2 1 2 3 1 3 2 3 4 3 2 4 3 4 3 4 3 5 4 5 6 5 6 7 8 7 8 9 10 11 12 1 7 5 7 8 9 8 7 8 9 8 12 13 12
p020-b4-t3,typed,nonlinear_skip_only,3,7,1,1 3 4 3 1 3 1
p020-b4-t4,typed,nonlinear_backfill,10,40,3,1 2 3 2 1 4 3 4 5 4 5 7 8 9 10 4 3 2 3 2 1 2 3 4 5 6 7 2 1 2 3 2 3 2 3 2 3 2 3 1
p020-b4-t5,typed,nonlinear_backfill,7,32,3,2 3 1 3 4 5 4 5 6 7 6 7 6 5 6 2 1 3 2 3 2 3 2 3 2 3 4 3 2 3 4 2
p020-b4-t6,typed,linear_regression,3,21,1,1 2 1 2 3 1 2 1 2 1 2 3 2 3 1 3 1 2 1 2 1
p020-b4-t7,typed,nonlinear_backfill,14,67,4,4 1 2 1 2 1 2 4 2 4 3 2 4 2 1 2 1 2 1 2 3 2 1 2 1 2 1 2 1 4 3 4 5 4 5 6 7 8 9 8 10 11 10 11 12 13 12 13 14 5 13 14 13 14 13 7 8 6 5 6 7 5 4 5 4 1 4
p020-b4-t8,typed,nonlinear_backfill,12,25,11,2 1 2 1 3 2 4 3 4 5 4 1 5 7 8 9 10 13 12 11 12 11 13 11 9
p020-b4-t9,typed,nonlinear_backfill,8,28,7,3 1 2 1 4 2 1 2 3 1 2 5 2 3 2 4 3 4 5 6 7 8 7 6 7 8 7 2
p020-b5-t1,typed,nonlinear_backfill,10,21,2,1 2 1 4 5 6 7 8 11 12 7 6 5 4 3 2 1 3 2 3 2
p020-b5-t10,typed,nonlinear_backfill,5,22,1,1 3 1 2 1 2 3 4 3 4 5 4 5 1 2 4 1 3 1 3 2 1
p020-b5-t2,typed,nonlinear_skip_only,5,11,2,1 2 3 1 2 3 2 1 3 5 6
p020-b5-t3,typed,nonlinear_backfill,15,40,5,5 2 1 4 5 6 5 6 7 6 5 8 10 12 13 15 17 14 15 14 15 10 8 7 9 5 9 10 5 6 5 4 5 4 2 5 6 5 3 2
p020-b5-t4,typed,nonlinear_backfill,11,31,1,1 2 5 4 2 3 5 6 7 8 10 11 10 11 12 6 5 4 3 2 4 3 2 1 2 3 2 3 4 5 1
p020-b5-t5,typed,nonlinear_backfill,14,40,7,4 5 4 5 7 6 7 9 12 13 14 13 15 14 16 15 16 15 16 8 7 5 7 4 3 4 3 2 4 5 4 5 4 5 2 1 7 5 7 5
p020-b5-t6,typed,nonlinear_backfill,13,43,12,1 4 1 5 2 3 1 2 3 4 5 6 7 5 6 7 8 7 8 9 10 11 12 13 12 10 13 12 6 5 2 1 9 10 11 12 13 12 11 13 9 12 11
p020-b5-t7,typed,nonlinear_skip_only,9,29,4,1 2 1 3 2 3 4 5 4 5 6 5 4 1 3 4 5 6 7 9 10 5 4 3 4 5 4 1 5
p020-b5-t8,typed,nonlinear_backfill,15,45,5,1 3 4 3 4 3 4 3 2 4 5 4 3 2 1 5 6 5 6 5 6 8 9 10 12 11 13 15 16 17 16 17 11 9 8 6 5 6 4 5 3 4 3 2 5
p020-b5-t9,typed,linear_regression,12,71,10,1 2 3 2 3 2 4 3 2 3 2 1 3 2 3 5 6 7 6 5 8 9 10 11 10 9 10 11 10 11 6 12 11 10 11 5 4 1 6 7 8 9 8 10 9 8 9 10 11 10 11 10 11 9 10 11 12 11 12 10 11 12 11 10 11 10 11 10 9 7 12
p020-b6-t1,typed,nonlinear_backfill,12,48,2,1 2 1 2 3 4 3 1 2 3 1 2 1 2 3 4 5 6 3 2 6 10 11 10 11 12 13 11 10 8 7 6 5 6 3 4 3 1 2 3 2 3 2 3 2 3 2 1
p020-b6-t10,typed,nonlinear_backfill,12,28,11,1 2 1 5 1 2 1 2 1 2 3 2 3 4 5 4 3 8 9 10 11 12 13 10 11 10 11 6
p020-b6-t2,typed,nonlinear_skip_only,9,54,5,1 2 3 2 1 2 1 2 3 2 3 4 5 3 4 6 7 9 10 7 5 3 4 5 6 7 5 3 2 3 2 3 4 3 4 3 4 5 4 3 4 3 4 1 5 6 5 4 5 4 2 5 6 5
p020-b6-t3,typed,nonlinear_backfill,6,22,5,1 4 1 2 1 2 1 3 4 5 4 3 4 3 4 3 4 3 4 5 6 5
p020-b6-t4,typed,nonlinear_backfill,12,39,1,1 3 1 2 1 2 3 2 3 2 3 4 1 4 3 4 5 4 3 4 1 2 1 2 3 4 5 6 7 8 9 10 11 12 11 8 4 3 1
p020-b6-t5,typed,linear_regression,8,52,2,1 2 3 4 2 1 2 1 2 1 2 3 4 3 2 3 4 2 1 2 1 2 1 2 1 2 3 2 3 2 3 4 5 6 7 6 8 1 3 2 1 3 4 2 1 2 1 2 1 2 3 1
p020-b6-t6,typed,nonlinear_backfill,12,35,11,2 1 2 1 2 1 2 1 2 1 2 1 2 3 4 3 4 5 4 5 6 7 8 11 10 11 10 11 9 10 9 10 7 8 12
p020-b6-t7,typed,nonlinear_backfill,16,44,5,1 4 1 2 3 4 5 6 7 8 7 9 10 11 12 7 6 5 6 5 4 3 9 11 12 13 14 13 15 16 9 8 7 6 5 3 5 3 5 4 3 5 4 1
p020-b6-t8,typed,nonlinear_backfill,5,34,3,3 1 4 2 3 2 3 2 3 1 3 4 3 4 5 4 5 4 2 1 3 2 4 2 3 2 1 3 2 3 4 3 2 3
p020-b6-t9,typed,nonlinear_backfill,15,28,3,4 1 4 2 1 3 4 2 4 5 6 5 7 8 9 10 11 13 14 16 17 6 5 2 3 2 1 2
p021-b1-t1,typed,linear_regression,9,13,5,1 2 3 4 5 6 7 8 9 8 9 5 1
p021-b1-t10,typed,linear_regression,4,10,2,1 2 1 3 4 3 2 3 2 1
p021-b1-t2,typed,linear_regression,2,7,1,1 2 1 2 1 2 1
p021-b1-t4,typed,nonlinear_backfill,3,6,3,2 1 2 3 2 3
p021-b1-t5,typed,nonlinear_skip_only,2,5,3,1 3 1 3 1
p021-b1-t6,typed,linear_regression,5,18,4,1 2 3 2 3 1 2 1 2 3 4 3 4 5 4 5 4 3
p021-b1-t7,typed,nonlinear_backfill,6,9,5,1 2 4 3 4 5 6 5 4
p021-b1-t8,typed,linear_regression,2,8,2,1 2 1 2 1 2 1 2
p021-b1-t9,typed,nonlinear_skip_only,7,15,4,1 2 1 2 3 2 3 2 3 4 5 6 8 4 2
p021-b2-t1,typed,nonlinear_backfill,5,15,5,1 2 1 2 4 3 2 1 4 5 4 5 4 5 1
p021-b2-t10,typed,nonlinear_skip_only,3,3,8,1 3 4
p021-b2-t2,typed,nonlinear_backfill,8,23,2,1 2 1 2 3 4 5 6 8 7 4 3 4 3 2 1 2 1 2 3 1 2 1
p021-b2-t3,typed,nonlinear_backfill,9,17,4,1 2 1 4 3 4 5 4 5 7 8 9 4 6 5 4 2
p021-b2-t4,typed,nonlinear_backfill,6,17,2,1 2 1 2 1 2 1 2 1 2 3 5 7 6 1 2 1
p021-b2-t5,typed,nonlinear_skip_only,9,23,2,1 2 3 2 4 6 4 6 7 8 9 10 9 3 2 1 2 1 2 1 2 3 2
p021-b2-t6,typed,nonlinear_backfill,4,8,4,1 2 4 3 2 1 4 1
p021-b2-t7,typed,nonlinear_backfill,8,25,1,1 3 2 3 5 3 5 6 8 7 6 7 8 9 6 5 3 2 1 2 1 2 1 2 1
p021-b2-t8,typed,nonlinear_backfill,9,23,5,1 2 1 2 1 3 4 3 4 3 2 1 2 6 9 8 7 6 5 3 2 5 2
p021-b2-t9,typed,linear_regression,5,8,5,1 2 1 2 3 4 5 1
p021-b3-t1,typed,nonlinear_backfill,6,10,6,1 2 1 2 5 4 6 5 6 3
p021-b3-t10,typed,nonlinear_backfill,7,11,9,2 1 2 3 7 8 9 11 9 8 9
p021-b3-t2,typed,nonlinear_backfill,4,7,5,1 2 5 4 5 4 5
p021-b3-t4,typed,nonlinear_skip_only,12,23,2,1 2 1 3 4 6 7 8 9 10 11 12 11 12 13 12 7 8 4 1 2 3 1
p021-b3-t5,typed,nonlinear_backfill,11,25,4,4 1 2 1 3 2 1 3 4 5 6 7 6 7 8 9 10 11 4 1 2 3 4 3 1
p021-b3-t6,typed,nonlinear_backfill,7,18,5,1 2 3 2 3 4 7 6 5 4 7 6 5 4 5 4 5 4
p021-b3-t7,typed,nonlinear_backfill,9,25,1,3 4 3 1 2 1 5 6 7 8 9 8 9 8 5 6 5 4 3 2 1 2 1 2 1
p021-b3-t8,typed,nonlinear_skip_only,4,9,2,1 2 3 5 3 2 1 2 1
p021-b3-t9,typed,nonlinear_skip_only,9,15,10,1 2 1 2 3 4 7 8 9 10 11 10 8 9 10
p021-b4-t1,typed,strictly_linear,1,1,7,4
p021-b4-t10,typed,nonlinear_backfill,9,31,3,1 2 1 2 3 2 1 2 1 2 1 3 4 5 6 7 4 5 13 12 7 3 2 3 4 3 4 3 1 2 1
p021-b4-t2,typed,linear_regression,16,39,4,1 2 1 3 4 5 2 1 2 3 5 6 7 6 5 8 7 8 5 8 9 10 11 12 11 13 14 15 16 11 8 6 5 4 6 4 3 4 3
p021-b4-t3,typed,nonlinear_backfill,12,27,2,1 3 4 5 6 8 9 8 9 10 11 10 11 10 11 12 13 4 3 2 3 2 1 2 1 2 1
p021-b4-t4,typed,nonlinear_backfill,8,12,7,1 2 1 2 3 4 7 8 6 5 4 3
p021-b4-t5,typed,nonlinear_backfill,7,12,4,1 2 4 3 7 8 12 8 7 4 2 1
p021-b4-t6,typed,nonlinear_backfill,9,19,2,1 2 3 4 3 2 6 8 9 7 8 5 4 5 2 1 2 1 2
p021-b4-t7,typed,nonlinear_skip_only,3,4,4,1 3 4 1
p021-b4-t8,typed,linear_regression,11,43,4,1 2 3 1 3 4 2 3 2 3 1 2 3 2 3 4 3 4 5 4 5 4 5 4 5 4 2 3 2 3 2 5 6 7 8 9 10 11 10 11 5 4 2
p021-b4-t9,typed,nonlinear_backfill,12,28,6,1 2 4 3 2 1 4 8 12 11 10 9 7 8 7 6 7 6 7 6 5 4 2 1 2 5 6 4
p021-b5-t1,typed,linear_regression,4,14,3,1 2 1 2 3 2 3 4 3 2 1 3 2 1
p021-b5-t10,typed,nonlinear_backfill,11,34,7,2 3 2 1 2 1 3 2 1 2 10 15 14 15 14 10 9 8 7 8 7 8 7 8 7 5 2 3 5 6 8 9 5 6
p021-b5-t2,typed,nonlinear_backfill,4,10,4,1 2 1 4 3 4 3 4 3 2
p021-b5-t4,typed,nonlinear_backfill,6,10,6,1 2 3 5 6 4 5 4 5 4
p021-b5-t5,typed,nonlinear_backfill,5,11,6,1 4 2 3 2 1 2 4 6 4 6
p021-b5-t6,typed,nonlinear_backfill,13,20,11,1 2 4 5 8 7 8 9 11 10 11 12 15 14 16 15 16 10 11 9
p021-b5-t7,typed,linear_regression,2,3,2,1 2 1
p021-b5-t8,typed,nonlinear_backfill,11,22,14,1 5 6 7 8 7 9 10 9 8 9 8 9 10 9 11 10 11 12 14 13 11
p021-b5-t9,typed,linear_regression,11,18,4,1 2 3 2 3 4 5 6 7 8 9 10 11 6 3 1 4 3
p021-b6-t1,typed,nonlinear_backfill,8,15,4,1 4 8 10 11 12 5 4 5 4 5 4 3 4 1
p021-b6-t10,typed,nonlinear_backfill,12,28,9,1 3 4 3 5 9 11 13 12 11 8 7 6 5 4 3 4 3 2 3 4 5 6 7 8 9 5 4
p021-b6-t2,typed,nonlinear_backfill,11,16,5,1 2 3 5 4 5 1 9 12 16 15 8 6 5 2 1
p021-b6-t3,typed,nonlinear_backfill,4,6,1,2 3 4 1 3 1
p021-b6-t4,typed,nonlinear_backfill,7,10,9,3 5 4 6 7 8 9 3 4 5
p021-b6-t5,typed,nonlinear_backfill,10,13,12,1 6 2 3 6 7 8 12 13 14 13 12 11
p021-b6-t6,typed,nonlinear_backfill,13,17,1,7 5 4 5 6 12 13 15 16 17 8 5 2 3 1 5 1
p021-b6-t7,typed,nonlinear_backfill,8,14,4,1 11 12 11 1 11 12 14 1 4 1 5 6 7
p021-b6-t8,typed,nonlinear_backfill,14,15,9,1 10 15 17 4 3 9 12 13 14 6 7 9 8 5
p021-b6-t9,typed,nonlinear_backfill,4,10,4,1 4 2 4 5 4 5 4 1 5
p022-b1-t1,typed,linear_regression,6,13,4,1 2 3 4 5 4 6 4 5 1 5 4 2
p022-b1-t10,typed,linear_regression,5,20,5,1 2 3 4 3 1 2 3 5 1 4 5 4 5 4 3 2 3 5 1
p022-b1-t2,typed,nonlinear_backfill,7,11,6,3 2 1 4 5 6 5 6 7 6 1
p022-b1-t3,typed,nonlinear_backfill,9,24,7,1 2 1 4 3 4 5 6 5 4 3 4 7 6 8 9 1 6 7 8 7 6 7 4
p022-b1-t4,typed,linear_regression,2,7,1,1 2 1 2 1 2 1
p022-b1-t5,typed,linear_regression,4,9,2,1 2 3 1 2 3 4 2 1
p022-b1-t6,typed,linear_regression,3,5,2,1 2 3 2 1
p022-b1-t7,typed,linear_regression,6,15,4,1 2 1 3 4 5 3 5 4 5 6 5 4 2 3
p022-b1-t8,typed,linear_regression,8,12,8,1 2 3 4 2 3 4 5 6 7 8 4
p022-b1-t9,typed,linear_regression,3,7,2,1 2 1 2 3 2 1
p022-b2-t1,typed,nonlinear_skip_only,11,20,4,1 2 3 1 3 4 6 7 8 9 10 11 12 4 3 1 2 4 3 1
p022-b2-t10,typed,nonlinear_backfill,9,26,6,1 3 4 5 6 7 6 4 2 7 8 9 7 9 8 9 8 9 8 7 5 6 5 3 6 2
p022-b2-t2,typed,nonlinear_skip_only,5,14,5,1 2 1 2 4 5 1 4 5 4 6 5 6 2
p022-b2-t3,typed,linear_regression,2,5,2,1 2 1 2 1
p022-b2-t4,typed,linear_regression,7,31,2,1 2 3 4 5 6 2 1 2 4 5 6 5 6 5 6 7 3 2 4 3 2 3 1 2 3 2 1 2 1 2
p022-b2-t5,typed,nonlinear_backfill,12,39,8,1 2 3 4 2 1 2 6 5 4 5 7 8 7 6 5 9 8 10 9 10 11 12 8 7 8 7 8 7 6 7 6 7 6 7 4 5 8 2
p022-b2-t6,typed,nonlinear_backfill,9,18,8,1 2 3 4 5 6 8 7 8 9 6 5 7 6 9 8 9 3
p022-b2-t7,typed,linear_regression,7,24,1,1 2 1 2 1 2 1 2 3 4 5 6 7 5 6 5 1 6 7 5 6 7 5 1
p022-b2-t8,typed,linear_regression,7,24,5,1 2 3 4 5 4 5 4 5 4 5 6 5 6 5 6 5 3 6 3 6 5 6 7
p022-b2-t9,typed,nonlinear_skip_only,10,32,2,1 2 3 4 5 1 2 1 6 7 6 4 5 3 5 4 6 9 10 9 11 5 4 5 4 1 2 1 2 1 3 2
p022-b3-t1,typed,nonlinear_backfill,7,19,6,2 1 3 1 2 4 5 6 7 5 3 4 6 5 6 7 6 5 6
p022-b3-t10,typed,linear_regression,5,12,2,1 2 3 4 5 4 3 4 3 4 3 2
p022-b3-t2,typed,linear_regression,3,6,1,1 2 1 2 3 2
p022-b3-t3,typed,linear_regression,4,15,2,1 2 3 2 3 4 1 2 1 2 1 2 1 2 1
p022-b3-t4,typed,linear_regression,4,8,4,1 2 3 2 3 4 1 4
p022-b3-t5,typed,nonlinear_skip_only,10,22,2,1 2 3 4 5 6 7 8 7 10 12 10 1 2 3 2 3 1 2 1 2 1
p022-b3-t6,typed,linear_regression,4,8,2,1 2 1 2 1 3 4 2
p022-b3-t7,typed,linear_regression,2,6,2,1 2 1 2 1 2
p022-b3-t8,typed,linear_regression,4,7,3,1 2 3 2 3 4 1
p022-b3-t9,typed,linear_regression,4,8,2,1 2 1 2 3 1 4 2
p022-b4-t1,typed,linear_regression,3,7,2,1 2 3 2 3 2 1
p022-b4-t10,typed,nonlinear_backfill,6,11,5,1 5 1 3 4 5 6 2 3 5 1
p022-b4-t2,typed,linear_regression,6,12,2,1 2 3 4 5 6 5 4 2 3 2 1
p022-b4-t3,typed,linear_regression,3,5,2,1 2 3 2 1
p022-b4-t4,typed,nonlinear_backfill,3,6,2,1 3 2 3 2 1
p022-b4-t5,typed,linear_regression,5,14,2,1 2 3 4 5 1 2 1 2 5 4 3 2 1
p022-b4-t6,typed,nonlinear_backfill,7,15,6,1 3 1 2 3 4 1 2 4 5 6 5 6 7 3
p022-b4-t7,typed,linear_regression,4,7,4,1 2 3 4 3 2 1
p022-b4-t8,typed,linear_regression,3,5,2,1 2 3 2 1
p022-b4-t9,typed,linear_regression,4,9,2,1 2 3 2 3 4 3 2 1
p022-b5-t1,typed,linear_regression,5,8,2,1 2 3 2 3 4 5 1
p022-b5-t10,typed,linear_regression,4,7,1,1 2 3 4 2 3 1
p022-b5-t2,typed,linear_regression,4,6,3,1 2 3 4 3 1
p022-b5-t5,typed,linear_regression,3,4,2,1 2 3 2
p022-b5-t6,typed,nonlinear_skip_only,4,7,3,1 3 4 5 3 1 3
p022-b5-t7,typed,linear_regression,4,6,3,1 2 3 2 3 4
p022-b5-t8,typed,linear_regression,5,15,5,1 2 1 2 3 4 3 2 1 2 1 3 4 5 1
p022-b5-t9,typed,linear_regression,3,4,3,1 2 3 1
p022-b6-t1,typed,linear_regression,3,5,3,1 2 3 1 3
p022-b6-t10,typed,nonlinear_backfill,7,16,6,1 2 3 5 4 5 6 5 7 6 5 6 5 4 6 7
p022-b6-t2,typed,linear_regression,6,9,6,1 2 3 4 5 6 5 6 4
p022-b6-t3,typed,nonlinear_skip_only,4,7,5,1 3 5 1 5 6 5
p022-b6-t5,typed,nonlinear_backfill,9,21,5,1 2 4 2 4 5 6 7 8 9 1 6 7 5 7 6 5 3 2 4 1
p022-b6-t7,typed,linear_regression,4,16,3,1 2 3 1 2 3 2 3 1 2 3 2 4 2 3 1
p022-b6-t8,typed,linear_regression,4,6,2,1 2 3 2 3 4
p022-b6-t9,typed,linear_regression,3,7,2,1 2 3 2 3 2 1
p023-b1-t1,typed,nonlinear_skip_only,7,11,1,1 2 1 2 3 4 6 8 10 2 1
p023-b1-t10,typed,nonlinear_skip_only,2,3,1,1 5 1
p023-b1-t3,typed,nonlinear_backfill,5,8,1,1 2 1 4 10 8 2 1
p023-b1-t4,typed,linear_regression,5,13,3,1 2 3 2 3 4 3 5 4 3 1 3 1
p023-b1-t6,typed,nonlinear_backfill,6,9,1,1 2 4 7 9 8 1 2 1
p023-b1-t7,typed,linear_regression,4,5,4,1 2 3 4 1
p023-b2-t1,typed,linear_regression,2,3,1,1 2 1
p023-b2-t10,typed,strictly_linear,1,1,1,1
p023-b2-t2,typed,strictly_linear,1,1,1,1
p023-b2-t3,typed,nonlinear_backfill,3,6,4,1 4 1 2 4 1
p023-b2-t4,typed,linear_regression,2,3,1,1 2 1
p023-b2-t5,typed,strictly_linear,1,1,1,1
p023-b2-t6,typed,nonlinear_skip_only,2,3,1,1 3 1
p023-b2-t7,typed,linear_regression,3,4,1,1 2 3 1
p023-b2-t9,typed,nonlinear_backfill,4,4,6,1 6 4 3
p023-b3-t10,typed,nonlinear_backfill,3,5,3,1 3 2 3 1
p023-b3-t2,typed,linear_regression,2,3,2,1 2 1
p023-b3-t3,typed,nonlinear_backfill,3,4,4,1 4 3 1
p023-b3-t4,typed,nonlinear_backfill,4,5,4,1 4 5 2 1
p023-b3-t5,typed,nonlinear_backfill,3,4,4,1 4 2 1
p023-b3-t6,typed,linear_regression,2,7,2,1 2 1 2 1 2 1
p023-b3-t8,typed,nonlinear_backfill,3,4,2,1 4 2 1
p023-b3-t9,typed,linear_regression,2,3,2,1 2 1
p023-b4-t1,typed,nonlinear_backfill,4,5,3,1 3 5 2 1
p023-b4-t10,typed,nonlinear_backfill,4,4,3,1 2 4 3
p023-b4-t2,typed,nonlinear_skip_only,3,4,5,1 2 5 1
p023-b4-t3,typed,nonlinear_backfill,3,9,3,1 3 1 3 2 1 2 3 1
p023-b4-t4,typed,nonlinear_skip_only,3,3,1,1 2 4
p023-b4-t5,typed,nonlinear_backfill,4,5,5,1 4 5 4 3
p023-b4-t6,typed,linear_regression,3,6,4,3 4 5 4 3 4
p023-b4-t7,typed,strictly_linear,1,1,1,1
p023-b4-t9,typed,strictly_linear,1,1,1,1
p023-b5-t1,typed,nonlinear_backfill,3,10,2,1 3 2 1 2 1 2 1 2 1
p023-b5-t10,typed,nonlinear_backfill,3,4,3,1 4 3 1
p023-b5-t2,typed,nonlinear_skip_only,2,3,5,1 5 1
p023-b5-t3,typed,strictly_linear,1,1,1,1
p023-b5-t4,typed,nonlinear_backfill,3,3,4,1 4 2
p023-b5-t5,typed,linear_regression,3,9,3,1 2 3 1 3 1 2 3 1
p023-b5-t6,typed,nonlinear_backfill,4,4,6,1 7 5 4
p023-b5-t7,typed,linear_regression,2,3,2,1 2 1
p023-b5-t9,typed,nonlinear_backfill,3,6,3,1 3 2 3 2 1
p023-b6-t1,typed,linear_regression,3,6,2,1 2 3 2 3 1
p023-b6-t10,typed,nonlinear_skip_only,3,4,1,1 4 5 1
p023-b6-t2,typed,linear_regression,3,5,3,1 2 1 3 2
p023-b6-t3,typed,linear_regression,2,3,2,1 2 1
p023-b6-t4,typed,nonlinear_backfill,4,4,4,1 6 3 2
p023-b6-t5,typed,strictly_linear,1,1,1,1
p023-b6-t6,typed,nonlinear_skip_only,2,3,1,1 3 1
p023-b6-t7,typed,nonlinear_backfill,3,4,2,1 3 2 1
p023-b6-t8,typed,nonlinear_skip_only,2,3,3,1 3 1
p023-b6-t9,typed,nonlinear_skip_only,2,3,3,1 3 1
p024-b1-t1,typed,linear_regression,3,7,2,1 2 1 2 3 2 1
p024-b1-t10,typed,nonlinear_backfill,12,23,3,3 1 5 9 10 11 12 9 8 1 8 7 6 7 8 4 5 1 6 3 2 3 2
p024-b1-t2,typed,nonlinear_backfill,9,15,8,2 1 2 3 2 3 4 5 6 7 8 1 9 8 5
p024-b1-t3,typed,nonlinear_backfill,10,17,8,2 1 2 4 5 6 7 8 7 10 12 11 10 7 8 7 4
p024-b1-t4,typed,linear_regression,4,9,4,1 2 3 1 3 4 3 4 2
p024-b1-t5,typed,nonlinear_backfill,13,20,5,1 3 4 3 4 5 7 8 9 10 11 12 13 14 9 6 7 4 5 3
p024-b1-t6,typed,nonlinear_backfill,10,25,5,1 2 1 2 1 2 1 2 3 4 5 4 5 6 7 6 5 7 9 11 9 8 6 5 3
p024-b1-t7,typed,nonlinear_backfill,7,12,5,1 2 3 1 2 3 4 5 7 6 5 3
p024-b1-t8,typed,nonlinear_backfill,8,18,2,1 2 5 7 5 7 9 8 3 2 1 2 5 6 5 1 2 1
p024-b1-t9,typed,nonlinear_backfill,8,18,8,3 5 7 6 7 8 9 10 5 1 6 9 8 9 8 7 8 7
p024-b2-t1,typed,linear_regression,2,3,2,1 2 1
p024-b2-t10,typed,nonlinear_backfill,4,7,3,1 3 2 3 2 1 4
p024-b2-t2,typed,nonlinear_backfill,11,21,5,1 2 3 4 5 7 6 7 9 10 11 12 11 5 3 4 5 7 4 5 3
p024-b2-t3,typed,nonlinear_backfill,11,18,9,1 2 3 1 3 4 5 6 9 10 9 10 12 13 10 11 10 9
p024-b2-t4,typed,linear_regression,3,10,3,1 2 1 2 1 2 1 3 2 3
p024-b2-t6,typed,linear_regression,3,6,3,1 2 1 3 2 3
p024-b2-t7,typed,linear_regression,2,6,2,1 2 1 2 1 2
p024-b2-t8,typed,nonlinear_backfill,10,17,5,2 5 7 8 7 9 10 11 3 2 1 2 3 5 6 7 8
p024-b2-t9,typed,nonlinear_backfill,6,9,8,1 2 5 4 5 7 8 7 8
p024-b3-t1,typed,nonlinear_backfill,9,12,6,2 5 6 9 10 12 14 17 1 2 5 6
p024-b3-t10,typed,nonlinear_backfill,14,23,5,1 2 3 5 6 5 6 7 11 10 9 11 9 10 11 13 14 15 16 8 7 6 5
p024-b3-t2,typed,nonlinear_backfill,5,6,5,1 2 4 3 4 5
p024-b3-t3,typed,nonlinear_backfill,8,12,9,1 3 4 1 3 4 6 7 8 9 7 5
p024-b3-t4,typed,nonlinear_backfill,6,15,5,1 2 1 2 1 2 5 6 5 4 5 1 6 5 3
p024-b3-t5,typed,nonlinear_backfill,9,13,4,2 1 3 4 5 4 6 7 8 9 7 4 3
p024-b3-t6,typed,nonlinear_backfill,9,15,1,1 2 1 2 3 9 10 12 11 10 9 8 7 2 1
p024-b3-t7,typed,nonlinear_backfill,7,9,6,1 2 4 3 5 6 7 6 5
p024-b3-t8,typed,nonlinear_backfill,11,13,9,1 3 2 4 5 6 11 14 13 12 11 12 9
p024-b3-t9,typed,linear_regression,2,3,2,1 2 1
p024-b4-t1,typed,linear_regression,4,6,3,1 2 3 4 3 2
p024-b4-t10,typed,nonlinear_backfill,5,5,5,2 3 1 5 7
p024-b4-t2,typed,nonlinear_skip_only,11,15,3,1 2 3 4 5 6 7 8 9 11 12 4 2 3 2
p024-b4-t3,typed,linear_regression,4,11,3,1 2 3 4 3 2 1 2 3 2 1
p024-b4-t4,typed,nonlinear_skip_only,7,11,3,1 2 3 4 3 8 9 10 3 2 1
p024-b4-t5,typed,nonlinear_backfill,10,20,2,2 3 6 7 8 7 11 12 5 3 2 3 4 2 1 2 1 3 2 1
p024-b4-t6,typed,linear_regression,2,5,2,1 2 1 2 1
p024-b4-t7,typed,nonlinear_backfill,9,14,3,2 3 5 9 11 12 6 5 7 5 4 3 4 3
p024-b4-t8,typed,nonlinear_skip_only,5,15,6,1 2 3 1 3 2 3 4 3 2 1 2 4 6 4
p024-b4-t9,typed,nonlinear_backfill,5,12,6,3 1 5 4 5 6 5 6 5 6 5 6
p024-b5-t1,typed,linear_regression,10,22,5,1 2 3 4 5 4 3 1 6 7 6 7 8 7 9 10 6 7 5 4 5 4
p024-b5-t10,typed,nonlinear_backfill,11,14,10,1 2 4 2 3 4 5 6 7 9 10 11 10 8
p024-b5-t2,typed,strictly_linear,1,1,1,1
p024-b5-t3,typed,nonlinear_skip_only,7,11,4,1 2 4 5 4 5 7 8 9 4 2
p024-b5-t4,typed,nonlinear_backfill,12,21,2,1 2 3 4 5 6 7 8 9 11 12 11 10 7 8 4 5 2 1 2 1
p024-b5-t5,typed,nonlinear_backfill,8,12,9,2 1 3 2 1 3 4 5 7 8 9 7
p024-b5-t6,typed,nonlinear_backfill,2,2,1,2 1
p024-b5-t8,typed,nonlinear_skip_only,2,2,1,1 5
p024-b5-t9,typed,nonlinear_backfill,3,4,2,1 3 2 1
p024-b6-t1,typed,linear_regression,2,3,1,1 2 1
p024-b6-t10,typed,nonlinear_skip_only,13,19,4,1 2 3 4 6 7 8 9 10 11 12 13 14 1 2 3 4 2 3
p024-b6-t2,typed,nonlinear_backfill,7,13,5,1 2 1 2 5 6 8 9 7 5 6 5 2
p024-b6-t3,typed,nonlinear_backfill,4,4,4,1 3 4 2
p024-b6-t4,typed,nonlinear_skip_only,6,11,3,1 2 3 2 3 4 5 3 4 7 3
p024-b6-t5,typed,nonlinear_backfill,11,25,2,2 3 2 4 5 4 5 4 5 4 5 4 7 8 12 11 13 12 13 14 3 4 3 2 1
p024-b6-t6,typed,nonlinear_backfill,3,6,4,1 4 2 1 4 1
p024-b6-t7,typed,nonlinear_backfill,11,13,1,3 2 1 4 8 10 9 12 13 7 6 3 1
p024-b6-t8,typed,nonlinear_backfill,5,11,1,2 1 2 3 5 7 3 1 2 3 1
p024-b6-t9,typed,nonlinear_backfill,4,6,5,2 1 2 1 4 5
p025-b1-t1,typed,linear_regression,6,11,5,1 2 1 3 4 5 6 5 6 5 3
p025-b1-t10,typed,nonlinear_backfill,10,23,8,1 2 1 2 3 5 6 5 6 5 7 9 10 9 8 9 10 9 10 8 5 4 6
p025-b1-t2,typed,nonlinear_backfill,4,5,5,1 4 3 4 5
p025-b1-t3,typed,linear_regression,7,21,5,1 2 1 3 2 3 4 5 6 5 6 5 6 7 5 6 7 6 5 4 6
p025-b1-t4,typed,linear_regression,8,20,6,1 2 1 2 3 4 3 4 3 5 6 7 6 7 8 7 6 7 5 4
p025-b1-t5,typed,nonlinear_skip_only,6,17,3,1 2 3 2 4 3 5 8 5 3 4 3 4 3 4 3 1
p025-b1-t6,typed,linear_regression,4,8,2,1 2 3 2 3 4 2 1
p025-b1-t8,typed,nonlinear_backfill,6,12,2,1 2 1 2 5 7 11 10 2 1 2 1
p025-b1-t9,typed,linear_regression,6,12,3,1 2 1 2 3 2 1 3 4 5 6 3
p025-b2-t1,typed,nonlinear_skip_only,5,7,4,1 2 4 5 6 4 1
p025-b2-t10,typed,nonlinear_skip_only,4,11,2,1 2 1 2 1 3 1 2 5 2 1
p025-b2-t2,typed,linear_regression,4,9,1,1 2 1 2 1 3 4 3 1
p025-b2-t4,typed,linear_regression,4,11,1,1 2 3 2 3 4 3 4 3 1 4
p025-b2-t5,typed,linear_regression,8,17,5,1 2 1 2 3 4 5 4 5 4 5 6 7 8 7 5 4
p025-b2-t6,typed,nonlinear_backfill,6,25,2,1 2 1 2 1 2 1 2 1 2 1 2 3 1 2 1 3 5 6 2 4 2 3 2 1
p025-b2-t7,typed,linear_regression,4,20,1,1 2 1 2 1 2 1 2 1 2 1 2 3 2 1 2 1 3 4 1
p025-b2-t8,typed,nonlinear_skip_only,4,8,2,1 2 1 3 2 3 5 1
p025-b2-t9,typed,nonlinear_skip_only,5,15,1,1 2 1 2 1 2 1 2 1 4 6 7 6 7 1
p025-b3-t1,typed,nonlinear_backfill,10,14,1,1 2 3 4 3 4 5 7 8 11 12 11 6 1
p025-b3-t10,typed,linear_regression,3,9,2,1 2 1 2 1 2 3 2 1
p025-b3-t2,typed,linear_regression,5,14,5,1 2 1 2 3 4 3 4 3 4 5 4 3 1
p025-b3-t3,typed,linear_regression,7,15,7,1 2 3 2 3 4 5 4 3 4 5 6 7 4 5
p025-b3-t4,typed,nonlinear_backfill,5,13,3,1 2 4 3 4 3 2 7 3 7 4 2 1
p025-b3-t5,typed,nonlinear_skip_only,10,24,1,1 2 1 2 3 2 4 3 2 3 5 6 7 6 10 12 13 7 5 3 2 1 2 1
p025-b3-t6,typed,nonlinear_backfill,4,13,1,1 3 2 1 2 1 3 2 5 1 2 3 1
p025-b3-t7,typed,nonlinear_skip_only,6,12,5,1 2 1 4 5 6 7 6 5 4 2 5
p025-b3-t8,typed,nonlinear_backfill,12,25,5,1 2 1 2 1 2 3 2 5 6 8 11 12 13 8 9 5 9 10 5 4 5 4 5 2
p025-b3-t9,typed,linear_regression,3,7,2,1 2 3 2 1 2 1
p025-b4-t1,typed,nonlinear_skip_only,5,10,1,1 2 4 5 6 5 6 1 2 1
p025-b4-t10,typed,nonlinear_backfill,8,10,1,1 3 6 5 4 8 7 8 9 1
p025-b4-t2,typed,nonlinear_backfill,9,14,8,1 2 1 2 1 2 3 6 7 9 10 11 7 8
p025-b4-t3,typed,nonlinear_backfill,7,18,5,1 2 1 2 3 2 1 2 3 5 4 5 4 5 6 5 7 3
p025-b4-t4,typed,nonlinear_backfill,6,20,2,1 2 1 2 1 2 1 2 1 2 1 2 4 3 4 5 6 1 6 1
p025-b4-t5,typed,nonlinear_skip_only,5,11,1,1 2 1 3 2 1 2 3 5 6 1
p025-b4-t6,typed,nonlinear_backfill,8,13,1,1 2 1 2 4 7 9 10 8 6 1 2 1
p025-b4-t7,typed,linear_regression,3,24,2,1 2 1 2 1 2 3 1 2 3 1 2 1 2 1 3 2 3 2 3 2 1 3 1
p025-b4-t8,typed,nonlinear_skip_only,7,25,1,1 2 3 2 3 4 3 2 3 4 3 1 4 6 8 10 2 4 3 2 1 4 2 3 1
p025-b4-t9,typed,nonlinear_backfill,3,8,1,2 1 2 3 2 1 3 1
p025-b5-t1,typed,linear_regression,3,8,2,1 2 1 2 3 2 3 1
p025-b5-t2,typed,nonlinear_backfill,9,19,2,1 2 1 2 3 2 3 5 6 7 6 7 8 11 5 4 3 2 1
p025-b5-t3,typed,nonlinear_backfill,9,21,5,2 1 3 4 3 5 2 6 5 6 5 6 5 6 5 6 15 7 8 5 6
p025-b5-t4,typed,nonlinear_backfill,10,34,2,1 2 1 2 3 2 3 2 3 2 3 2 1 4 3 4 5 7 8 6 7 8 10 12 4 2 1 2 1 2 1 3 2 1
p025-b5-t5,typed,linear_regression,7,18,7,1 2 1 2 3 2 3 4 5 6 7 6 7 6 7 6 3 4
p025-b5-t6,typed,nonlinear_skip_only,7,18,1,1 2 1 2 1 3 4 3 5 6 8 3 2 3 2 1 2 1
p025-b5-t7,typed,nonlinear_backfill,10,30,3,1 2 1 2 3 4 7 3 4 5 2 1 2 3 6 7 8 7 8 9 10 9 8 3 2 1 3 2 3 2
p025-b5-t9,typed,nonlinear_backfill,6,19,5,2 1 2 1 2 1 2 4 2 1 2 3 4 5 4 5 6 5 3
p025-b6-t1,typed,nonlinear_backfill,7,19,1,1 2 1 2 1 2 8 7 9 10 3 1 2 1 2 1 2 1 2
p025-b6-t10,typed,nonlinear_backfill,9,21,2,1 2 1 3 1 2 1 2 1 2 5 8 9 10 12 11 3 1 2 3 2
p025-b6-t2,typed,nonlinear_backfill,11,41,10,1 2 1 2 1 2 3 5 7 8 9 10 11 13 9 10 9 10 11 10 11 7 5 4 2 3 4 5 4 3 1 2 1 2 4 3 4 7 9 10 5
p025-b6-t3,typed,nonlinear_backfill,9,31,2,1 2 1 2 1 2 3 2 3 4 5 4 5 4 5 4 5 6 8 10 4 9 2 3 4 5 3 2 1 2 1
p025-b6-t4,typed,nonlinear_backfill,13,34,7,1 2 1 2 1 2 1 2 3 4 5 4 5 4 5 4 5 7 6 8 7 9 10 13 12 13 14 6 7 6 7 8 7 6
p025-b6-t5,typed,nonlinear_backfill,7,16,5,2 1 2 4 5 6 5 7 6 5 6 5 7 5 8 6
p025-b6-t6,typed,linear_regression,4,15,2,1 2 1 2 1 2 3 2 1 2 3 2 3 4 1
p025-b6-t7,typed,linear_regression,4,19,2,1 2 1 2 1 2 1 2 1 2 1 2 1 2 3 4 3 1 2
p025-b6-t8,typed,nonlinear_skip_only,8,25,5,1 2 1 2 1 2 1 2 1 2 3 4 5 4 5 4 5 6 5 7 9 4 5 3 4
p025-b6-t9,typed,nonlinear_backfill,6,15,3,1 3 2 4 3 2 3 4 3 4 7 5 3 2 3
p026-b1-t1,typed,nonlinear_skip_only,4,12,5,1 3 4 5 4 5 4 5 3 1 5 1
p026-b1-t10,typed,nonlinear_backfill,3,5,1,1 3 2 3 1
p026-b1-t2,typed,nonlinear_backfill,5,14,3,1 3 2 1 3 2 3 4 5 1 3 2 3 1
p026-b1-t3,typed,nonlinear_backfill,6,22,6,1 2 3 5 6 4 5 2 1 5 6 5 4 5 6 5 6 5 6 5 6 3
p026-b1-t4,typed,nonlinear_backfill,7,23,2,3 1 2 3 4 3 7 8 9 8 4 3 4 3 2 1 2 1 2 1 2 1 2
p026-b1-t5,typed,linear_regression,5,24,2,1 2 1 2 3 2 4 3 4 3 4 2 3 4 3 2 4 5 4 3 4 3 2 1
p026-b1-t6,typed,nonlinear_backfill,5,17,2,1 2 4 1 2 3 2 1 3 2 1 2 3 1 4 5 1
p026-b1-t7,typed,nonlinear_backfill,8,15,7,1 2 3 4 3 4 6 4 6 7 6 8 7 5 3
p026-b1-t8,typed,nonlinear_backfill,5,8,5,1 3 5 2 1 2 4 5
p026-b1-t9,typed,nonlinear_backfill,10,26,7,1 4 5 7 6 7 6 7 6 4 1 4 5 6 7 5 4 3 7 9 10 13 12 6 7 3
p026-b2-t1,typed,linear_regression,3,4,2,1 2 3 1
p026-b2-t10,typed,nonlinear_backfill,4,10,2,3 1 4 2 1 3 2 1 2 1
p026-b2-t2,typed,linear_regression,4,9,3,1 2 3 1 2 3 4 2 1
p026-b2-t3,typed,nonlinear_backfill,3,9,1,2 1 2 1 2 1 5 2 1
p026-b2-t4,typed,nonlinear_backfill,5,11,1,2 3 2 4 3 5 4 3 1 2 1
p026-b2-t5,typed,linear_regression,3,13,3,1 2 1 2 1 2 1 2 3 2 3 2 1
p026-b2-t6,typed,nonlinear_skip_only,4,5,5,1 2 4 5 4
p026-b2-t7,typed,nonlinear_backfill,4,8,3,2 1 2 4 3 2 3 2
p026-b2-t8,typed,nonlinear_backfill,6,7,2,3 5 6 7 2 1 2
p026-b2-t9,typed,nonlinear_backfill,5,8,2,1 2 5 4 5 3 2 1
p026-b3-t1,typed,nonlinear_backfill,5,6,5,4 3 2 6 5 4
p026-b3-t10,typed,nonlinear_backfill,7,12,2,5 6 7 1 3 4 1 3 4 1 2 1
p026-b3-t4,typed,nonlinear_backfill,7,15,2,2 1 2 1 3 4 5 6 7 6 1 2 1 2 1
p026-b3-t8,typed,strictly_linear,2,2,4,3 4
p026-b3-t9,typed,nonlinear_backfill,5,8,3,1 2 4 5 3 4 3 2
p026-b4-t10,typed,nonlinear_backfill,4,4,5,3 1 2 5
p026-b4-t2,typed,nonlinear_backfill,5,11,2,1 3 2 3 2 1 5 4 3 2 1
p026-b4-t3,typed,nonlinear_backfill,10,19,5,1 2 3 2 3 2 5 6 9 11 10 12 11 5 6 3 4 3 1
p026-b4-t4,typed,nonlinear_backfill,2,2,1,4 1
p026-b4-t5,typed,nonlinear_backfill,3,4,3,1 3 2 3
p026-b4-t6,typed,nonlinear_backfill,4,6,5,4 5 7 6 5 6
p026-b4-t7,typed,nonlinear_backfill,4,8,4,1 2 4 3 4 3 4 2
p026-b4-t9,typed,nonlinear_backfill,4,7,3,2 1 2 3 4 3 2
p026-b5-t10,typed,nonlinear_backfill,3,4,3,1 3 2 3
p026-b5-t3,typed,nonlinear_skip_only,6,8,7,1 2 3 4 7 8 7 4
p026-b5-t4,typed,linear_regression,2,3,2,1 2 1
p026-b5-t5,typed,linear_regression,2,3,2,1 2 1
p026-b5-t7,typed,nonlinear_skip_only,2,3,1,1 3 1
p026-b5-t9,typed,linear_regression,3,4,3,2 3 4 2
p026-b6-t1,typed,nonlinear_backfill,8,9,11,1 2 4 8 11 9 10 12 11
p026-b6-t10,typed,nonlinear_backfill,6,10,5,1 3 2 1 2 4 5 6 5 3
p026-b6-t2,typed,nonlinear_backfill,3,3,1,3 2 1
p026-b6-t3,typed,linear_regression,3,5,2,1 2 1 3 2
p026-b6-t4,typed,linear_regression,3,4,2,1 2 3 1
p026-b6-t5,typed,nonlinear_backfill,4,8,3,1 3 1 2 3 4 3 4
p026-b6-t6,typed,nonlinear_backfill,4,5,4,3 2 3 4 5
p026-b6-t7,typed,nonlinear_skip_only,4,4,5,2 3 5 6
p026-b6-t8,typed,nonlinear_skip_only,4,6,5,2 4 5 6 5 4
p026-b6-t9,typed,nonlinear_backfill,4,4,1,2 6 3 1
p027-b1-t1,typed,linear_regression,5,6,5,1 2 1 3 4 5
p027-b1-t10,typed,linear_regression,4,9,1,1 2 1 2 3 4 1 2 1
p027-b1-t2,typed,linear_regression,5,8,2,1 2 3 4 3 2 5 1
p027-b1-t3,typed,linear_regression,3,6,1,1 2 1 3 1 3
p027-b1-t4,typed,linear_regression,4,9,3,1 2 3 4 3 4 3 2 3
p027-b1-t5,typed,linear_regression,6,16,4,1 2 3 4 3 4 3 5 6 4 3 4 2 3 4 2
p027-b1-t6,typed,linear_regression,3,15,2,1 2 1 2 1 2 1 2 1 3 2 1 2 3 1
p027-b1-t7,typed,nonlinear_backfill,5,11,5,1 3 2 3 4 5 4 3 4 5 4
p027-b1-t8,typed,nonlinear_skip_only,3,4,2,1 2 4 1
p027-b1-t9,typed,linear_regression,5,11,4,1 2 3 4 3 4 5 4 5 4 2
p027-b2-t1,typed,linear_regression,5,7,4,1 2 3 4 5 4 1
p027-b2-t10,typed,linear_regression,3,4,3,1 2 3 2
p027-b2-t2,typed,linear_regression,5,9,4,1 2 3 2 4 5 3 1 4
p027-b2-t3,typed,linear_regression,6,12,3,1 2 1 3 4 5 6 3 1 3 1 3
p027-b2-t4,typed,linear_regression,9,15,5,1 2 3 2 4 5 4 5 6 7 8 9 3 4 5
p027-b2-t5,typed,linear_regression,2,5,2,1 2 1 2 1
p027-b2-t6,typed,nonlinear_skip_only,5,6,2,1 2 4 5 6 2
p027-b2-t7,typed,linear_regression,6,12,5,1 2 3 2 3 2 4 5 4 3 4 6
p027-b2-t8,typed,linear_regression,4,5,4,1 2 3 4 2
p027-b2-t9,typed,linear_regression,5,8,4,1 2 3 4 5 4 3 4
p027-b3-t1,typed,linear_regression,5,9,3,1 2 3 4 3 5 4 3 2
p027-b3-t10,typed,nonlinear_backfill,13,24,5,1 3 2 3 5 4 6 4 5 6 7 8 9 10 8 10 11 13 14 5 4 3 1 5
p027-b3-t2,typed,linear_regression,9,18,4,1 2 3 4 5 4 5 6 7 8 9 3 4 5 2 4 3 1
p027-b3-t3,typed,linear_regression,7,9,5,1 2 3 4 5 6 7 4 2
p027-b3-t4,typed,linear_regression,7,15,5,1 2 1 2 3 4 5 4 5 6 7 5 4 3 2
p027-b3-t5,typed,linear_regression,8,11,1,1 2 1 3 4 5 6 7 8 2 1
p027-b3-t6,typed,nonlinear_backfill,5,10,4,1 2 1 2 3 2 3 5 4 3
p027-b3-t7,typed,nonlinear_backfill,10,17,7,2 3 2 3 4 5 6 7 8 10 11 9 5 7 6 7 4
p027-b3-t8,typed,linear_regression,5,8,3,1 2 1 2 3 4 5 3
p027-b3-t9,typed,linear_regression,5,10,2,1 2 1 2 3 4 5 3 2 1
p027-b4-t1,typed,linear_regression,5,7,5,1 2 1 2 3 4 5
p027-b4-t10,typed,linear_regression,7,10,3,1 2 3 4 5 6 7 3 4 3
p027-b4-t2,typed,linear_regression,4,10,2,1 2 3 2 3 4 1 2 1 2
p027-b4-t3,typed,nonlinear_skip_only,4,6,6,1 2 1 2 5 6
p027-b4-t4,typed,nonlinear_skip_only,8,17,3,1 2 1 2 3 4 5 6 5 6 8 9 8 3 2 3 2
p027-b4-t5,typed,linear_regression,4,8,3,1 2 3 2 3 4 3 2
p027-b4-t6,typed,linear_regression,3,14,2,1 2 3 1 2 3 2 3 2 3 2 3 2 3
p027-b4-t7,typed,nonlinear_skip_only,7,16,4,1 2 3 4 5 7 9 4 2 1 2 3 2 1 4 5
p027-b4-t8,typed,nonlinear_backfill,11,22,2,1 2 3 4 5 6 7 9 8 11 10 4 3 2 1 2 1 2 1 2 1 2
p027-b4-t9,typed,linear_regression,5,16,4,1 2 1 2 3 2 3 4 5 4 3 4 5 4 5 4
p027-b5-t1,typed,nonlinear_skip_only,6,11,2,1 2 1 2 4 5 6 7 1 2 1
p027-b5-t10,typed,nonlinear_backfill,9,24,4,1 2 1 2 1 2 3 4 3 4 3 4 5 4 5 4 6 9 8 7 6 8 3 2
p027-b5-t2,typed,nonlinear_skip_only,5,14,4,1 2 3 2 3 4 3 2 3 2 3 4 1 6
p027-b5-t3,typed,linear_regression,5,11,4,1 2 1 2 3 4 5 4 5 4 3
p027-b5-t4,typed,linear_regression,8,22,4,1 2 3 4 3 4 5 4 6 5 7 8 2 1 2 3 4 3 4 3 1 5
p027-b5-t5,typed,linear_regression,10,26,2,1 2 1 2 3 4 3 5 4 5 6 7 8 9 10 9 6 7 1 2 3 1 2 1 2 1
p027-b5-t6,typed,linear_regression,4,15,4,1 2 1 2 1 2 1 3 4 3 4 3 4 2 4
p027-b5-t7,typed,nonlinear_skip_only,7,11,1,1 2 3 1 4 5 7 9 1 2 1
p027-b5-t8,typed,linear_regression,8,17,5,1 2 1 2 3 4 5 4 5 6 4 5 7 8 7 3 2
p027-b5-t9,typed,nonlinear_backfill,8,13,5,1 3 2 5 4 5 6 8 9 5 4 5 4
p027-b6-t1,typed,linear_regression,6,17,3,1 2 3 2 3 4 5 6 4 5 4 3 5 3 5 2 1
p027-b6-t10,typed,linear_regression,7,12,2,1 2 3 4 5 6 7 4 7 2 1 2
p027-b6-t2,typed,nonlinear_skip_only,3,4,1,1 2 4 1
p027-b6-t3,typed,linear_regression,6,17,2,1 2 1 2 1 2 1 3 4 5 6 5 4 2 1 2 1
p027-b6-t4,typed,nonlinear_skip_only,4,7,5,1 2 1 2 4 5 4
p027-b6-t5,typed,nonlinear_backfill,6,9,5,1 2 5 6 7 6 5 4 5
p027-b6-t6,typed,linear_regression,5,12,5,1 2 1 2 3 4 5 2 4 2 4 5
p027-b6-t7,typed,linear_regression,7,13,4,1 2 3 4 5 4 3 4 3 6 7 4 2
p027-b6-t8,typed,linear_regression,5,10,2,1 2 1 2 3 4 5 1 2 1
p027-b6-t9,typed,nonlinear_skip_only,5,10,3,1 2 1 3 5 6 2 3 1 2
p028-b1-t1,typed,linear_regression,7,24,4,1 2 1 2 3 2 1 3 4 3 4 3 4 5 6 7 4 2 4 3 2 3 2 1
p028-b1-t10,typed,linear_regression,8,16,3,1 2 3 2 1 2 1 2 3 4 5 6 7 8 3 2
p028-b1-t2,typed,nonlinear_backfill,12,20,3,1 2 3 4 6 5 6 7 8 9 11 10 13 5 4 2 1 2 1 3
p028-b1-t3,typed,nonlinear_backfill,10,29,8,1 3 2 3 2 3 4 5 6 7 8 1 7 6 5 6 4 2 1 7 8 9 8 7 8 9 10 6 4
p028-b1-t4,typed,nonlinear_backfill,9,42,2,1 4 1 2 1 2 3 1 2 1 2 1 2 1 5 3 2 3 4 3 5 1 3 2 3 4 5 6 7 9 11 4 3 4 3 1 2 1 2 1 2 1
p028-b1-t5,typed,nonlinear_skip_only,9,13,1,1 2 3 4 3 4 5 6 7 9 10 9 1
p028-b1-t6,typed,linear_regression,7,42,4,1 2 1 2 1 2 1 2 3 4 3 4 5 4 5 4 5 6 5 6 5 7 5 2 1 3 1 2 1 2 1 4 3 4 5 4 5 4 1 5 3 4
p028-b1-t7,typed,nonlinear_backfill,9,29,2,1 2 3 2 5 3 2 3 1 2 3 4 5 4 3 5 6 7 8 9 8 2 1 2 1 2 3 2 1
p028-b1-t8,typed,nonlinear_backfill,6,15,4,2 1 2 1 2 3 2 3 4 3 4 5 6 4 1
p028-b1-t9,typed,nonlinear_backfill,11,40,2,1 2 1 2 1 2 3 2 1 2 3 2 3 2 3 1 2 1 2 3 1 4 5 4 3 4 5 6 8 12 13 10 3 2 1 2 1 7 1 7
p028-b2-t1,typed,nonlinear_backfill,6,28,4,1 2 1 2 1 4 5 4 5 6 2 1 6 1 3 4 3 4 1 6 1 6 1 4 3 1 6 1
p028-b2-t10,typed,nonlinear_backfill,8,35,8,1 2 1 6 1 7 6 1 2 1 2 3 2 1 3 1 5 1 3 2 4 3 4 3 4 2 1 2 6 7 8 7 1 7 8
p028-b2-t2,typed,nonlinear_backfill,6,29,6,1 2 1 2 6 3 1 3 2 3 2 3 4 5 2 3 4 2 1 2 3 1 2 4 5 6 4 3 4
p028-b2-t3,typed,nonlinear_backfill,11,25,1,1 2 3 4 2 3 1 3 6 3 5 6 5 6 7 8 11 12 13 5 1 2 3 4 1
p028-b2-t4,typed,nonlinear_backfill,7,29,1,1 2 1 6 1 2 1 2 1 2 5 7 2 6 2 3 2 3 2 4 1 4 1 2 1 2 1 3 1
p028-b2-t5,typed,nonlinear_backfill,8,32,2,1 2 3 2 1 2 1 2 4 7 8 9 1 2 1 4 5 1 4 3 1 2 1 2 3 2 3 1 5 1 4 1
p028-b2-t6,typed,nonlinear_backfill,12,38,2,1 4 2 1 3 4 1 2 1 2 3 4 5 6 8 6 7 12 8 9 7 8 9 13 11 12 13 12 2 1 7 1 2 1 2 1 2 1
p028-b2-t7,typed,nonlinear_backfill,11,55,6,1 4 1 2 3 4 5 7 6 7 8 10 8 7 8 9 4 3 1 4 1 4 1 4 1 4 1 2 6 1 2 3 4 7 9 10 9 10 4 5 4 5 6 9 6 10 11 5 6 5 6 5 7 8 4
p028-b2-t8,typed,nonlinear_backfill,11,42,4,1 2 3 2 3 4 3 4 5 4 3 4 3 4 11 6 10 5 10 7 11 2 1 2 1 5 10 5 4 5 6 8 9 8 4 11 7 11 9 11 10 2
p028-b2-t9,typed,nonlinear_backfill,10,41,3,1 5 1 2 1 2 1 2 5 1 2 3 6 3 4 3 5 6 3 4 3 2 5 8 7 8 10 9 8 5 1 2 3 2 3 2 1 2 1 3 1
p028-b3-t1,typed,nonlinear_backfill,10,14,4,1 4 5 6 8 10 11 12 1 3 4 3 2 1
p028-b3-t10,typed,nonlinear_skip_only,12,37,3,1 2 1 2 1 2 3 1 3 2 3 4 3 5 7 8 7 8 9 8 10 11 12 13 12 4 3 2 3 2 3 2 1 2 1 2 1
p028-b3-t2,typed,nonlinear_backfill,11,21,2,3 1 2 1 2 3 4 5 6 5 10 9 12 13 7 1 3 2 1 2 1
p028-b3-t3,typed,nonlinear_backfill,11,32,5,1 2 1 2 1 3 5 4 5 4 5 4 5 7 6 7 9 11 10 11 16 7 6 5 4 3 4 1 3 6 1 4
p028-b3-t4,typed,nonlinear_backfill,8,25,4,1 2 5 6 3 4 3 2 4 3 4 5 3 7 6 5 8 6 3 2 3 4 1 5 6
p028-b3-t5,typed,nonlinear_backfill,12,44,12,1 2 1 2 1 4 6 7 6 7 6 9 8 7 8 7 8 10 12 10 11 12 11 12 13 14 13 7 2 1 4 1 2 1 2 1 6 7 9 11 12 13 12 9
p028-b3-t6,typed,nonlinear_backfill,13,43,2,1 2 3 5 4 3 4 7 6 7 6 9 10 11 10 11 10 12 11 13 14 13 14 13 9 1 3 1 5 1 6 1 6 1 2 1 2 1 3 4 5 1 2
p028-b3-t7,typed,nonlinear_backfill,13,29,6,1 2 1 4 6 2 1 2 3 4 5 4 6 7 8 9 10 13 12 13 14 13 9 5 4 6 3 2 1
p028-b3-t8,typed,nonlinear_backfill,6,42,3,1 3 1 3 2 1 2 1 2 1 2 1 2 3 4 6 3 4 3 6 3 4 3 4 3 4 5 6 5 2 1 2 3 4 3 4 3 5 4 5 3 2
p028-b3-t9,typed,nonlinear_backfill,12,89,5,6 1 5 6 4 5 2 4 1 5 1 5 6 1 2 1 7 4 6 2 6 4 1 2 3 4 5 8 4 9 8 4 10 9 7 8 9 4 9 4 3 9 4 6 5 4 10 5 6 5 11 6 11 3 1 4 1 2 5 4 3 6 5 4 5 4 1 6 4 5 8 7 9 6 4 9 10 12 7 5 4 6 7 4 5 4 11 12 4
p028-b4-t1,typed,linear_regression,7,19,6,1 2 1 2 3 4 5 1 3 4 5 6 5 4 6 5 6 4 7
p028-b4-t10,typed,linear_regression,4,20,3,1 2 3 2 1 2 1 2 1 2 3 2 3 2 3 4 3 1 2 1
p028-b4-t2,typed,nonlinear_backfill,10,19,2,1 2 1 2 1 2 3 1 4 7 8 10 9 12 11 2 1 2 1
p028-b4-t3,typed,linear_regression,7,13,2,1 2 3 4 5 1 2 6 7 6 1 2 1
p028-b4-t4,typed,linear_regression,7,26,6,1 2 3 4 5 6 7 6 7 6 1 2 1 2 1 5 1 5 6 5 6 5 6 5 6 5
p028-b4-t5,typed,nonlinear_backfill,7,20,2,1 5 1 2 3 4 2 3 1 2 4 5 8 9 2 1 2 1 2 1
p028-b4-t6,typed,nonlinear_backfill,6,15,4,1 2 3 2 3 4 7 3 1 4 3 1 4 3 5
p028-b4-t7,typed,nonlinear_backfill,7,38,2,1 3 1 2 4 1 2 1 2 3 2 3 2 5 1 3 2 1 2 3 1 2 5 4 5 6 7 6 7 6 1 2 3 4 3 4 1 2
p028-b4-t8,typed,linear_regression,5,17,4,1 2 1 2 3 4 3 4 3 4 3 4 3 2 5 4 2
p028-b4-t9,typed,nonlinear_skip_only,4,15,2,1 2 1 2 1 2 1 3 1 2 3 2 5 3 1
p028-b5-t1,typed,nonlinear_backfill,10,34,4,4 3 1 2 5 2 3 4 7 3 4 3 4 3 4 3 4 6 7 8 9 8 7 9 11 2 3 2 1 8 7 8 3 2
p028-b5-t10,typed,nonlinear_backfill,6,17,2,1 3 1 4 1 4 1 2 1 4 1 2 3 4 5 7 1
p028-b5-t2,typed,nonlinear_backfill,7,17,4,1 3 2 1 2 3 4 5 8 9 1 3 2 3 2 3 1
p028-b5-t3,typed,nonlinear_backfill,4,12,2,1 2 1 2 4 2 3 1 3 4 2 1
p028-b5-t4,typed,nonlinear_backfill,6,14,5,1 2 3 5 4 3 4 5 6 4 6 4 3 4
p028-b5-t5,typed,nonlinear_backfill,6,19,6,1 5 4 1 5 4 1 2 3 2 4 3 4 5 4 5 6 5 4
p028-b5-t6,typed,nonlinear_backfill,8,25,5,1 2 1 2 3 4 3 2 3 4 2 3 4 2 8 3 2 7 2 5 4 6 4 5 2
p028-b5-t7,typed,nonlinear_skip_only,9,15,2,1 2 1 2 3 4 3 4 5 6 7 8 10 3 1
p028-b5-t8,typed,nonlinear_backfill,5,16,7,1 3 1 2 1 2 1 2 3 4 3 2 3 4 2 6
p028-b5-t9,typed,nonlinear_skip_only,7,11,2,1 2 3 5 10 11 12 11 12 3 1
p028-b6-t1,typed,nonlinear_backfill,9,39,6,6 1 2 7 3 4 5 6 7 8 5 6 7 4 3 6 5 6 7 9 7 8 9 8 7 8 7 2 6 8 7 4 9 5 3 6 5 6 5
p028-b6-t10,typed,nonlinear_backfill,9,32,7,1 2 1 2 1 2 3 4 3 4 3 4 3 4 2 1 3 1 2 3 2 3 4 5 6 7 6 7 9 8 7 6
p028-b6-t2,typed,nonlinear_skip_only,6,8,5,1 2 1 2 4 5 6 7
p028-b6-t3,typed,nonlinear_backfill,5,15,1,5 1 5 1 3 5 1 2 3 2 1 2 3 4 1
p028-b6-t4,typed,nonlinear_backfill,7,16,3,1 3 1 2 1 2 3 7 6 3 5 2 3 4 5 2
p028-b6-t5,typed,nonlinear_backfill,4,13,3,1 2 1 5 1 2 3 1 2 3 1 3 2
p028-b6-t6,typed,nonlinear_backfill,5,27,2,4 1 2 3 2 3 2 1 5 1 4 3 4 5 4 2 3 4 2 3 4 1 2 5 3 1 3
p028-b6-t7,typed,nonlinear_backfill,9,27,1,1 6 3 1 5 1 2 1 2 1 2 3 4 5 7 10 11 5 1 6 3 1 3 6 1 6 1
p028-b6-t8,typed,linear_regression,10,32,2,1 2 3 2 1 2 1 2 3 4 5 6 5 6 7 8 7 9 10 6 1 3 1 2 3 2 1 2 4 2 3 1
p028-b6-t9,typed,nonlinear_backfill,8,33,4,4 2 1 2 1 2 5 3 1 2 6 2 3 4 1 2 1 3 4 3 6 3 4 3 5 7 6 7 6 3 8 3 2
p029-b1-t10,typed,nonlinear_backfill,5,7,2,1 3 2 5 4 3 2
p029-b1-t2,typed,linear_regression,4,7,2,1 2 3 4 1 2 1
p029-b1-t3,typed,linear_regression,5,6,3,1 2 3 4 5 1
p029-b1-t4,typed,linear_regression,4,6,3,1 2 3 4 1 3
p029-b1-t5,typed,nonlinear_backfill,6,6,6,2 3 4 5 6 1
p029-b1-t6,typed,linear_regression,4,6,3,1 2 3 4 3 1
p029-b1-t7,typed,linear_regression,2,3,1,1 2 1
p029-b1-t8,typed,nonlinear_backfill,5,10,5,1 3 1 2 3 5 4 5 4 3
p029-b1-t9,typed,linear_regression,3,8,2,1 2 3 2 3 2 3 2
p029-b2-t1,typed,linear_regression,5,6,5,1 2 3 4 5 1
p029-b2-t10,typed,strictly_linear,1,1,1,1
p029-b2-t2,typed,nonlinear_skip_only,5,6,6,1 2 3 5 6 2
p029-b2-t3,typed,nonlinear_backfill,4,7,1,3 1 2 1 2 3 4
p029-b2-t6,typed,linear_regression,4,5,4,1 2 3 4 1
p029-b2-t7,typed,nonlinear_skip_only,3,5,4,1 2 1 4 1
p029-b2-t8,typed,linear_regression,3,5,2,1 2 3 2 1
p029-b2-t9,typed,linear_regression,4,5,4,1 2 3 4 2
p029-b3-t1,typed,strictly_linear,5,5,4,1 2 3 4 5
p029-b3-t10,typed,nonlinear_skip_only,8,10,12,1 7 8 10 11 12 13 12 11 14
p029-b3-t2,typed,nonlinear_backfill,4,4,1,2 1 3 4
p029-b3-t3,typed,linear_regression,2,5,2,1 2 1 2 1
p029-b3-t4,typed,linear_regression,2,3,1,1 2 1
p029-b3-t5,typed,nonlinear_backfill,8,15,9,5 4 1 7 9 7 9 8 9 6 7 9 6 11 6
p029-b3-t6,typed,nonlinear_skip_only,4,4,3,1 2 4 5
p029-b3-t7,typed,linear_regression,5,6,5,1 2 3 4 5 1
p029-b3-t8,typed,strictly_linear,1,1,1,1
p029-b3-t9,typed,nonlinear_backfill,6,7,6,1 6 8 9 4 3 4
p029-b4-t1,typed,nonlinear_backfill,4,5,1,1 4 5 3 1
p029-b4-t10,typed,linear_regression,4,7,4,1 2 1 2 3 4 2
p029-b4-t2,typed,nonlinear_backfill,5,9,4,1 2 5 6 1 2 6 4 2
p029-b4-t3,typed,nonlinear_backfill,6,9,3,1 4 5 3 4 5 7 6 1
p029-b4-t4,typed,strictly_linear,2,2,1,1 2
p029-b4-t5,typed,nonlinear_skip_only,3,4,6,1 5 6 5
p029-b4-t6,typed,linear_regression,2,3,1,1 2 1
p029-b4-t7,typed,nonlinear_skip_only,2,3,5,2 5 2
p029-b4-t9,typed,linear_regression,2,5,1,1 2 1 2 1
p029-b5-t1,typed,linear_regression,2,3,2,1 2 1
p029-b5-t10,typed,nonlinear_backfill,6,7,8,1 2 1 3 6 8 5
p029-b5-t3,typed,linear_regression,3,4,1,1 2 3 1
p029-b5-t4,typed,nonlinear_backfill,7,9,7,1 3 2 4 5 7 8 7 5
p029-b5-t5,typed,nonlinear_backfill,5,8,3,1 3 2 3 4 3 7 2
p029-b5-t6,typed,nonlinear_skip_only,6,11,3,1 2 1 2 3 2 3 6 7 8 3
p029-b5-t7,typed,linear_regression,4,11,2,1 2 3 4 3 2 3 2 1 3 1
p029-b5-t9,typed,linear_regression,2,4,2,1 2 1 2
p029-b6-t1,typed,linear_regression,2,3,2,2 3 2
p029-b6-t10,typed,strictly_linear,1,1,7,1
p029-b6-t3,typed,nonlinear_backfill,8,14,9,1 2 3 2 7 8 9 8 7 11 10 9 8 10
p029-b6-t5,typed,nonlinear_backfill,6,8,10,2 4 6 5 9 10 9 10
p029-b6-t6,typed,nonlinear_backfill,5,5,5,1 8 7 6 5
p029-b6-t7,typed,nonlinear_skip_only,6,9,5,1 2 3 2 5 2 1 6 7
p029-b6-t8,typed,linear_regression,4,7,3,1 2 3 4 3 4 3
p029-b6-t9,typed,nonlinear_backfill,6,11,10,1 3 1 3 2 1 6 7 6 10 7
p030-b1-t1,typed,linear_regression,5,12,3,1 2 3 1 4 5 2 3 2 1 2 3
p030-b1-t10,typed,linear_regression,2,3,2,1 2 1
p030-b1-t2,typed,linear_regression,4,17,3,1 2 3 4 2 3 4 3 2 1 3 4 1 4 3 2 1
p030-b1-t3,typed,linear_regression,6,8,5,1 2 3 4 5 6 5 1
p030-b1-t4,typed,nonlinear_backfill,3,7,1,1 3 2 3 1 2 1
p030-b1-t5,typed,nonlinear_backfill,5,14,7,1 2 1 2 1 7 6 7 6 1 7 1 2 4
p030-b1-t6,typed,linear_regression,4,8,2,1 2 3 4 3 1 2 1
p030-b1-t7,typed,linear_regression,4,8,3,1 2 3 4 3 2 3 1
p030-b1-t8,typed,nonlinear_backfill,12,22,1,1 3 1 4 5 6 7 8 9 10 11 12 6 7 6 5 6 5 2 3 2 1
p030-b1-t9,typed,nonlinear_backfill,5,7,5,3 4 2 3 1 5 1
p030-b2-t1,typed,linear_regression,3,5,3,1 2 3 2 1
p030-b2-t10,typed,linear_regression,3,8,4,1 2 1 2 3 2 3 1
p030-b2-t2,typed,linear_regression,7,11,7,1 2 3 4 5 6 5 6 7 6 2
p030-b2-t3,typed,linear_regression,5,6,5,1 2 1 3 4 5
p030-b2-t4,typed,linear_regression,2,5,2,1 2 1 2 1
p030-b2-t5,typed,linear_regression,5,7,5,1 2 3 4 5 4 5
p030-b2-t6,typed,nonlinear_skip_only,4,5,5,1 2 3 5 1
p030-b2-t7,typed,linear_regression,3,10,1,1 2 1 2 3 2 3 2 3 1
p030-b2-t8,typed,linear_regression,3,6,3,1 2 3 2 3 1
p030-b2-t9,typed,linear_regression,3,11,3,1 2 1 2 1 2 3 2 1 2 1
p030-b3-t1,typed,strictly_linear,2,2,5,4 5
p030-b3-t10,typed,linear_regression,3,8,2,1 2 3 2 3 2 1 3
p030-b3-t2,typed,nonlinear_backfill,4,5,5,3 5 4 5 1
p030-b3-t3,typed,strictly_linear,3,3,3,3 4 5
p030-b3-t4,typed,linear_regression,5,12,4,1 2 3 2 3 4 5 1 2 1 4 2
p030-b3-t5,typed,nonlinear_backfill,5,8,5,1 4 5 2 1 4 3 4
p030-b3-t6,typed,linear_regression,6,15,4,1 2 3 4 5 2 3 5 4 6 5 6 5 4 1
p030-b3-t7,typed,linear_regression,6,10,2,1 2 3 2 3 4 3 4 5 6
p030-b3-t8,typed,linear_regression,2,3,1,1 2 1
p030-b3-t9,typed,nonlinear_skip_only,3,3,5,2 4 5
p030-b4-t1,typed,strictly_linear,2,2,2,1 2
p030-b4-t10,typed,linear_regression,4,9,2,1 2 3 4 3 2 4 2 1
p030-b4-t2,typed,linear_regression,9,19,6,1 2 3 4 5 6 7 8 9 5 4 5 6 7 6 5 6 5 4
p030-b4-t3,typed,linear_regression,3,6,4,1 2 1 2 3 1
p030-b4-t4,typed,linear_regression,3,6,2,1 2 3 2 1 2
p030-b4-t5,typed,linear_regression,3,10,2,1 2 1 2 1 2 3 2 3 1
p030-b4-t6,typed,linear_regression,4,5,4,1 2 3 4 3
p030-b4-t7,typed,nonlinear_backfill,6,9,4,1 2 4 6 3 1 5 4 3
p030-b4-t8,typed,linear_regression,3,9,3,1 2 3 2 3 2 3 2 1
p030-b4-t9,typed,linear_regression,3,7,3,1 2 3 2 3 1 3
p030-b5-t1,typed,linear_regression,3,4,3,1 2 3 2
p030-b5-t10,typed,nonlinear_backfill,6,21,6,1 4 3 4 5 4 2 3 4 5 4 3 2 1 2 5 6 5 6 5 4
p030-b5-t2,typed,nonlinear_backfill,4,5,5,1 3 2 3 5
p030-b5-t4,typed,nonlinear_skip_only,3,9,4,1 3 4 3 4 3 4 3 1
p030-b5-t6,typed,linear_regression,4,7,4,1 2 1 2 3 4 3
p030-b5-t7,typed,linear_regression,5,7,5,1 2 3 4 5 2 5
p030-b5-t8,typed,linear_regression,3,5,2,1 2 3 2 1
p030-b5-t9,typed,linear_regression,4,6,3,1 2 3 4 3 2
p030-b6-t1,typed,nonlinear_skip_only,4,7,1,1 2 4 5 1 2 1
p030-b6-t10,typed,nonlinear_backfill,6,14,6,1 3 4 3 2 4 6 4 1 5 4 5 4 5
p030-b6-t2,typed,linear_regression,2,5,2,1 2 1 2 1
p030-b6-t3,typed,nonlinear_backfill,10,25,1,1 2 3 4 2 1 6 7 8 7 9 11 10 11 10 9 11 7 6 7 6 4 3 2 1
p030-b6-t4,typed,linear_regression,2,5,2,1 2 1 2 1
p030-b6-t5,typed,nonlinear_backfill,6,17,2,1 3 2 3 2 3 1 2 4 5 6 5 3 2 1 2 1
p030-b6-t6,typed,nonlinear_backfill,5,9,2,1 4 2 4 5 3 2 1 2
p030-b6-t7,typed,strictly_linear,2,2,2,1 2
p030-b6-t8,typed,nonlinear_backfill,5,5,5,1 2 3 5 4
p030-b6-t9,typed,linear_regression,5,16,4,1 2 3 4 5 4 3 4 3 2 3 2 3 4 3 1
p031-b1-t1,typed,nonlinear_skip_only,6,11,2,1 2 1 2 4 7 9 10 2 1 2
p031-b1-t10,typed,nonlinear_skip_only,6,12,7,1 2 3 1 4 5 1 4 5 7 1 7
p031-b1-t2,typed,nonlinear_skip_only,9,11,2,1 2 3 4 5 8 10 11 12 2 1
p031-b1-t3,typed,nonlinear_backfill,8,14,1,1 2 1 2 7 8 9 6 5 6 5 2 3 1
p031-b1-t4,typed,nonlinear_backfill,6,16,4,1 4 1 2 3 4 2 1 3 4 1 4 6 7 2 1
p031-b1-t5,typed,linear_regression,8,12,3,1 2 1 2 3 4 5 6 7 8 3 2
p031-b1-t6,typed,nonlinear_backfill,12,26,7,1 2 4 3 2 5 6 7 9 10 12 13 12 10 7 6 8 7 9 7 5 6 5 7 5 4
p031-b1-t7,typed,nonlinear_backfill,6,9,2,1 2 5 6 12 1 2 3 1
p031-b1-t8,typed,nonlinear_skip_only,8,18,4,1 2 1 2 3 4 5 6 5 6 8 9 4 3 2 4 3 1
p031-b1-t9,typed,nonlinear_backfill,11,18,3,1 3 4 7 8 4 5 3 10 11 12 11 9 10 9 11 3 2
p031-b2-t1,typed,nonlinear_skip_only,5,7,5,1 3 4 6 4 7 1
p031-b2-t10,typed,nonlinear_backfill,4,9,4,1 3 1 3 4 3 2 4 1
p031-b2-t2,typed,nonlinear_backfill,5,11,5,3 4 3 2 5 6 5 6 5 4 2
p031-b2-t3,typed,nonlinear_backfill,6,9,3,1 4 8 1 2 3 4 5 2
p031-b2-t4,typed,nonlinear_backfill,8,14,2,1 2 1 2 3 5 4 6 7 9 5 1 2 1
p031-b2-t5,typed,linear_regression,3,6,2,1 2 3 1 2 1
p031-b2-t6,typed,nonlinear_backfill,5,11,3,1 2 1 2 6 7 4 2 1 2 1
p031-b2-t7,typed,nonlinear_skip_only,3,4,2,1 2 4 1
p031-b2-t8,typed,linear_regression,4,8,4,1 2 1 2 3 4 3 1
p031-b2-t9,typed,nonlinear_backfill,8,14,2,1 3 1 2 3 4 5 6 7 8 2 1 2 1
p031-b3-t1,typed,linear_regression,5,10,3,1 2 3 4 5 3 2 3 2 1
p031-b3-t10,typed,nonlinear_backfill,6,10,5,2 3 2 5 7 6 3 6 5 1
p031-b3-t2,typed,nonlinear_backfill,4,8,4,2 3 1 2 3 4 3 1
p031-b3-t3,typed,linear_regression,6,8,2,1 2 3 4 5 6 2 1
p031-b3-t4,typed,nonlinear_skip_only,6,17,6,1 2 3 4 3 2 6 1 2 1 2 3 4 6 7 4 3
p031-b3-t5,typed,nonlinear_skip_only,2,3,3,1 3 1
p031-b3-t6,typed,nonlinear_backfill,5,6,1,1 6 8 9 2 1
p031-b3-t7,typed,nonlinear_backfill,3,6,4,2 1 2 3 2 1
p031-b3-t8,typed,nonlinear_backfill,6,11,2,1 3 4 5 6 2 1 2 1 2 1
p031-b3-t9,typed,nonlinear_skip_only,8,10,1,1 2 3 4 6 8 9 10 2 1
p031-b4-t1,typed,nonlinear_backfill,2,4,2,2 1 2 1
p031-b4-t10,typed,nonlinear_backfill,7,10,2,1 2 3 4 7 6 8 1 2 1
p031-b4-t2,typed,nonlinear_skip_only,6,8,8,1 2 3 4 3 2 7 8
p031-b4-t3,typed,nonlinear_backfill,11,14,11,1 2 4 3 1 4 5 7 8 9 11 10 11 6
p031-b4-t4,typed,nonlinear_skip_only,3,4,4,1 3 4 1
p031-b4-t6,typed,nonlinear_backfill,13,23,6,1 2 3 4 6 7 10 9 10 12 11 12 14 9 8 1 3 1 5 6 7 5 1
p031-b4-t7,typed,nonlinear_backfill,8,15,6,1 3 4 5 7 6 5 6 8 7 3 1 2 3 1
p031-b4-t8,typed,nonlinear_backfill,11,16,5,1 4 5 7 6 9 5 2 10 12 11 5 4 5 4 3
p031-b4-t9,typed,nonlinear_backfill,7,12,5,1 2 3 2 3 5 4 5 6 7 4 2
p031-b5-t1,typed,nonlinear_backfill,4,9,1,1 2 1 2 4 3 2 1 2
p031-b5-t10,typed,nonlinear_backfill,5,8,6,1 3 5 6 5 6 4 3
p031-b5-t2,typed,linear_regression,2,3,1,1 2 1
p031-b5-t3,typed,nonlinear_backfill,6,8,5,2 4 1 6 7 4 3 2
p031-b5-t4,typed,linear_regression,4,7,2,1 2 1 3 4 2 1
p031-b5-t5,typed,linear_regression,3,6,3,1 2 1 2 3 1
p031-b5-t6,typed,nonlinear_backfill,3,4,1,1 4 2 1
p031-b5-t7,typed,nonlinear_skip_only,5,9,2,1 2 3 5 6 3 1 2 1
p031-b5-t8,typed,nonlinear_backfill,6,11,7,1 3 2 3 4 3 4 6 7 2 1
p031-b5-t9,typed,nonlinear_skip_only,3,5,1,1 2 1 2 4
p031-b6-t1,typed,linear_regression,11,20,2,1 2 3 4 2 3 5 6 7 8 9 8 9 10 9 10 11 1 2 1
p031-b6-t10,typed,nonlinear_backfill,6,9,2,1 2 6 5 7 8 1 2 1
p031-b6-t2,typed,nonlinear_skip_only,5,9,3,1 2 3 5 6 5 2 3 1
p031-b6-t3,typed,nonlinear_backfill,7,10,1,1 3 1 5 4 5 6 7 8 1
p031-b6-t4,typed,linear_regression,6,8,5,1 2 3 4 5 6 5 1
p031-b6-t5,typed,nonlinear_backfill,12,16,4,1 2 4 5 4 6 8 9 10 11 13 14 6 1 4 3
p031-b6-t6,typed,nonlinear_backfill,4,6,5,1 3 2 5 1 2
p031-b6-t7,typed,nonlinear_backfill,7,9,5,1 4 3 4 6 8 9 6 5
p031-b6-t8,typed,nonlinear_backfill,11,17,3,1 2 3 5 8 7 6 8 7 9 10 11 12 2 3 2 1
p031-b6-t9,typed,nonlinear_skip_only,6,9,1,1 2 1 2 3 5 6 7 1
p032-b1-t1,typed,linear_regression,4,16,4,1 2 1 3 4 2 3 2 3 4 3 2 4 1 3 4
p032-b1-t10,typed,strictly_linear,1,1,1,1
p032-b1-t2,typed,linear_regression,2,7,2,1 2 1 2 1 2 1
p032-b1-t3,typed,linear_regression,3,5,1,1 2 3 2 1
p032-b1-t4,typed,nonlinear_backfill,4,7,1,1 4 1 2 5 4 1
p032-b1-t5,typed,nonlinear_skip_only,4,7,5,1 2 3 1 2 3 5
p032-b1-t6,typed,linear_regression,4,9,4,1 2 1 2 3 4 1 4 3
p032-b1-t7,typed,nonlinear_skip_only,4,5,4,1 2 4 5 1
p032-b1-t8,typed,linear_regression,2,6,2,1 2 1 2 1 2
p032-b1-t9,typed,linear_regression,5,9,5,1 2 1 2 3 2 3 4 5
p032-b2-t1,typed,linear_regression,3,4,1,1 2 3 1
p032-b2-t10,typed,linear_regression,3,7,2,1 2 3 2 1 2 1
p032-b2-t2,typed,linear_regression,2,5,1,1 2 1 2 1
p032-b2-t3,typed,linear_regression,4,12,2,1 2 3 4 2 1 2 3 4 3 2 1
p032-b2-t4,typed,nonlinear_backfill,3,7,4,1 4 1 2 1 2 4
p032-b2-t5,typed,nonlinear_backfill,3,6,3,1 3 2 1 3 1
p032-b2-t6,typed,linear_regression,2,3,1,1 2 1
p032-b2-t7,typed,linear_regression,2,3,2,1 2 1
p032-b2-t8,typed,nonlinear_backfill,3,6,1,1 3 1 2 3 1
p032-b2-t9,typed,nonlinear_skip_only,3,8,4,1 2 4 1 4 1 4 2
p032-b3-t1,typed,linear_regression,2,3,1,1 2 1
p032-b3-t10,typed,linear_regression,6,7,6,1 2 1 3 4 5 6
p032-b3-t2,typed,nonlinear_skip_only,2,3,3,1 3 1
p032-b3-t3,typed,linear_regression,2,5,2,1 2 1 2 1
p032-b3-t4,typed,strictly_linear,2,2,2,1 2
p032-b3-t5,typed,linear_regression,3,11,1,1 2 1 2 3 1 2 3 1 2 1
p032-b3-t6,typed,nonlinear_skip_only,2,3,3,1 3 1
p032-b3-t7,typed,nonlinear_backfill,4,6,3,2 1 4 3 2 3
p032-b3-t8,typed,nonlinear_skip_only,3,3,4,1 3 4
p032-b3-t9,typed,nonlinear_backfill,5,6,5,1 2 1 4 3 5
p032-b4-t1,typed,linear_regression,2,3,1,1 2 1
p032-b4-t10,typed,nonlinear_skip_only,3,6,1,1 2 1 2 5 1
p032-b4-t2,typed,strictly_linear,1,1,1,1
p032-b4-t3,typed,linear_regression,2,3,2,1 2 1
p032-b4-t4,typed,linear_regression,2,3,2,1 2 1
p032-b4-t5,typed,linear_regression,3,9,2,1 2 3 2 3 2 3 2 1
p032-b4-t6,typed,nonlinear_skip_only,5,7,6,1 2 1 2 4 5 6
p032-b4-t7,typed,linear_regression,3,6,2,1 2 3 1 2 1
p032-b4-t8,typed,nonlinear_skip_only,3,5,4,1 2 1 4 1
p032-b4-t9,typed,strictly_linear,1,1,1,1
p032-b5-t1,typed,linear_regression,2,5,2,1 2 1 2 1
p032-b5-t10,typed,nonlinear_skip_only,4,8,2,1 2 1 2 3 5 2 1
p032-b5-t2,typed,linear_regression,4,13,4,1 2 1 2 1 2 3 4 2 3 4 3 4
p032-b5-t3,typed,linear_regression,2,5,2,1 2 1 2 1
p032-b5-t4,typed,nonlinear_backfill,2,2,1,2 1
p032-b5-t5,typed,nonlinear_backfill,3,4,1,1 5 4 5
p032-b5-t6,typed,linear_regression,2,5,2,1 2 1 2 1
p032-b5-t7,typed,linear_regression,3,5,3,1 2 3 2 1
p032-b5-t8,typed,linear_regression,3,4,3,1 2 3 2
p032-b5-t9,typed,nonlinear_backfill,6,9,5,1 3 2 3 4 5 4 6 5
p032-b6-t1,typed,nonlinear_skip_only,3,7,4,1 2 1 2 4 1 2
p032-b6-t10,typed,nonlinear_backfill,4,13,4,1 2 1 2 1 2 4 2 1 2 4 3 2
p032-b6-t2,typed,linear_regression,3,8,3,1 2 1 2 3 2 1 2
p032-b6-t3,typed,linear_regression,3,7,3,1 2 1 3 2 1 2
p032-b6-t4,typed,strictly_linear,2,2,2,1 2
p032-b6-t5,typed,linear_regression,2,3,1,1 2 1
p032-b6-t6,typed,linear_regression,2,5,2,1 2 1 2 1
p032-b6-t7,typed,strictly_linear,2,2,3,2 3
p032-b6-t9,typed,nonlinear_backfill,4,5,7,1 3 2 3 4
p033-b1-t10,typed,strictly_linear,1,1,1,1
p033-b1-t2,typed,nonlinear_backfill,8,10,7,1 3 2 4 5 6 7 9 7 5
p033-b1-t3,typed,nonlinear_backfill,12,18,1,1 2 1 2 1 2 3 5 4 7 6 8 9 10 11 12 3 1
p033-b1-t4,typed,nonlinear_backfill,7,9,5,1 10 17 7 1 2 1 4 5
p033-b1-t5,typed,linear_regression,3,10,2,1 2 3 2 3 2 1 2 1 2
p033-b1-t7,typed,linear_regression,5,6,1,1 2 3 4 5 1
p033-b1-t8,typed,linear_regression,4,10,3,1 2 1 2 1 2 3 4 3 2
p033-b1-t9,typed,linear_regression,3,4,2,1 2 3 2
p033-b2-t1,typed,linear_regression,2,4,2,1 2 1 2
p033-b2-t10,typed,strictly_linear,1,1,1,1
p033-b2-t2,typed,linear_regression,2,3,1,1 2 1
p033-b2-t4,typed,nonlinear_skip_only,4,4,5,1 4 5 7
p033-b2-t5,typed,nonlinear_backfill,13,23,1,1 2 1 2 3 5 6 7 6 7 8 10 1 9 13 12 11 10 11 6 4 2 1
p033-b2-t6,typed,nonlinear_backfill,8,17,5,1 3 2 3 4 5 4 6 7 9 1 2 1 4 5 3 2
p033-b2-t7,typed,nonlinear_backfill,4,7,4,1 4 6 5 4 6 4
p033-b2-t8,typed,linear_regression,2,5,2,1 2 1 2 1
p033-b2-t9,typed,linear_regression,2,3,1,1 2 1
p033-b3-t1,typed,strictly_linear,4,4,4,1 2 3 4
p033-b3-t10,typed,strictly_linear,1,1,1,1
p033-b3-t2,typed,nonlinear_skip_only,4,10,1,1 2 3 1 2 3 2 3 6 1
p033-b3-t3,typed,linear_regression,3,6,2,1 2 3 2 1 2
p033-b3-t5,typed,strictly_linear,1,1,1,1
p033-b3-t6,typed,strictly_linear,1,1,1,1
p033-b3-t9,typed,strictly_linear,1,1,1,1
p033-b4-t1,typed,strictly_linear,2,2,2,1 2
p033-b4-t10,typed,nonlinear_skip_only,7,9,1,1 2 3 4 7 9 10 4 1
p033-b4-t2,typed,nonlinear_backfill,7,8,6,1 2 3 4 5 7 6 1
p033-b4-t5,typed,strictly_linear,1,1,1,1
p033-b4-t7,typed,nonlinear_skip_only,4,9,3,1 2 1 2 3 2 5 3 1
p033-b4-t8,typed,strictly_linear,2,2,1,1 2
p033-b4-t9,typed,nonlinear_backfill,4,5,1,1 3 2 4 1
p033-b5-t1,typed,nonlinear_backfill,7,8,1,1 4 8 9 11 5 3 1
p033-b5-t10,typed,linear_regression,5,7,5,1 2 3 4 3 5 4
p033-b5-t2,typed,nonlinear_backfill,5,9,1,1 3 4 5 3 2 1 2 1
p033-b5-t3,typed,nonlinear_backfill,3,3,1,1 3 2
p033-b5-t4,typed,nonlinear_backfill,9,16,1,1 2 4 3 2 3 4 5 6 5 6 10 11 12 2 1
p033-b5-t5,typed,strictly_linear,1,1,1,1
p033-b5-t6,typed,nonlinear_backfill,8,17,1,1 2 1 2 1 2 4 5 6 7 6 7 8 4 3 2 1
p033-b5-t7,typed,linear_regression,3,8,3,1 2 1 2 1 2 3 2
p033-b5-t8,typed,linear_regression,4,7,3,1 2 3 4 3 4 3
p033-b6-t1,typed,strictly_linear,1,1,1,1
p033-b6-t10,typed,linear_regression,3,9,2,1 2 3 2 1 2 1 2 1
p033-b6-t3,typed,nonlinear_backfill,10,15,1,1 2 4 5 3 4 6 7 2 4 10 12 8 2 1
p033-b6-t4,typed,nonlinear_skip_only,7,9,4,1 3 4 5 6 8 9 5 4
p033-b6-t5,typed,strictly_linear,1,1,1,1
p033-b6-t6,typed,linear_regression,5,9,5,1 2 3 2 4 5 4 5 3
p033-b6-t7,typed,nonlinear_skip_only,7,14,2,1 2 3 4 5 7 9 4 5 3 2 1 2 1
p033-b6-t8,typed,nonlinear_backfill,3,3,1,1 3 2
p033-b6-t9,typed,strictly_linear,1,1,1,1
p034-b1-t1,typed,nonlinear_skip_only,4,6,5,1 2 1 3 5 2
p034-b1-t10,typed,nonlinear_backfill,8,15,2,1 2 1 2 1 2 1 5 8 9 10 7 2 3 2
p034-b1-t2,typed,nonlinear_backfill,10,33,6,1 2 3 2 4 2 1 3 6 5 4 3 4 6 1 4 6 5 6 7 8 11 10 8 7 5 6 2 3 5 4 3 2
p034-b1-t3,typed,linear_regression,7,10,5,1 2 3 4 5 6 7 6 5 3
p034-b1-t4,typed,nonlinear_backfill,9,18,2,1 2 1 3 5 8 6 7 6 7 8 13 9 3 2 1 2 1
p034-b1-t5,typed,nonlinear_backfill,8,31,2,1 2 3 2 3 2 5 4 3 2 5 6 5 9 10 5 3 2 1 2 3 2 3 2 3 2 1 2 3 2 1
p034-b1-t6,typed,nonlinear_backfill,9,24,2,1 2 3 2 3 2 3 4 3 2 6 7 9 8 4 3 2 3 10 2 3 2 1 2
p034-b1-t7,typed,linear_regression,7,13,5,1 2 1 2 1 2 3 4 5 6 5 6 7
p034-b1-t8,typed,linear_regression,7,24,6,1 2 3 2 1 2 1 2 1 2 3 2 4 5 3 4 1 2 4 5 6 7 6 3
p034-b1-t9,typed,nonlinear_backfill,9,17,7,1 2 3 6 5 4 7 8 9 2 3 2 4 5 6 7 8
p034-b2-t1,typed,linear_regression,4,11,4,1 2 1 2 3 4 1 2 4 3 4
p034-b2-t10,typed,linear_regression,5,36,2,1 2 1 2 3 1 3 2 3 2 4 5 3 2 3 1 3 1 3 2 3 4 2 3 4 1 2 5 3 5 1 3 2 1 2 1
p034-b2-t2,typed,nonlinear_backfill,9,17,9,1 2 4 3 4 3 4 3 2 6 7 9 10 9 11 9 6
p034-b2-t3,typed,nonlinear_skip_only,3,10,4,1 3 4 3 4 3 4 3 4 3
p034-b2-t4,typed,linear_regression,2,4,2,1 2 1 2
p034-b2-t5,typed,linear_regression,5,14,2,1 2 1 2 3 2 3 4 5 4 3 2 1 2
p034-b2-t6,typed,nonlinear_backfill,12,31,11,1 2 3 2 1 3 5 3 2 3 4 5 2 5 3 2 5 6 7 8 9 11 12 11 10 11 9 12 8 7 6
p034-b2-t7,typed,nonlinear_skip_only,7,25,2,1 2 3 2 3 4 5 2 3 2 3 2 1 5 6 5 6 8 1 2 1 2 1 2 1
p034-b2-t8,typed,nonlinear_backfill,3,5,4,1 4 3 4 1
p034-b2-t9,typed,linear_regression,9,30,6,1 2 1 3 4 3 1 4 3 5 6 7 8 9 6 7 6 7 8 6 7 8 7 6 7 8 6 9 8 7
p034-b3-t1,typed,linear_regression,3,5,2,1 2 1 3 2
p034-b3-t10,typed,nonlinear_backfill,3,4,2,1 3 2 1
p034-b3-t2,typed,strictly_linear,2,2,2,1 2
p034-b3-t3,typed,nonlinear_backfill,10,24,4,2 3 4 5 6 7 5 4 5 6 8 9 7 8 7 8 12 5 3 1 2 1 2 1
p034-b3-t4,typed,nonlinear_backfill,10,18,2,1 2 1 2 3 4 3 5 4 5 6 10 11 13 12 6 2 1
p034-b3-t5,typed,nonlinear_backfill,10,20,1,1 2 3 2 3 1 5 3 1 2 1 2 5 6 7 9 8 11 4 1
p034-b3-t6,typed,nonlinear_backfill,7,15,6,1 3 2 3 2 1 4 5 7 6 7 6 5 4 2
p034-b3-t7,typed,nonlinear_backfill,10,33,2,1 4 3 7 6 5 6 5 6 4 6 10 6 9 1 2 4 2 1 2 3 1 4 6 7 10 8 6 4 2 1 3 2
p034-b3-t8,typed,linear_regression,3,10,2,1 2 3 2 3 2 3 2 1 2
p034-b3-t9,typed,nonlinear_backfill,5,9,5,1 2 3 2 1 5 4 5 2
p034-b4-t1,typed,nonlinear_backfill,8,27,3,1 2 1 4 3 4 5 2 3 4 6 7 8 6 4 5 2 1 2 1 4 3 4 3 2 4 3
p034-b4-t10,typed,linear_regression,6,23,4,1 2 3 4 5 6 5 4 5 6 5 6 5 3 2 1 3 1 2 3 2 3 4
p034-b4-t2,typed,linear_regression,5,10,4,1 2 1 2 3 4 3 4 5 3
p034-b4-t3,typed,nonlinear_backfill,11,38,2,1 3 1 3 2 3 2 3 2 3 5 4 5 4 5 6 7 8 12 11 12 9 7 1 3 4 3 1 3 2 3 2 1 3 2 3 2 1
p034-b4-t4,typed,nonlinear_backfill,5,11,2,2 1 3 4 5 4 5 4 2 3 2
p034-b4-t5,typed,nonlinear_backfill,10,32,4,1 2 3 5 4 5 6 7 6 7 6 7 6 5 4 5 4 5 6 11 10 11 8 4 5 6 5 4 5 4 3 4
p034-b4-t6,typed,linear_regression,2,5,1,1 2 1 2 1
p034-b4-t7,typed,nonlinear_backfill,6,22,4,1 2 1 2 1 3 2 3 5 3 4 5 4 5 3 4 5 6 5 4 5 6
p034-b4-t8,typed,linear_regression,6,10,5,1 2 3 2 3 2 4 5 6 5
p034-b4-t9,typed,nonlinear_backfill,11,35,3,1 3 4 5 4 5 4 2 3 4 5 6 5 2 5 6 7 8 9 11 12 11 12 8 5 3 2 3 4 3 4 5 4 3 2
p034-b5-t1,typed,nonlinear_backfill,5,7,2,1 2 3 6 5 2 1
p034-b5-t10,typed,nonlinear_backfill,7,20,4,3 2 1 4 3 1 3 2 3 2 3 4 5 3 5 6 7 4 2 1
p034-b5-t2,typed,nonlinear_backfill,11,32,2,2 1 2 3 4 3 4 5 6 7 9 10 13 10 9 11 10 7 4 1 3 2 3 2 3 2 4 3 4 3 2 1
p034-b5-t3,typed,nonlinear_skip_only,5,10,5,1 2 1 4 5 6 5 6 5 2
p034-b5-t4,typed,nonlinear_backfill,4,4,5,2 3 6 5
p034-b5-t6,typed,nonlinear_backfill,6,11,4,1 3 2 3 2 3 5 3 4 5 6
p034-b5-t7,typed,nonlinear_backfill,5,5,3,1 5 3 4 2
p034-b5-t8,typed,nonlinear_skip_only,2,5,4,1 4 1 4 1
p034-b5-t9,typed,nonlinear_backfill,7,18,3,3 2 3 4 3 4 7 4 3 7 6 7 9 8 7 4 3 2
p034-b6-t1,typed,nonlinear_backfill,11,18,4,1 3 2 4 6 7 8 7 2 1 10 13 14 5 3 2 4 1
p034-b6-t10,typed,linear_regression,3,11,2,1 2 3 1 2 3 1 3 1 2 1
p034-b6-t2,typed,linear_regression,5,14,5,1 2 3 2 3 4 2 3 1 4 5 4 5 1
p034-b6-t3,typed,nonlinear_backfill,12,26,1,1 4 5 6 7 6 10 11 9 11 9 8 12 9 8 5 4 3 2 1 4 2 1 2 4 1
p034-b6-t4,typed,linear_regression,5,6,5,1 2 3 4 5 1
p034-b6-t5,typed,nonlinear_backfill,5,12,4,1 3 2 3 2 1 4 5 4 5 4 2
p034-b6-t6,typed,nonlinear_skip_only,2,3,3,1 3 1
p034-b6-t7,typed,strictly_linear,1,1,1,1
p034-b6-t8,typed,linear_regression,3,7,3,1 2 1 3 2 3 2
p034-b6-t9,typed,nonlinear_backfill,6,20,1,4 3 5 3 1 2 1 2 1 2 1 2 3 5 4 6 5 4 3 5
p035-b1-t1,typed,nonlinear_skip_only,8,18,5,1 2 3 4 5 6 8 9 5 4 5 1 2 3 4 5 3 1
p035-b1-t10,typed,linear_regression,4,7,1,1 2 1 2 3 4 1
p035-b1-t2,typed,linear_regression,7,26,2,1 2 3 4 3 4 5 6 7 1 3 1 4 3 2 1 2 1 2 3 2 3 4 3 2 1
p035-b1-t3,typed,nonlinear_backfill,13,25,11,1 2 1 2 3 4 5 6 7 8 9 12 13 11 10 9 10 8 7 8 11 4 7 11 7
p035-b1-t4,typed,linear_regression,5,7,4,1 2 3 4 3 2 5
p035-b1-t5,typed,nonlinear_skip_only,12,37,7,1 2 3 4 5 6 7 8 7 6 7 8 9 11 12 14 7 6 5 6 8 7 5 2 4 5 4 1 2 3 5 6 3 8 7 2 8
p035-b1-t6,typed,linear_regression,10,18,4,1 2 3 4 5 4 5 6 7 6 7 8 9 10 3 4 5 4
p035-b1-t7,typed,linear_regression,5,14,2,1 2 3 1 2 3 2 1 2 1 2 4 5 1
p035-b1-t8,typed,nonlinear_skip_only,6,13,2,1 2 4 7 9 12 9 2 4 2 4 2 1
p035-b1-t9,typed,nonlinear_backfill,10,17,2,1 2 3 5 6 5 2 3 9 8 10 7 4 3 1 2 1
p035-b2-t1,typed,nonlinear_backfill,9,17,6,1 2 3 5 4 5 6 4 5 7 6 7 8 9 5 6 5
p035-b2-t10,typed,nonlinear_skip_only,6,13,4,1 2 3 4 6 8 4 3 4 3 2 3 2
p035-b2-t2,typed,nonlinear_backfill,7,14,5,1 2 4 5 3 1 4 3 5 4 5 7 3 8
p035-b2-t3,typed,nonlinear_skip_only,7,15,2,1 2 1 2 3 4 6 7 8 7 3 2 3 1 2
p035-b2-t4,typed,nonlinear_backfill,9,22,4,1 3 2 1 2 1 2 3 4 5 7 9 10 7 4 2 3 4 3 4 1 6
p035-b2-t5,typed,nonlinear_backfill,7,16,1,1 2 4 1 4 2 1 2 1 3 6 9 4 5 3 1
p035-b2-t6,typed,linear_regression,7,23,4,1 2 3 4 2 3 4 5 4 5 4 5 3 4 3 4 2 4 3 5 6 7 3
p035-b2-t7,typed,linear_regression,2,5,1,1 2 1 2 1
p035-b2-t8,typed,linear_regression,4,7,4,1 2 3 4 3 4 2
p035-b2-t9,typed,nonlinear_skip_only,7,35,2,1 2 1 3 2 1 2 3 2 4 3 2 1 3 1 2 3 2 3 4 3 4 5 6 12 5 2 3 4 3 2 1 2 1 2
p035-b3-t1,typed,nonlinear_backfill,6,8,3,1 3 4 7 8 2 3 2
p035-b3-t10,typed,nonlinear_skip_only,10,17,2,1 2 3 5 6 7 8 9 10 11 10 2 1 2 1 2 1
p035-b3-t2,typed,nonlinear_backfill,13,45,7,1 2 3 5 7 6 7 6 5 6 7 6 7 5 4 3 1 4 5 8 7 8 9 10 11 12 13 8 7 6 7 6 7 6 8 9 10 11 5 2 5 8 7 2 4
p035-b3-t3,typed,nonlinear_backfill,8,15,4,1 3 5 3 4 5 4 3 4 7 8 9 10 4 1
p035-b3-t4,typed,nonlinear_skip_only,6,7,4,1 2 4 5 4 6 7
p035-b3-t5,typed,nonlinear_backfill,11,23,2,1 2 3 4 5 6 8 10 11 10 8 9 7 8 4 1 2 1 2 3 4 5 1
p035-b3-t6,typed,nonlinear_backfill,9,17,2,1 2 1 2 3 5 6 8 9 10 8 6 4 2 1 2 1
p035-b3-t8,typed,linear_regression,3,11,2,1 2 1 2 1 2 3 2 1 2 1
p035-b3-t9,typed,nonlinear_backfill,4,7,6,2 6 5 6 5 6 3
p035-b4-t1,typed,nonlinear_skip_only,5,13,2,1 2 1 2 1 3 2 1 5 2 1 5 6
p035-b4-t10,typed,nonlinear_backfill,10,14,5,1 2 3 5 6 5 3 4 9 10 11 14 5 3
p035-b4-t2,typed,nonlinear_backfill,7,22,2,1 2 3 5 6 8 2 1 2 3 1 3 2 3 4 6 8 5 6 3 2 1
p035-b4-t3,typed,nonlinear_backfill,4,4,3,1 2 4 3
p035-b4-t4,typed,nonlinear_skip_only,7,11,1,1 2 1 2 3 4 3 6 7 9 1
p035-b4-t5,typed,nonlinear_backfill,9,12,1,1 2 3 4 8 7 9 10 5 4 3 1
p035-b4-t6,typed,nonlinear_backfill,6,11,1,1 2 1 2 3 8 12 9 2 1 2
p035-b4-t7,typed,nonlinear_backfill,6,10,1,1 3 7 9 10 3 2 1 2 1
p035-b4-t8,typed,nonlinear_backfill,8,12,7,1 5 4 10 6 7 8 7 8 9 6 5
p035-b4-t9,typed,linear_regression,7,11,5,1 2 3 4 5 4 5 6 4 5 7
p035-b5-t1,typed,nonlinear_backfill,9,15,1,1 2 4 3 5 7 10 9 8 3 4 1 2 1 2
p035-b5-t10,typed,nonlinear_backfill,9,21,1,1 2 3 2 3 5 9 11 12 13 11 8 3 2 1 2 1 2 1 2 1
p035-b5-t2,typed,nonlinear_backfill,5,11,3,1 2 4 3 2 3 4 3 4 5 1
p035-b5-t3,typed,nonlinear_backfill,10,18,4,1 2 4 5 6 7 4 3 4 6 9 10 7 10 8 4 3 4
p035-b5-t4,typed,nonlinear_backfill,10,14,2,1 2 3 5 6 7 6 8 11 12 2 3 4 1
p035-b5-t5,typed,nonlinear_backfill,12,22,5,2 1 4 5 6 7 8 9 12 16 17 9 5 6 5 4 5 6 5 3 5 3
p035-b5-t6,typed,nonlinear_backfill,6,20,4,2 4 2 4 5 6 4 5 4 3 4 5 4 5 4 5 3 4 1 2
p035-b5-t7,typed,nonlinear_skip_only,4,10,2,1 2 1 2 3 1 3 5 2 1
p035-b5-t8,typed,linear_regression,11,18,2,1 2 3 2 4 5 6 7 8 9 10 11 2 1 3 2 1 2
p035-b5-t9,typed,linear_regression,4,10,2,1 2 1 2 1 3 2 4 2 1
p035-b6-t10,typed,nonlinear_backfill,9,26,2,1 2 3 4 3 4 5 6 2 1 8 7 10 1 2 1 2 3 4 5 6 1 6 2 3 2
p035-b6-t2,typed,nonlinear_backfill,7,17,2,1 2 3 1 2 5 2 3 1 2 3 4 5 7 9 1 2
p035-b6-t3,typed,nonlinear_backfill,9,18,5,1 2 7 6 8 11 12 7 5 6 5 4 5 6 5 4 5 4
p035-b6-t4,typed,linear_regression,4,13,3,1 2 1 3 2 4 2 3 2 1 2 1 2
p035-b6-t5,typed,nonlinear_skip_only,7,21,1,1 2 3 2 1 2 1 2 1 2 3 2 1 2 1 4 3 6 7 8 1
p035-b6-t6,typed,nonlinear_backfill,4,5,4,1 3 2 3 4
p035-b6-t7,typed,nonlinear_backfill,5,17,3,1 2 3 2 3 2 3 1 3 7 6 7 2 3 7 6 2
p035-b6-t8,typed,nonlinear_skip_only,3,9,2,1 2 1 2 4 1 2 1 2
p035-b6-t9,typed,nonlinear_skip_only,4,13,2,1 2 3 2 1 2 1 2 3 2 5 2 1
p036-b1-t1,typed,linear_regression,6,8,5,1 2 3 4 5 6 5 1
p036-b1-t10,typed,linear_regression,3,10,1,1 2 1 2 1 2 1 3 2 1
p036-b1-t2,typed,nonlinear_backfill,8,10,1,1 3 5 4 5 6 7 8 2 1
p036-b1-t3,typed,nonlinear_backfill,11,16,5,1 5 6 5 4 3 1 7 8 9 10 11 12 5 4 1
p036-b1-t4,typed,nonlinear_backfill,7,26,4,1 2 1 2 1 2 3 2 5 6 7 6 2 1 2 4 5 6 1 2 3 5 4 5 4 1
p036-b1-t5,typed,nonlinear_backfill,6,13,1,1 2 3 4 3 8 6 4 3 1 2 3 1
p036-b1-t6,typed,linear_regression,11,16,1,1 2 3 4 5 4 3 2 6 7 8 9 10 11 3 1
p036-b1-t7,typed,nonlinear_backfill,8,18,4,1 2 3 2 3 1 2 3 2 3 4 5 7 6 9 3 4 2
p036-b1-t8,typed,nonlinear_backfill,5,13,3,2 1 2 1 2 1 2 3 1 3 4 5 3
p036-b1-t9,typed,linear_regression,3,4,3,1 2 3 1
p036-b2-t1,typed,linear_regression,2,5,2,1 2 1 2 1
p036-b2-t10,typed,linear_regression,3,13,1,1 2 1 2 1 2 3 2 1 2 3 2 1
p036-b2-t2,typed,linear_regression,3,6,2,1 2 3 2 1 2
p036-b2-t3,typed,nonlinear_skip_only,3,4,1,1 2 5 1
p036-b2-t4,typed,linear_regression,6,23,5,1 2 1 2 1 3 2 1 2 3 2 4 3 4 5 6 3 4 2 5 4 5 3
p036-b2-t5,typed,nonlinear_backfill,10,21,2,1 2 1 2 1 2 3 4 3 4 6 5 7 9 10 11 3 2 3 1 2
p036-b2-t6,typed,linear_regression,3,20,3,1 2 1 2 3 2 3 2 1 2 3 2 3 2 1 2 1 2 3 2
p036-b2-t7,typed,linear_regression,3,6,3,1 2 1 2 3 1
p036-b2-t8,typed,nonlinear_backfill,5,28,2,1 2 1 2 4 5 4 1 2 1 2 1 2 3 4 5 4 2 4 2 1 3 4 3 2 1 2 1
p036-b2-t9,typed,linear_regression,4,13,2,1 2 1 2 3 4 1 2 1 2 1 2 1
p036-b3-t1,typed,strictly_linear,4,4,4,1 2 3 4
p036-b3-t10,typed,linear_regression,5,21,2,1 2 1 2 1 2 3 2 3 2 3 2 3 2 3 4 5 4 1 2 1
p036-b3-t2,typed,linear_regression,3,5,3,1 2 3 2 3
p036-b3-t3,typed,linear_regression,3,7,1,1 2 3 2 1 3 1
p036-b3-t4,typed,nonlinear_backfill,4,16,3,1 3 1 2 3 2 3 4 3 4 3 1 2 3 4 1
p036-b3-t5,typed,linear_regression,5,9,4,1 2 3 4 3 2 3 4 5
p036-b3-t6,typed,nonlinear_backfill,5,11,2,1 6 1 2 3 4 3 2 3 2 1
p036-b3-t7,typed,nonlinear_backfill,5,9,5,2 1 2 3 4 5 4 3 1
p036-b3-t8,typed,linear_regression,3,7,1,1 2 3 2 3 2 1
p036-b3-t9,typed,linear_regression,3,17,1,1 2 1 2 3 1 2 1 2 3 2 3 2 3 1 2 1
p036-b4-t1,typed,linear_regression,4,23,2,1 2 3 2 3 2 1 2 1 3 4 3 4 3 1 2 3 4 1 3 1 2 1
p036-b4-t10,typed,nonlinear_backfill,5,10,4,1 4 2 1 3 2 5 1 4 1
p036-b4-t2,typed,strictly_linear,3,3,3,1 2 3
p036-b4-t3,typed,nonlinear_backfill,4,15,4,1 3 1 2 3 4 3 4 3 4 1 4 3 2 1
p036-b4-t4,typed,linear_regression,3,11,2,1 2 1 2 3 2 1 2 1 2 1
p036-b4-t5,typed,linear_regression,4,9,3,1 2 1 2 3 2 3 4 1
p036-b4-t6,typed,linear_regression,4,16,2,1 2 1 2 3 2 3 2 3 4 3 4 1 2 1 2
p036-b4-t7,typed,linear_regression,3,7,3,1 2 3 2 1 3 2
p036-b4-t8,typed,linear_regression,3,13,3,1 2 1 2 1 2 1 2 3 1 2 3 2
p036-b4-t9,typed,nonlinear_backfill,5,9,1,1 2 3 1 2 3 5 4 1
p036-b5-t1,typed,strictly_linear,5,5,5,1 2 3 4 5
p036-b5-t10,typed,nonlinear_skip_only,10,19,2,1 2 3 1 2 3 4 5 4 5 6 7 8 10 11 1 2 1 2
p036-b5-t2,typed,linear_regression,5,10,3,1 2 3 4 5 4 1 2 3 2
p036-b5-t3,typed,linear_regression,2,6,2,1 2 1 2 1 2
p036-b5-t4,typed,linear_regression,3,8,2,1 2 3 2 3 2 1 2
p036-b5-t6,typed,linear_regression,3,12,2,1 2 1 2 1 2 3 2 1 2 1 2
p036-b5-t7,typed,linear_regression,3,8,3,1 2 3 2 1 2 3 1
p036-b5-t8,typed,linear_regression,3,9,2,1 2 3 2 3 2 3 2 1
p036-b5-t9,typed,linear_regression,3,9,2,1 2 3 2 3 1 2 3 2
p036-b6-t1,typed,linear_regression,4,16,3,1 2 1 2 3 2 1 3 2 3 2 1 2 4 3 2
p036-b6-t10,typed,linear_regression,4,9,4,1 2 1 3 1 4 3 4 2
p036-b6-t2,typed,linear_regression,3,8,3,1 2 3 2 3 2 3 2
p036-b6-t3,typed,linear_regression,3,12,3,1 2 1 3 2 1 3 2 1 3 1 2
p036-b6-t4,typed,nonlinear_backfill,7,15,2,1 4 5 6 7 6 5 7 8 7 2 1 2 1 2
p036-b6-t5,typed,nonlinear_skip_only,7,30,1,1 2 1 2 1 2 1 2 1 2 3 2 1 2 3 2 1 2 3 2 1 2 4 3 4 7 9 11 2 1
p036-b6-t6,typed,linear_regression,5,22,5,1 2 1 3 2 3 4 1 2 1 2 1 3 4 5 4 5 4 3 4 2 3
p036-b6-t7,typed,strictly_linear,7,7,7,1 2 3 4 5 6 7
p036-b6-t8,typed,linear_regression,6,15,1,1 2 3 2 3 4 5 6 2 1 2 1 3 2 1
p036-b6-t9,typed,linear_regression,2,5,1,1 2 1 2 1
p037-b1-t10,typed,nonlinear_backfill,9,26,3,1 2 3 1 2 1 2 3 4 3 1 3 4 2 3 5 8 9 14 9 6 3 1 2 3 1
p037-b1-t2,typed,nonlinear_backfill,9,29,3,1 2 11 2 1 2 1 2 1 2 3 2 3 2 5 6 8 7 8 4 1 2 3 2 3 2 3 2 1
p037-b1-t3,typed,nonlinear_backfill,5,25,4,1 2 1 2 3 2 3 2 3 2 3 5 4 3 5 4 5 4 2 3 4 3 1 3 4
p037-b1-t4,typed,linear_regression,5,23,4,1 2 3 2 1 2 1 2 3 4 2 1 2 3 4 3 2 3 4 3 4 5 2
p037-b1-t6,typed,nonlinear_backfill,12,38,2,1 2 1 3 1 2 1 2 1 2 5 6 5 6 5 7 8 9 8 9 8 10 11 12 5 6 2 3 2 1 2 3 2 4 5 1 5 2
p037-b1-t7,typed,linear_regression,3,15,3,1 2 1 2 1 2 3 2 1 3 2 3 2 1 3
p037-b1-t8,typed,nonlinear_backfill,13,32,3,1 2 3 4 6 7 8 9 11 10 13 14 15 14 15 6 1 2 1 2 1 2 1 2 3 2 3 1 2 3 2 1
p037-b1-t9,typed,linear_regression,6,25,4,1 2 3 1 2 3 4 5 4 3 4 3 4 5 6 4 6 4 6 5 4 6 3 2 4
p037-b2-t1,typed,nonlinear_skip_only,11,21,2,1 2 1 2 1 2 3 4 5 7 8 9 11 12 13 11 3 2 3 2 1
p037-b2-t10,typed,nonlinear_skip_only,11,27,6,1 2 1 2 3 4 5 6 7 8 10 11 12 1 2 3 2 1 2 4 3 6 1 4 6 5 1
p037-b2-t2,typed,nonlinear_backfill,16,40,5,1 2 4 5 3 4 3 6 4 6 5 6 5 9 11 12 9 7 8 9 12 13 11 15 14 16 10 2 1 2 1 2 3 2 3 2 3 5 4 5
p037-b2-t3,typed,nonlinear_backfill,6,13,4,1 2 3 4 3 2 3 4 6 5 4 3 4
p037-b2-t4,typed,linear_regression,10,27,8,1 2 1 2 1 2 3 4 5 4 3 2 6 5 7 8 1 6 5 6 5 8 9 8 10 8 3
p037-b2-t5,typed,linear_regression,11,45,2,1 2 1 2 3 1 2 3 4 3 4 5 6 7 8 9 10 11 10 4 1 2 1 2 3 2 3 2 3 2 1 3 4 5 2 3 4 3 4 5 6 7 1 2 1
p037-b2-t6,typed,nonlinear_skip_only,10,24,2,1 2 1 2 1 2 3 6 7 3 2 6 8 7 9 10 11 13 2 1 2 3 2 1
p037-b2-t7,typed,nonlinear_skip_only,8,22,2,1 2 3 2 1 3 2 4 7 8 9 10 9 10 4 3 2 3 2 1 2 1
p037-b2-t8,typed,nonlinear_backfill,11,23,2,1 2 1 2 3 2 3 4 5 7 9 8 9 11 10 11 12 7 2 1 2 1 2
p037-b2-t9,typed,linear_regression,5,8,4,1 2 3 4 5 4 3 5
p037-b3-t1,typed,nonlinear_backfill,10,33,7,1 2 4 1 3 4 5 4 9 11 12 1 3 4 3 2 1 2 3 2 3 5 4 3 2 1 2 3 4 5 6 7 6
p037-b3-t10,typed,nonlinear_skip_only,12,41,4,1 2 3 1 3 2 3 2 3 4 5 6 7 8 1 6 7 8 5 6 9 10 12 14 12 7 4 2 3 4 3 6 2 1 5 1 2 1 5 4 3
p037-b3-t2,typed,nonlinear_backfill,13,42,4,1 2 3 4 3 4 5 4 5 6 2 8 7 11 10 13 14 15 14 2 1 2 4 5 4 1 3 4 3 4 3 5 4 2 3 5 4 3 4 5 4 3
p037-b3-t3,typed,nonlinear_backfill,5,8,5,1 2 5 4 1 3 4 5
p037-b3-t4,typed,nonlinear_backfill,5,7,6,1 2 4 6 5 6 4
p037-b3-t5,typed,nonlinear_backfill,7,21,7,1 2 3 4 3 4 3 2 3 4 6 1 2 4 5 6 7 6 7 6 4
p037-b3-t6,typed,nonlinear_backfill,11,26,2,1 2 1 3 4 5 6 8 9 10 11 10 5 7 5 1 2 1 3 2 3 1 2 3 2 1
p037-b3-t7,typed,nonlinear_backfill,9,12,8,1 2 1 2 3 4 3 5 7 8 9 6
p037-b3-t8,typed,linear_regression,11,22,2,1 2 3 4 3 5 6 7 8 9 10 11 5 1 2 1 2 1 2 1 2 1
p037-b3-t9,typed,nonlinear_backfill,7,23,2,1 2 1 2 1 2 1 2 1 2 3 2 3 4 5 2 7 6 5 6 2 1 2
p037-b4-t1,typed,nonlinear_backfill,12,28,2,1 2 1 3 2 3 4 5 7 10 12 14 15 12 6 3 1 15 11 1 3 2 5 4 5 2 3 1
p037-b4-t10,typed,nonlinear_backfill,6,15,4,1 2 1 2 5 4 1 2 4 5 6 5 4 3 2
p037-b4-t2,typed,nonlinear_backfill,10,21,1,1 3 4 6 5 6 5 6 7 9 8 10 4 3 2 3 2 3 1 2 1
p037-b4-t3,typed,nonlinear_backfill,10,21,9,1 4 3 1 2 5 6 5 1 6 7 9 8 7 9 8 9 8 10 8 9
p037-b4-t4,typed,nonlinear_backfill,10,19,7,1 2 1 2 1 2 1 2 3 4 5 7 8 9 11 7 6 7 4
p037-b4-t5,typed,nonlinear_backfill,9,21,3,1 2 4 5 6 5 6 7 2 3 1 6 8 7 9 1 2 3 2 3 2
p037-b4-t6,typed,nonlinear_backfill,14,34,4,1 2 1 3 2 4 5 4 3 1 2 3 2 5 7 8 9 8 10 11 7 11 9 11 12 13 14 13 6 4 2 3 4 1
p037-b4-t7,typed,nonlinear_skip_only,13,24,3,1 2 3 4 5 6 7 8 9 12 13 14 15 2 1 4 3 4 5 6 7 1 2 3
p037-b4-t8,typed,nonlinear_backfill,13,31,2,1 2 1 5 3 2 1 3 4 6 7 8 9 11 12 13 11 10 8 6 4 3 2 1 2 1 2 1 2 3 1
p037-b4-t9,typed,nonlinear_backfill,14,35,4,1 4 3 2 4 3 4 5 8 7 9 10 11 10 13 14 13 14 15 13 7 6 5 4 5 4 5 4 5 4 5 4 3 2 1
p037-b5-t1,typed,nonlinear_backfill,9,9,9,1 2 3 4 5 7 10 9 6
p037-b5-t10,typed,nonlinear_backfill,14,59,6,1 2 1 2 3 5 6 8 7 6 7 6 7 9 8 9 10 12 13 14 11 10 9 8 9 8 6 7 6 7 6 5 3 2 3 2 1 2 1 2 1 3 4 5 7 6 3 1 6 5 6 7 9 7 8 9 6 4 5
p037-b5-t2,typed,nonlinear_backfill,15,25,4,1 2 4 5 4 5 7 6 8 9 8 7 10 9 12 13 14 15 16 15 12 9 4 3 4
p037-b5-t3,typed,nonlinear_backfill,14,34,3,1 2 1 2 4 1 3 2 4 5 6 7 9 8 9 10 8 9 10 11 12 13 12 14 13 8 3 2 3 2 1 3 4 1
p037-b5-t4,typed,nonlinear_backfill,5,9,2,1 3 2 4 5 3 4 2 1
p037-b5-t5,typed,nonlinear_backfill,10,16,9,1 2 1 2 3 2 3 4 5 9 10 9 8 11 12 8
p037-b5-t6,typed,linear_regression,14,31,5,1 2 1 2 3 2 3 4 5 4 5 6 7 8 9 8 9 10 11 12 13 14 6 4 3 2 1 3 4 5 2
p037-b5-t7,typed,nonlinear_backfill,10,25,1,1 2 3 2 3 5 4 1 2 3 4 5 6 5 6 7 8 7 9 10 2 1 2 3 1
p037-b5-t8,typed,nonlinear_backfill,13,32,3,1 2 3 4 6 8 9 11 10 12 13 14 12 14 13 12 11 12 14 6 4 5 6 1 2 1 2 3 2 3 1 3
p037-b5-t9,typed,nonlinear_backfill,7,20,5,1 4 1 2 3 1 3 4 5 6 5 4 6 5 6 7 5 4 2 3
p037-b6-t1,typed,linear_regression,9,11,4,1 2 3 4 5 6 7 8 9 3 4
p037-b6-t10,typed,nonlinear_backfill,11,23,1,1 2 3 4 5 4 1 5 11 12 10 9 10 6 3 1 2 3 4 5 7 6 1
p037-b6-t2,typed,nonlinear_backfill,12,38,3,1 2 1 3 4 7 6 5 8 7 10 11 12 13 11 12 10 6 8 7 6 7 5 4 3 2 5 4 5 7 2 1 7 6 5 4 3 1
p037-b6-t3,typed,nonlinear_backfill,7,15,2,1 2 1 2 1 2 1 4 5 6 7 5 3 2 1
p037-b6-t4,typed,nonlinear_skip_only,5,20,3,1 2 1 2 1 2 1 2 3 4 7 1 3 4 3 2 1 2 3 1
p037-b6-t5,typed,nonlinear_backfill,10,29,5,1 2 1 2 3 6 5 1 5 6 7 10 9 8 9 10 4 1 2 1 2 3 4 5 4 5 6 5 1
p037-b6-t6,typed,nonlinear_backfill,12,20,6,1 3 4 3 4 3 2 4 5 6 7 8 9 10 9 10 11 12 11 6
p037-b6-t7,typed,linear_regression,2,4,2,1 2 1 2
p037-b6-t8,typed,nonlinear_backfill,12,19,13,1 3 2 1 2 3 4 5 6 7 8 9 8 1 9 10 11 13 9
p037-b6-t9,typed,linear_regression,9,32,4,1 2 3 2 1 2 1 2 3 4 5 1 4 3 1 3 5 4 3 4 5 1 4 1 3 4 6 4 7 8 9 3
p038-b1-t1,typed,linear_regression,2,5,2,1 2 1 2 1
p038-b1-t10,typed,nonlinear_backfill,7,8,4,2 3 4 5 7 6 4 1
p038-b1-t2,typed,linear_regression,4,8,3,1 2 1 2 3 4 3 2
p038-b1-t3,typed,nonlinear_skip_only,5,10,4,1 2 4 5 6 4 6 4 2 4
p038-b1-t4,typed,nonlinear_backfill,7,17,3,4 3 2 1 3 2 3 4 3 6 10 9 4 3 4 3 1
p038-b1-t5,typed,nonlinear_backfill,9,13,6,1 2 5 4 5 7 9 8 10 6 5 6 5
p038-b1-t6,typed,nonlinear_backfill,7,10,4,1 3 4 5 4 7 9 3 4 2
p038-b1-t7,typed,linear_regression,6,8,3,1 2 3 4 5 6 3 1
p038-b1-t8,typed,nonlinear_backfill,9,15,2,2 1 2 3 2 3 4 5 6 7 8 9 2 1 2
p038-b1-t9,typed,nonlinear_backfill,7,12,2,1 2 3 2 5 4 5 6 7 3 2 1
p038-b2-t1,typed,linear_regression,2,3,2,1 2 1
p038-b2-t10,typed,nonlinear_skip_only,4,10,5,1 3 4 3 4 5 4 5 4 1
p038-b2-t2,typed,nonlinear_skip_only,8,13,8,1 2 3 2 4 5 7 8 7 9 8 7 4
p038-b2-t3,typed,nonlinear_skip_only,3,6,4,1 3 4 3 4 1
p038-b2-t4,typed,nonlinear_backfill,8,21,2,1 2 3 4 6 4 5 3 7 8 7 2 1 2 1 2 1 2 1 2 1
p038-b2-t5,typed,linear_regression,3,8,2,1 2 1 2 3 2 1 2
p038-b2-t6,typed,nonlinear_backfill,10,13,7,1 5 6 5 9 11 13 12 8 6 7 6 3
p038-b2-t8,typed,nonlinear_skip_only,6,8,1,1 2 3 4 5 7 2 1
p038-b3-t1,typed,linear_regression,5,9,5,1 2 3 4 5 3 4 2 3
p038-b3-t10,typed,strictly_linear,1,1,1,1
p038-b3-t2,typed,nonlinear_skip_only,7,9,2,1 2 3 4 5 7 8 2 1
p038-b3-t3,typed,nonlinear_backfill,6,12,4,1 3 5 4 3 1 5 8 11 5 4 1
p038-b3-t4,typed,nonlinear_backfill,8,11,2,1 2 4 6 7 8 7 9 3 2 1
p038-b3-t5,typed,nonlinear_backfill,14,21,5,1 5 6 10 13 12 14 15 16 13 6 4 2 5 6 8 9 8 9 11 5
p038-b3-t6,typed,nonlinear_backfill,3,5,1,1 3 1 2 1
p038-b3-t7,typed,nonlinear_backfill,6,7,6,1 6 7 8 9 6 5
p038-b3-t8,typed,nonlinear_backfill,7,9,5,1 3 2 4 5 6 7 5 4
p038-b3-t9,typed,strictly_linear,1,1,1,1
p038-b4-t1,typed,linear_regression,3,5,2,1 2 3 2 1
p038-b4-t10,typed,linear_regression,2,3,1,1 2 1
p038-b4-t3,typed,nonlinear_backfill,10,19,7,1 2 3 4 7 8 9 10 7 6 5 6 3 1 4 6 7 6 4
p038-b4-t5,typed,nonlinear_backfill,11,12,8,1 2 4 3 5 6 9 10 11 14 10 8
p038-b4-t6,typed,nonlinear_backfill,4,7,4,1 3 1 2 3 4 1
p038-b4-t7,typed,nonlinear_backfill,5,6,4,1 4 5 8 4 2
p038-b4-t9,typed,nonlinear_backfill,9,12,1,1 2 3 4 5 7 9 11 10 4 2 1
p038-b5-t1,typed,nonlinear_skip_only,2,3,1,1 4 1
p038-b5-t2,typed,linear_regression,8,15,5,1 2 3 4 5 6 7 5 6 7 8 7 5 6 4
p038-b5-t3,typed,nonlinear_backfill,5,6,6,2 1 4 5 7 4
p038-b5-t4,typed,linear_regression,2,3,1,1 2 1
p038-b5-t6,typed,strictly_linear,1,1,1,1
p038-b5-t7,typed,nonlinear_backfill,8,12,5,1 4 5 8 5 6 8 9 11 12 4 5
p038-b5-t8,typed,linear_regression,6,8,4,1 2 3 4 5 6 4 3
p038-b5-t9,typed,nonlinear_backfill,12,19,2,2 3 5 6 7 9 8 9 10 12 9 11 12 13 15 6 5 3 2
p038-b6-t1,typed,linear_regression,3,6,2,1 2 3 1 2 1
p038-b6-t10,typed,nonlinear_skip_only,3,3,4,1 3 4
p038-b6-t2,typed,nonlinear_backfill,5,6,3,2 1 3 4 6 3
p038-b6-t3,typed,linear_regression,4,6,3,1 2 3 4 3 2
p038-b6-t4,typed,nonlinear_skip_only,3,3,4,1 2 4
p038-b6-t5,typed,linear_regression,3,6,3,1 2 3 2 3 2
p038-b6-t8,typed,nonlinear_skip_only,3,4,6,1 5 6 5
p038-b6-t9,typed,nonlinear_skip_only,5,8,6,1 3 4 6 7 6 4 6
p039-b1-t10,typed,linear_regression,5,26,4,1 2 3 4 3 2 1 3 4 5 4 1 2 1 4 2 1 2 1 3 4 5 4 3 4 2
p039-b1-t2,typed,linear_regression,12,23,2,1 2 3 4 5 4 5 6 7 8 9 10 11 12 7 3 2 3 4 3 2 1 2
p039-b1-t3,typed,nonlinear_backfill,13,30,1,1 2 4 3 4 5 6 5 7 8 9 8 9 10 11 12 13 1 2 1 2 1 2 3 4 5 6 1 2 1
p039-b1-t4,typed,nonlinear_backfill,17,25,7,1 2 3 2 3 4 5 6 7 8 7 8 9 10 11 10 11 12 13 14 15 17 16 10 7
p039-b1-t5,typed,nonlinear_backfill,11,19,1,1 2 3 1 3 4 6 7 6 8 9 12 13 11 4 2 1 2 1
p039-b1-t6,typed,nonlinear_skip_only,11,19,1,1 2 1 2 3 4 3 2 4 5 6 7 8 10 11 12 5 2 1
p039-b1-t7,typed,nonlinear_skip_only,7,26,1,1 2 1 2 3 2 1 4 3 5 7 8 5 4 3 1 2 1 2 1 2 3 4 1 2 1
p039-b1-t8,typed,nonlinear_backfill,12,25,1,1 2 3 2 3 4 3 5 6 7 8 9 11 10 11 12 11 5 7 8 7 3 5 3 1
p039-b2-t1,typed,nonlinear_backfill,8,29,1,1 2 1 2 3 2 1 2 3 4 2 1 4 3 2 1 2 3 7 5 6 7 8 4 3 2 1 2 1
p039-b2-t2,typed,nonlinear_skip_only,9,31,3,1 2 1 2 3 2 1 2 4 3 4 3 4 5 6 8 9 10 3 2 3 4 3 4 3 2 3 4 3 2 1
p039-b2-t3,typed,nonlinear_skip_only,7,13,1,1 2 3 4 1 4 3 4 5 6 8 2 1
p039-b2-t4,typed,nonlinear_backfill,4,27,4,1 2 4 1 3 1 2 3 4 3 4 3 2 3 1 4 3 2 1 3 2 3 2 3 4 3 2
p039-b2-t7,typed,linear_regression,7,34,3,1 2 3 4 3 2 3 2 3 2 3 4 5 3 5 4 5 6 7 6 3 6 7 3 2 3 2 3 2 1 2 3 2 1
p039-b2-t8,typed,nonlinear_skip_only,4,12,1,1 2 1 3 1 2 3 2 5 3 1 2
p039-b2-t9,typed,nonlinear_backfill,5,25,2,4 1 2 1 2 3 5 1 2 1 3 4 5 4 5 2 1 2 1 2 1 2 1 2 1
p039-b3-t1,typed,nonlinear_backfill,7,23,5,1 3 4 3 2 1 3 2 1 2 3 4 5 4 5 1 2 6 5 6 7 5 2
p039-b3-t2,typed,nonlinear_backfill,10,41,2,1 2 1 2 1 2 1 2 3 2 3 4 5 3 2 1 2 4 5 4 5 7 6 8 10 12 4 2 1 2 4 5 4 2 4 5 2 1 2 1 2
p039-b3-t3,typed,nonlinear_backfill,9,26,5,1 2 1 3 4 5 6 4 3 1 3 4 5 4 3 4 5 6 7 9 8 9 5 4 5 3
p039-b3-t4,typed,nonlinear_backfill,12,38,3,1 2 3 2 3 2 3 2 3 2 3 4 5 4 7 6 5 6 8 9 10 11 12 6 5 3 2 1 2 3 2 3 2 3 2 3 1 3
p039-b3-t5,typed,linear_regression,9,28,1,1 2 1 2 1 2 3 2 3 4 3 2 1 2 3 2 3 4 5 6 7 8 9 8 7 1 3 1
p039-b3-t7,typed,nonlinear_backfill,7,22,3,1 2 3 1 3 1 2 3 2 3 6 5 6 7 9 3 1 3 1 3 1 3
p039-b3-t8,typed,linear_regression,9,38,7,1 2 3 4 5 6 7 8 7 5 4 6 7 8 9 6 4 5 6 7 8 7 5 6 7 6 5 4 3 2 6 5 7 8 6 7 4 2
p039-b3-t9,typed,nonlinear_skip_only,7,23,1,1 2 1 2 1 3 2 3 2 1 2 3 4 3 4 6 7 6 8 6 4 2 1
p039-b4-t1,typed,linear_regression,5,13,1,1 2 1 2 1 2 1 3 2 3 4 5 1
p039-b4-t10,typed,nonlinear_skip_only,7,12,1,1 3 4 5 6 7 9 6 7 6 4 1
p039-b4-t4,typed,nonlinear_backfill,11,41,4,2 1 3 4 5 3 4 5 6 7 6 7 8 7 8 9 10 11 6 5 3 5 6 7 3 1 3 4 7 5 3 4 5 3 4 5 6 4 3 4 3
p039-b4-t5,typed,nonlinear_backfill,9,11,1,1 2 3 4 5 7 6 9 12 2 1
p039-b5-t10,typed,linear_regression,5,33,5,1 2 1 2 1 2 3 2 3 2 3 4 5 4 5 4 3 5 4 3 4 5 3 5 3 5 3 5 4 3 2 5 2
p039-b5-t3,typed,nonlinear_skip_only,12,22,5,1 2 3 4 5 1 5 1 5 4 5 6 8 9 10 11 12 11 12 13 5 4
p039-b5-t4,typed,nonlinear_skip_only,10,20,1,1 2 3 4 3 4 1 4 6 7 8 9 10 13 9 7 8 9 3 1
p039-b5-t5,typed,nonlinear_skip_only,7,23,3,1 2 1 2 3 2 3 2 3 4 6 7 8 3 2 3 2 3 2 3 2 3 1
p039-b5-t7,typed,nonlinear_skip_only,6,14,5,1 2 3 1 2 1 2 3 4 5 8 2 5 2
p039-b5-t8,typed,nonlinear_backfill,11,24,2,1 2 1 2 3 2 3 2 3 4 5 4 2 4 7 8 10 8 9 10 11 12 3 2
p039-b5-t9,typed,nonlinear_skip_only,9,23,4,1 2 1 2 3 2 3 4 5 4 5 6 7 9 11 7 6 5 3 4 5 4 2
p039-b6-t10,typed,linear_regression,12,36,2,1 2 1 3 4 2 1 2 1 4 3 4 5 4 5 4 6 7 8 7 8 9 8 9 10 11 12 7 6 4 5 1 2 1 2 1
p039-b6-t3,typed,nonlinear_skip_only,5,18,2,1 2 3 1 2 1 2 3 2 1 2 3 1 6 7 1 2 1
p039-b6-t4,typed,linear_regression,8,26,5,1 2 3 4 5 3 2 3 4 6 5 6 7 8 7 5 4 5 7 5 7 8 7 4 3 5
p039-b6-t5,typed,nonlinear_skip_only,6,17,1,1 2 1 2 3 2 1 3 2 3 4 6 7 6 4 3 1
p039-b6-t7,typed,linear_regression,7,33,2,1 2 3 4 3 2 3 4 3 4 5 6 7 6 5 4 3 2 1 2 3 5 6 7 1 2 1 2 3 4 5 2 1
p039-b6-t8,typed,nonlinear_backfill,5,21,1,1 2 3 1 2 1 2 1 2 3 2 3 1 3 5 1 4 5 1 2 1
p039-b6-t9,typed,linear_regression,11,48,3,1 2 1 2 3 4 5 4 5 6 7 8 9 6 4 1 2 3 2 1 3 2 3 2 1 3 4 5 6 7 8 9 10 11 8 2 3 1 2 3 1 2 1 2 1 2 3 1
p040-b1-t1,typed,nonlinear_backfill,12,21,5,1 2 1 3 1 3 4 5 6 8 9 11 12 14 7 8 6 5 4 3 6
p040-b1-t10,typed,nonlinear_backfill,13,32,2,1 2 1 2 1 2 1 2 3 5 6 7 8 9 11 12 13 14 10 11 6 5 2 1 2 3 2 1 2 1 2 1
p040-b1-t2,typed,nonlinear_skip_only,11,19,10,1 2 3 2 1 2 5 6 5 6 7 8 9 10 11 12 11 10 7
p040-b1-t3,typed,linear_regression,4,10,4,1 2 1 2 3 4 2 4 3 1
p040-b1-t4,typed,linear_regression,4,8,3,1 2 3 2 3 4 3 1
p040-b1-t5,typed,linear_regression,6,16,4,1 2 1 2 3 4 3 4 2 1 5 4 6 5 4 3
p040-b1-t6,typed,nonlinear_backfill,12,20,1,1 2 1 2 3 4 5 6 7 8 9 10 9 12 11 12 11 5 4 1
p040-b1-t7,typed,linear_regression,14,21,13,1 2 3 4 5 6 5 6 5 7 8 9 10 11 12 13 14 12 13 8 9
p040-b1-t8,typed,linear_regression,6,11,5,1 2 1 2 3 4 5 4 5 4 6
p040-b1-t9,typed,nonlinear_backfill,11,35,9,1 2 1 2 3 4 5 6 7 6 7 6 8 10 9 8 6 7 5 3 5 4 5 10 13 9 10 8 7 10 9 10 7 8 9
p040-b2-t1,typed,linear_regression,3,6,3,1 2 3 2 3 2
p040-b2-t10,typed,linear_regression,6,11,1,1 2 1 2 3 4 5 6 1 2 1
p040-b2-t2,typed,nonlinear_backfill,10,27,4,2 1 2 1 2 1 2 3 2 3 4 3 4 6 7 8 9 10 11 6 2 3 1 2 3 2 4
p040-b2-t3,typed,nonlinear_backfill,6,24,6,1 2 4 1 3 1 2 1 2 1 4 3 5 6 5 6 5 6 4 6 5 6 4 5
p040-b2-t4,typed,nonlinear_backfill,7,16,1,1 2 1 4 2 1 3 4 5 4 6 7 5 1 2 1
p040-b2-t5,typed,nonlinear_backfill,6,18,5,2 1 3 4 5 1 2 1 3 4 5 4 5 4 5 3 4 6
p040-b2-t6,typed,linear_regression,5,18,2,1 2 1 2 1 2 1 2 1 3 4 5 4 2 1 2 1 2
p040-b2-t7,typed,nonlinear_backfill,9,37,4,1 2 3 4 7 4 3 4 6 4 7 6 5 6 7 8 7 5 4 6 5 6 5 8 9 8 5 7 6 4 6 5 6 5 4 3 4
p040-b2-t8,typed,nonlinear_skip_only,10,17,4,1 2 1 2 3 4 5 7 8 9 10 11 7 5 4 3 4
p040-b2-t9,typed,nonlinear_skip_only,5,9,4,1 2 1 3 4 1 4 3 7
p040-b3-t1,typed,linear_regression,4,8,1,1 2 1 2 3 4 3 1
p040-b3-t10,typed,linear_regression,12,41,4,1 2 1 3 4 3 4 3 4 5 6 5 4 5 6 5 6 7 6 7 8 9 10 11 12 10 8 9 8 9 7 5 4 5 6 5 4 1 3 4 1
p040-b3-t2,typed,nonlinear_backfill,8,15,1,1 2 3 5 6 9 8 9 6 5 4 2 1 2 1
p040-b3-t3,typed,nonlinear_backfill,15,30,5,1 2 3 4 3 7 8 9 10 13 12 13 14 15 11 13 15 7 8 4 5 4 3 4 5 4 5 6 5 4
p040-b3-t4,typed,linear_regression,12,26,6,1 2 1 3 4 3 4 3 2 4 3 5 4 5 6 7 6 7 8 9 10 11 12 8 6 4
p040-b3-t5,typed,nonlinear_backfill,12,33,2,1 2 1 2 3 4 3 4 5 6 8 7 8 9 8 9 10 11 12 9 8 6 4 5 4 2 1 2 1 2 3 2 1
p040-b3-t6,typed,nonlinear_backfill,11,27,5,2 1 2 3 4 5 6 5 6 7 9 10 11 10 13 9 6 7 6 7 6 5 4 5 4 3 4
p040-b3-t7,typed,nonlinear_backfill,8,17,1,1 3 4 3 4 3 4 3 4 7 8 10 6 5 4 3 1
p040-b3-t8,typed,nonlinear_backfill,6,8,4,1 4 5 4 1 2 6 3
p040-b3-t9,typed,nonlinear_backfill,12,22,3,1 2 1 2 3 4 5 6 7 9 10 12 11 7 8 3 1 2 3 4 3 1
p040-b4-t1,typed,linear_regression,5,6,5,1 2 3 4 5 3
p040-b4-t10,typed,nonlinear_backfill,12,41,2,1 2 3 2 1 2 1 2 1 2 1 2 3 2 1 3 2 3 4 7 6 7 8 9 10 12 11 12 13 11 12 11 9 10 9 6 2 3 2 1 2
p040-b4-t2,typed,nonlinear_backfill,11,21,9,1 2 4 5 6 7 8 10 9 10 11 12 9 10 9 10 11 10 9 8 9
p040-b4-t3,typed,nonlinear_backfill,12,33,3,1 2 1 2 1 3 1 2 3 1 3 2 1 3 5 6 7 8 9 10 11 12 4 3 2 3 4 3 4 2 1 2 3
p040-b4-t4,typed,linear_regression,9,24,2,1 2 1 2 3 4 5 6 5 6 7 8 9 2 1 2 1 2 1 2 3 2 3 2
p040-b4-t5,typed,nonlinear_backfill,12,18,8,1 2 1 2 3 4 6 5 6 7 8 9 8 7 10 12 11 12
p040-b4-t6,typed,linear_regression,9,28,3,1 2 1 2 3 4 5 4 6 5 6 5 6 7 6 8 7 9 8 3 2 3 4 3 4 3 2 3
p040-b4-t7,typed,linear_regression,11,23,4,1 2 3 4 5 6 7 8 7 8 9 10 9 11 3 2 3 2 4 6 5 4 1
p040-b4-t8,typed,linear_regression,4,12,3,1 2 1 2 3 4 3 1 3 4 3 2
p040-b4-t9,typed,linear_regression,10,18,1,1 2 3 4 5 6 7 8 7 8 9 10 6 4 1 2 1 4
p040-b5-t1,typed,nonlinear_backfill,12,25,3,1 2 3 2 3 4 6 7 8 9 10 11 13 7 6 7 5 3 2 1 2 1 3 1 3
p040-b5-t10,typed,nonlinear_skip_only,11,20,2,1 2 1 2 1 2 1 3 4 3 5 6 7 8 10 11 12 4 2 1
p040-b5-t2,typed,linear_regression,6,10,6,1 2 1 2 1 2 3 4 5 6
p040-b5-t3,typed,nonlinear_skip_only,11,25,2,1 2 1 2 1 2 3 4 3 4 6 7 8 7 8 9 10 11 12 3 1 2 3 2 1
p040-b5-t4,typed,nonlinear_backfill,9,14,11,1 3 1 4 3 5 6 8 10 11 10 9 11 8
p040-b5-t5,typed,linear_regression,9,21,5,1 2 1 2 3 2 3 4 3 4 3 5 6 7 4 5 8 9 3 4 3
p040-b5-t6,typed,nonlinear_backfill,9,19,1,1 2 1 2 3 6 7 9 10 11 10 6 3 4 3 4 3 1 3
p040-b5-t7,typed,linear_regression,12,24,2,1 2 3 2 4 5 6 7 8 9 10 9 11 12 6 7 5 2 1 2 1 3 1 3
p040-b5-t8,typed,linear_regression,3,8,2,1 2 1 3 2 1 2 1
p040-b5-t9,typed,nonlinear_backfill,9,20,5,1 3 1 4 5 4 5 6 1 2 4 5 6 7 8 9 8 5 4 2
p040-b6-t1,typed,nonlinear_backfill,10,24,5,1 2 1 3 4 5 6 9 10 6 5 6 10 7 6 10 12 5 4 5 6 5 4 2
p040-b6-t10,typed,linear_regression,12,29,2,1 2 3 4 5 6 7 8 9 10 11 10 12 11 8 5 4 5 4 3 2 1 2 1 2 1 2 1 2
p040-b6-t2,typed,nonlinear_backfill,9,11,10,1 4 5 4 3 5 6 8 9 10 7
p040-b6-t3,typed,nonlinear_backfill,11,21,10,1 3 2 3 4 5 3 6 4 6 5 6 5 4 7 8 9 10 11 10 7
p040-b6-t4,typed,linear_regression,11,24,2,1 2 3 4 5 6 5 7 6 7 8 9 10 11 1 2 1 2 3 2 1 2 1 2
p040-b6-t5,typed,linear_regression,15,28,2,1 2 1 2 3 2 4 5 6 7 8 9 8 9 10 11 12 13 14 15 10 4 5 2 1 2 3 1
p040-b6-t6,typed,linear_regression,12,26,7,1 2 1 2 3 4 5 6 7 8 7 8 7 8 9 10 11 12 6 7 6 7 6 7 6 7
p040-b6-t7,typed,linear_regression,6,11,6,1 2 1 3 2 3 4 5 6 3 4
p040-b6-t8,typed,nonlinear_skip_only,11,20,4,1 2 1 2 3 4 5 7 8 9 12 13 14 4 2 1 2 3 4 1
p040-b6-t9,typed,nonlinear_backfill,8,11,7,1 2 1 2 4 5 6 7 3 7 8
p041-b1-t1,typed,nonlinear_backfill,3,3,5,3 1 5
p041-b1-t5,typed,nonlinear_backfill,9,16,10,1 5 4 12 10 8 9 10 5 3 5 9 8 11 12 8
p041-b1-t6,typed,nonlinear_backfill,9,13,1,6 5 4 5 9 10 9 11 10 12 2 4 1
p041-b1-t8,typed,nonlinear_backfill,4,7,1,2 4 5 2 1 2 1
p041-b2-t10,typed,nonlinear_backfill,4,9,2,1 4 1 2 1 2 1 2 3
p041-b2-t2,typed,nonlinear_backfill,9,12,8,2 1 3 6 5 8 7 9 8 9 8 4
p041-b2-t4,typed,nonlinear_backfill,3,13,2,1 3 2 1 3 1 3 2 1 2 1 2 1
p041-b2-t5,typed,nonlinear_backfill,7,13,1,1 3 2 1 2 3 5 6 7 4 1 2 1
p041-b2-t6,typed,linear_regression,2,21,1,1 2 1 2 1 2 1 2 1 2 1 2 1 2 1 2 1 2 1 2 1
p041-b2-t7,typed,nonlinear_backfill,7,18,9,1 2 1 2 1 2 6 10 11 10 9 10 9 8 9 8 10 8
p041-b2-t8,typed,nonlinear_skip_only,3,7,1,1 2 1 2 1 4 1
p041-b2-t9,typed,nonlinear_backfill,6,8,5,6 7 8 9 5 6 5 2
p041-b3-t1,typed,nonlinear_backfill,4,7,1,1 5 3 2 1 3 1
p041-b3-t10,typed,strictly_linear,1,1,1,1
p041-b3-t2,typed,linear_regression,3,16,3,1 2 1 3 1 3 2 3 1 3 1 2 1 3 1 3
p041-b3-t3,typed,nonlinear_backfill,3,7,2,1 3 2 3 1 2 3
p041-b3-t4,typed,strictly_linear,1,1,3,3
p041-b3-t5,typed,nonlinear_skip_only,4,8,3,1 4 5 4 5 4 6 5
p041-b3-t6,typed,nonlinear_skip_only,2,3,1,1 3 1
p041-b3-t7,typed,nonlinear_backfill,13,29,1,1 4 1 3 4 1 2 6 5 7 11 12 11 12 10 14 13 9 11 13 11 10 4 3 1 3 1 3 2
p041-b3-t8,typed,nonlinear_backfill,5,18,2,1 3 1 2 3 1 3 2 3 1 2 1 4 5 4 3 2 3
p041-b4-t1,typed,strictly_linear,1,1,1,1
p041-b4-t2,typed,nonlinear_backfill,8,16,9,1 4 3 4 5 4 3 2 3 4 3 4 8 11 8 9
p041-b4-t3,typed,nonlinear_skip_only,2,3,1,1 8 1
p041-b4-t5,typed,strictly_linear,1,1,1,1
p041-b4-t6,typed,nonlinear_skip_only,3,4,1,2 6 2 9
p041-b4-t8,typed,nonlinear_backfill,4,7,2,1 5 3 5 6 5 1
p041-b5-t1,typed,nonlinear_skip_only,3,8,1,1 3 1 3 1 3 1 4
p041-b5-t10,typed,strictly_linear,1,1,1,1
p041-b5-t4,typed,nonlinear_backfill,9,31,5,1 2 1 4 1 2 1 2 3 1 2 4 3 4 3 4 5 6 5 6 5 9 8 5 6 7 6 8 5 6 5
p041-b5-t5,typed,linear_regression,6,21,7,4 5 4 5 6 5 7 6 7 8 6 7 8 9 6 8 7 8 5 7 6
p041-b5-t6,typed,nonlinear_backfill,7,17,7,1 3 1 3 1 2 1 5 6 5 6 8 6 7 6 2 6
p041-b5-t7,typed,nonlinear_backfill,4,9,1,1 3 1 2 1 2 1 4 1
p041-b5-t9,typed,nonlinear_skip_only,3,6,1,1 3 1 3 4 1
p041-b6-t1,typed,nonlinear_skip_only,3,5,1,1 3 1 4 1
p041-b6-t10,typed,nonlinear_backfill,6,26,5,1 2 3 2 1 2 5 2 1 6 1 2 1 2 4 5 4 5 4 1 5 6 3 4 1 3
p041-b6-t2,typed,nonlinear_backfill,9,24,9,1 2 1 2 1 2 1 2 1 3 2 1 6 5 4 6 9 10 9 10 9 10 9 7
p041-b6-t3,typed,nonlinear_backfill,12,24,7,1 2 1 2 1 4 5 6 8 7 11 10 11 12 2 8 7 9 8 9 8 7 4 3
p041-b6-t4,typed,nonlinear_backfill,7,18,6,1 6 5 7 8 6 5 7 6 5 6 5 6 5 7 8 3 2
p041-b6-t5,typed,linear_regression,2,3,1,1 2 1
p041-b6-t6,typed,nonlinear_backfill,2,4,2,2 1 2 1
p041-b6-t7,typed,strictly_linear,1,1,1,1
p041-b6-t8,typed,nonlinear_backfill,11,40,5,1 4 1 8 9 8 9 6 5 11 8 7 8 2 4 6 5 8 1 8 10 8 9 3 1 5 3 4 3 4 3 2 3 4 7 3 4 5 6 2
p041-b6-t9,typed,nonlinear_backfill,4,11,2,1 2 1 4 2 1 3 1 2 3 1
p042-b1-t1,typed,nonlinear_backfill,8,14,1,1 3 4 5 6 7 8 1 2 3 2 3 4 1
p042-b1-t10,typed,nonlinear_backfill,8,25,1,1 2 1 2 4 3 4 5 2 3 2 1 2 4 8 9 11 4 1 2 4 3 4 2 1
p042-b1-t2,typed,linear_regression,4,12,3,1 2 3 2 3 4 3 1 4 3 1 3
p042-b1-t3,typed,nonlinear_backfill,11,43,2,1 2 1 4 5 4 5 6 7 8 7 8 9 8 9 11 10 8 11 10 6 3 4 3 7 6 7 6 7 6 7 8 7 8 3 2 3 2 3 5 2 1 2
p042-b1-t4,typed,linear_regression,12,22,4,1 2 1 2 3 4 5 6 7 8 9 10 11 12 5 1 2 3 4 1 4 1
p042-b1-t5,typed,nonlinear_backfill,8,30,2,2 1 2 3 2 3 1 3 2 3 2 3 4 6 7 8 9 2 1 2 1 2 1 2 1 2 1 2 3 2
p042-b1-t6,typed,linear_regression,5,37,4,1 2 1 2 1 2 3 2 3 2 4 3 4 5 4 5 4 5 1 5 2 4 5 4 3 2 4 3 5 4 5 4 5 3 5 3 4
p042-b1-t7,typed,linear_regression,6,25,1,1 2 1 2 3 4 5 6 5 6 4 3 2 4 3 4 2 3 1 2 1 2 1 2 1
p042-b1-t8,typed,nonlinear_backfill,4,6,2,2 1 4 2 3 2
p042-b1-t9,typed,linear_regression,6,36,3,1 2 1 2 1 2 3 4 1 4 5 6 5 6 1 2 1 2 3 1 3 4 3 2 1 2 1 2 1 3 2 3 2 1 3 1
p042-b2-t1,typed,nonlinear_backfill,9,19,1,1 2 1 3 4 1 3 4 5 7 6 8 6 7 8 9 8 4 1
p042-b2-t10,typed,linear_regression,10,25,9,1 2 1 2 1 2 3 2 3 4 5 6 7 8 9 8 9 10 9 10 9 8 5 3 4
p042-b2-t2,typed,nonlinear_backfill,12,42,4,1 2 1 2 3 2 4 3 2 3 4 3 4 5 6 8 10 9 8 9 10 11 12 11 10 11 10 9 10 12 13 12 9 8 6 5 2 3 4 1 4 1
p042-b2-t3,typed,nonlinear_backfill,15,38,4,1 2 1 2 1 2 1 3 4 3 1 5 6 7 8 9 12 13 15 13 14 10 13 14 11 8 5 4 5 4 1 3 4 1 2 3 4 1
p042-b2-t4,typed,nonlinear_backfill,14,30,5,1 2 1 3 4 7 6 5 6 7 5 8 9 11 15 14 15 14 16 9 10 9 10 7 6 4 2 3 5 1
p042-b2-t5,typed,nonlinear_backfill,8,12,2,1 2 3 4 7 6 5 8 1 2 1 2
p042-b2-t6,typed,nonlinear_backfill,9,38,1,1 2 3 4 2 1 4 5 7 8 9 8 7 6 3 1 2 1 3 2 3 4 5 3 4 3 2 1 3 4 1 2 1 2 1 2 1 3
p042-b2-t7,typed,nonlinear_backfill,12,33,9,1 2 1 2 3 1 6 5 7 9 12 14 13 12 13 12 13 9 8 9 8 9 8 10 8 7 9 10 9 5 6 7 5
p042-b2-t8,typed,linear_regression,9,35,2,1 2 1 3 2 1 2 1 2 1 2 1 2 1 4 3 4 3 4 5 6 7 8 9 8 7 8 9 1 2 3 2 1 2 1
p042-b2-t9,typed,linear_regression,7,28,6,1 2 1 2 3 4 5 4 5 6 7 3 2 3 4 7 1 7 6 4 5 6 7 6 7 6 5 2
p042-b3-t1,typed,nonlinear_skip_only,10,17,2,1 2 3 4 1 6 7 6 8 9 11 12 6 1 2 1 2
p042-b3-t10,typed,nonlinear_backfill,6,19,4,1 2 1 2 1 2 4 3 4 5 6 3 4 1 2 1 2 4 1
p042-b3-t2,typed,nonlinear_backfill,11,33,3,1 2 1 2 1 2 3 1 2 1 5 6 5 6 5 6 7 9 10 11 12 9 5 3 1 2 4 5 3 2 3 5 2
p042-b3-t3,typed,linear_regression,7,17,6,1 2 1 3 4 3 4 5 6 5 1 5 3 4 6 7 3
p042-b3-t4,typed,nonlinear_backfill,10,34,6,1 2 1 2 3 4 5 4 5 6 5 4 5 7 8 7 8 4 8 10 9 10 9 10 5 6 5 6 5 4 5 6 5 3
p042-b3-t5,typed,linear_regression,7,23,4,1 2 3 4 3 4 5 6 1 2 6 7 4 3 4 3 1 2 4 2 1 4 2
p042-b3-t6,typed,nonlinear_backfill,10,28,5,3 1 5 1 5 6 9 10 9 10 11 13 14 13 5 4 5 3 1 3 4 5 4 5 4 5 1 5
p042-b3-t7,typed,nonlinear_backfill,8,19,7,1 5 3 4 3 1 3 2 6 7 8 7 5 1 5 7 5 8 4
p042-b3-t8,typed,nonlinear_backfill,4,10,2,1 3 4 1 2 1 2 1 2 3
p042-b3-t9,typed,linear_regression,5,11,5,1 2 3 4 5 4 3 4 5 3 1
p042-b4-t1,typed,nonlinear_backfill,6,12,6,1 3 2 5 4 3 4 1 4 5 6 4
p042-b4-t10,typed,nonlinear_backfill,5,12,2,1 2 1 5 4 2 1 2 3 2 3 1
p042-b4-t2,typed,nonlinear_backfill,13,33,4,1 2 4 2 1 2 4 5 6 4 5 7 8 7 6 5 4 5 6 7 8 9 10 11 13 12 13 14 13 4 2 1 4
p042-b4-t3,typed,nonlinear_backfill,10,24,3,1 2 3 5 6 5 9 10 11 10 11 6 7 6 4 3 2 3 2 3 1 2 3 2
p042-b4-t4,typed,nonlinear_skip_only,4,7,2,1 2 1 2 4 5 2
p042-b4-t5,typed,nonlinear_skip_only,10,26,2,1 2 3 4 5 6 8 9 10 11 10 4 5 4 3 1 2 3 1 2 3 4 3 1 2 1
p042-b4-t6,typed,linear_regression,7,16,3,1 2 3 2 1 2 3 4 5 1 6 7 4 2 3 1
p042-b4-t7,typed,nonlinear_skip_only,7,14,8,1 2 1 2 4 5 4 6 7 5 6 7 8 4
p042-b4-t8,typed,nonlinear_backfill,8,12,1,1 3 1 2 4 5 6 8 7 5 4 1
p042-b4-t9,typed,nonlinear_backfill,8,16,8,1 2 3 4 5 4 3 7 6 7 5 7 5 7 8 7
p042-b5-t1,typed,nonlinear_backfill,10,26,4,1 2 3 4 5 6 8 7 11 12 11 12 3 2 1 2 1 3 4 3 4 5 4 2 1 3
p042-b5-t10,typed,nonlinear_backfill,6,8,1,1 2 1 4 3 5 6 1
p042-b5-t2,typed,strictly_linear,6,6,6,1 2 3 4 5 6
p042-b5-t3,typed,nonlinear_backfill,11,29,5,1 2 4 5 6 7 6 5 8 9 8 7 5 8 11 10 9 8 7 5 3 2 1 2 3 4 5 6 5
p042-b5-t4,typed,nonlinear_backfill,10,24,6,1 3 4 1 6 5 2 7 6 7 8 9 8 9 10 7 5 6 7 6 7 6 5 6
p042-b5-t5,typed,linear_regression,5,19,4,1 2 3 1 3 2 3 4 2 3 4 5 1 5 4 5 4 3 4
p042-b5-t6,typed,linear_regression,6,14,3,1 2 1 2 1 2 3 4 5 1 6 4 3 2
p042-b5-t7,typed,linear_regression,8,29,3,1 2 3 1 4 3 1 3 4 3 2 3 4 3 4 5 6 7 8 7 8 3 4 3 2 4 3 2 1
p042-b5-t8,typed,nonlinear_skip_only,6,13,4,1 2 3 4 5 4 5 4 5 4 5 1 7
p042-b5-t9,typed,nonlinear_skip_only,9,16,2,1 2 3 4 5 6 4 5 9 10 11 10 11 1 2 1
p042-b6-t1,typed,nonlinear_backfill,7,14,7,1 2 1 3 2 3 5 6 1 4 6 7 3 7
p042-b6-t10,typed,linear_regression,5,13,5,1 2 1 2 1 3 2 3 1 2 3 4 5
p042-b6-t3,typed,nonlinear_backfill,6,8,2,2 3 5 6 7 2 1 2
p042-b6-t4,typed,nonlinear_backfill,10,16,4,1 2 4 1 4 3 4 5 6 8 7 11 10 4 1 4
p042-b6-t5,typed,nonlinear_backfill,5,15,3,1 3 2 4 3 4 3 4 3 4 5 4 3 2 1
p042-b6-t6,typed,nonlinear_backfill,9,16,7,1 2 3 2 3 5 4 5 6 7 8 9 8 7 5 4
p042-b6-t7,typed,nonlinear_backfill,13,19,10,1 2 3 2 3 4 5 7 8 6 7 8 9 12 11 13 11 10 11
p042-b6-t8,typed,nonlinear_skip_only,3,3,3,1 2 4
p042-b6-t9,typed,nonlinear_backfill,9,15,2,1 2 4 6 7 8 9 5 6 3 2 3 2 1 2
p043-b1-t1,typed,nonlinear_skip_only,13,26,3,1 2 1 2 3 4 5 4 5 6 7 8 9 10 12 13 14 7 5 4 3 2 1 2 3 1
p043-b1-t3,typed,nonlinear_skip_only,7,10,1,1 3 5 9 11 12 15 11 3 1
p043-b1-t4,typed,nonlinear_skip_only,9,24,1,1 2 3 1 2 4 3 4 1 3 2 4 3 4 5 3 2 6 7 8 10 3 2 1
p043-b1-t5,typed,nonlinear_backfill,11,27,3,1 4 3 2 3 4 5 6 5 6 5 6 7 6 8 7 8 9 10 12 10 4 1 2 3 4 3
p043-b1-t6,typed,linear_regression,2,3,1,1 2 1
p043-b1-t7,typed,nonlinear_backfill,11,21,1,1 4 1 5 6 5 4 5 6 5 6 7 11 12 13 14 7 3 4 2 1
p043-b1-t8,typed,nonlinear_backfill,8,22,1,1 2 3 2 1 2 1 3 1 2 3 2 4 3 4 5 6 5 8 7 8 4
p043-b1-t9,typed,nonlinear_backfill,8,14,1,1 2 1 2 3 4 5 7 8 7 6 8 4 1
p043-b2-t1,typed,nonlinear_backfill,9,23,2,1 3 2 1 2 1 2 4 3 2 5 4 5 7 6 7 8 9 3 2 1 2 1
p043-b2-t10,typed,linear_regression,4,16,1,1 2 1 2 1 3 1 2 1 2 3 4 3 1 2 1
p043-b2-t2,typed,linear_regression,6,16,3,1 2 1 2 3 4 3 4 2 4 5 6 2 3 2 1
p043-b2-t3,typed,nonlinear_backfill,6,25,3,1 2 1 2 3 2 1 2 1 2 3 1 3 12 3 2 3 11 3 4 3 2 3 2 1
p043-b2-t4,typed,linear_regression,4,15,3,1 2 1 2 3 1 3 4 3 2 3 2 4 2 1
p043-b2-t5,typed,nonlinear_backfill,5,8,5,1 3 2 3 4 5 1 5
p043-b2-t6,typed,nonlinear_backfill,9,28,2,1 2 1 2 3 2 3 4 2 3 4 5 1 3 1 3 4 7 5 4 5 6 8 9 2 1 2 1
p043-b2-t7,typed,linear_regression,2,8,2,1 2 1 2 1 2 1 2
p043-b2-t8,typed,linear_regression,11,21,2,1 2 3 4 5 6 7 8 7 8 9 10 11 4 3 2 3 2 1 2 1
p043-b2-t9,typed,linear_regression,4,8,3,1 2 1 2 3 4 3 1
p043-b3-t1,typed,nonlinear_backfill,12,25,2,1 2 3 1 2 1 2 3 2 3 4 5 7 8 9 10 11 14 13 7 4 2 1 2 1
p043-b3-t10,typed,linear_regression,6,15,4,1 2 3 2 3 2 4 2 4 5 4 6 4 2 4
p043-b3-t2,typed,nonlinear_skip_only,8,17,2,1 2 3 2 5 6 7 8 9 5 1 2 1 2 1 2 1
p043-b3-t3,typed,nonlinear_backfill,5,13,4,1 4 3 2 1 2 4 5 3 4 5 4 1
p043-b3-t4,typed,linear_regression,6,25,4,1 2 1 2 3 2 3 2 3 4 3 2 1 2 3 2 3 2 4 5 6 4 3 4 1
p043-b3-t5,typed,linear_regression,7,20,4,1 2 3 4 5 6 7 6 4 3 2 3 2 3 4 3 2 3 4 1
p043-b3-t6,typed,linear_regression,4,8,2,1 2 1 2 3 4 2 1
p043-b3-t7,typed,linear_regression,11,35,2,1 2 1 2 1 2 1 2 3 4 5 1 5 6 7 6 8 7 8 9 10 11 5 4 5 6 7 5 4 2 1 2 1 2 1
p043-b3-t8,typed,linear_regression,4,9,2,1 2 1 2 3 4 1 2 1
p043-b3-t9,typed,nonlinear_skip_only,6,19,3,1 2 3 4 3 1 3 4 3 4 6 7 6 7 6 3 2 3 2
p043-b4-t10,typed,nonlinear_backfill,4,9,2,1 2 10 2 3 2 3 2 1
p043-b4-t2,typed,linear_regression,3,4,2,1 2 3 2
p043-b4-t3,typed,linear_regression,4,16,2,1 2 1 2 1 2 1 2 3 4 2 1 2 1 2 1
p043-b4-t4,typed,linear_regression,13,23,4,1 2 3 4 5 6 4 3 4 6 7 8 9 10 11 12 13 4 5 4 7 6 4
p043-b4-t5,typed,linear_regression,3,11,3,1 2 1 2 3 2 3 2 3 2 3
p043-b4-t6,typed,nonlinear_skip_only,3,9,4,1 2 4 1 2 4 2 4 1
p043-b4-t7,typed,nonlinear_backfill,6,16,4,1 4 3 1 2 3 4 5 4 5 6 5 4 3 4 1
p043-b4-t8,typed,nonlinear_backfill,4,6,1,1 2 1 4 3 1
p043-b4-t9,typed,nonlinear_backfill,3,7,3,1 3 2 3 2 3 2
p043-b5-t1,typed,linear_regression,5,22,5,1 2 1 2 1 2 1 2 1 3 2 3 1 2 3 4 5 3 2 1 5 1
p043-b5-t10,typed,linear_regression,3,7,2,1 2 1 2 1 2 3
p043-b5-t2,typed,linear_regression,6,19,2,1 2 3 2 1 2 3 2 3 4 3 4 5 6 1 2 1 2 1
p043-b5-t3,typed,linear_regression,4,17,2,1 2 1 2 1 2 1 2 1 2 1 3 2 3 4 2 1
p043-b5-t4,typed,linear_regression,4,15,2,1 2 1 2 3 1 2 3 4 3 4 2 1 2 1
p043-b5-t5,typed,linear_regression,3,11,2,1 2 1 2 1 2 1 2 3 2 1
p043-b5-t6,typed,nonlinear_skip_only,5,12,2,1 2 1 2 3 4 2 4 3 4 6 1
p043-b5-t8,typed,linear_regression,6,12,5,1 2 1 2 3 4 5 6 5 6 5 1
p043-b5-t9,typed,linear_regression,2,3,1,1 2 1
p043-b6-t1,typed,nonlinear_skip_only,3,5,5,1 4 5 4 5
p043-b6-t10,typed,linear_regression,5,13,4,1 2 1 2 1 3 2 3 4 5 2 3 1
p043-b6-t2,typed,strictly_linear,1,1,1,1
p043-b6-t3,typed,nonlinear_backfill,9,26,1,1 2 1 2 3 1 2 1 2 1 2 3 4 10 11 12 11 12 2 3 1 4 5 6 2 1
p043-b6-t4,typed,nonlinear_backfill,4,7,6,6 5 6 3 5 6 4
p043-b6-t5,typed,linear_regression,2,3,2,1 2 1
p043-b6-t6,typed,linear_regression,5,6,5,1 2 3 4 5 4
p043-b6-t7,typed,linear_regression,2,4,2,1 2 1 2
p043-b6-t8,typed,linear_regression,7,14,5,1 2 3 4 5 6 2 6 7 6 7 6 4 5
p043-b6-t9,typed,strictly_linear,1,1,1,1
p044-b1-t1,typed,nonlinear_backfill,12,21,2,2 1 2 4 3 4 5 6 7 6 7 8 9 11 14 13 5 4 5 4 2
p044-b1-t10,typed,nonlinear_backfill,15,46,1,1 2 3 2 1 2 4 5 3 5 6 8 7 9 10 9 11 9 10 13 15 14 13 11 10 12 13 12 8 5 3 4 5 6 2 1 3 4 5 4 3 4 3 1 2 1
p044-b1-t2,typed,linear_regression,5,28,2,1 2 1 2 1 3 2 1 2 3 4 5 4 1 3 4 3 2 1 2 3 1 2 3 2 1 2 1
p044-b1-t3,typed,linear_regression,4,10,3,1 2 3 2 3 1 2 3 4 1
p044-b1-t4,typed,linear_regression,3,14,3,1 2 1 2 1 3 1 2 3 2 3 1 2 1
p044-b1-t5,typed,nonlinear_backfill,11,29,2,1 2 1 2 1 2 1 2 3 4 3 4 5 10 9 11 12 13 14 13 14 13 12 11 2 1 2 1 2
p044-b1-t6,typed,nonlinear_backfill,13,32,4,1 2 4 5 4 3 4 6 8 9 11 12 13 14 15 14 8 6 4 5 2 4 5 3 4 3 4 3 4 3 2 1
p044-b1-t7,typed,nonlinear_skip_only,5,14,2,1 2 1 2 4 5 6 5 4 1 2 1 2 1
p044-b1-t8,typed,linear_regression,6,10,4,1 2 3 4 5 4 5 6 4 5
p044-b1-t9,typed,nonlinear_backfill,7,10,1,1 7 8 7 6 5 4 5 1 2
p044-b2-t1,typed,linear_regression,3,6,2,1 2 1 2 3 2
p044-b2-t10,typed,nonlinear_backfill,12,18,13,1 2 3 4 1 2 4 5 6 7 11 10 11 12 13 10 9 11
p044-b2-t2,typed,linear_regression,3,8,2,1 2 1 2 1 2 3 1
p044-b2-t3,typed,nonlinear_backfill,12,27,12,1 3 2 1 2 1 3 5 6 8 7 9 11 12 13 11 10 11 12 11 12 11 12 13 12 11 9
p044-b2-t4,typed,linear_regression,4,22,2,1 2 1 2 1 2 1 2 3 4 3 4 2 1 2 4 2 1 2 1 2 1
p044-b2-t5,typed,nonlinear_backfill,13,27,13,1 2 4 5 1 2 1 2 3 5 6 7 6 1 7 8 9 10 11 12 11 12 13 12 10 11 12
p044-b2-t6,typed,nonlinear_backfill,9,45,8,1 2 1 2 3 2 1 2 3 2 4 6 5 6 7 8 7 4 1 6 7 5 7 6 5 6 8 7 8 7 8 7 10 7 6 8 6 5 6 7 8 7 8 6 5
p044-b2-t7,typed,linear_regression,12,30,1,1 2 1 2 3 2 3 4 5 6 7 8 7 8 7 8 9 10 11 12 11 12 11 12 10 6 3 1 2 1
p044-b2-t8,typed,nonlinear_backfill,11,25,2,1 2 1 2 6 10 9 10 11 12 14 13 14 6 2 1 3 2 4 3 2 4 3 2 1
p044-b2-t9,typed,nonlinear_backfill,5,25,2,1 3 2 1 2 1 2 1 2 1 2 3 4 3 4 2 1 2 3 4 5 4 1 2 1
p044-b3-t1,typed,nonlinear_backfill,11,35,11,1 2 1 2 3 1 2 3 4 3 4 5 4 5 6 7 9 8 9 11 10 11 9 6 1 2 1 7 10 9 10 9 11 10 9
p044-b3-t10,typed,linear_regression,4,11,3,1 2 1 2 1 2 3 2 4 3 1
p044-b3-t2,typed,nonlinear_skip_only,14,29,3,1 2 1 2 3 4 5 6 7 8 9 12 13 14 15 13 15 16 15 13 12 6 4 1 2 1 2 3 1
p044-b3-t3,typed,linear_regression,10,22,1,1 2 3 2 3 4 5 6 7 8 9 10 6 2 1 2 1 2 3 4 5 2
p044-b3-t4,typed,nonlinear_backfill,12,32,13,1 2 1 3 5 4 3 4 5 6 5 6 8 9 12 11 13 12 13 12 13 12 13 3 8 12 13 12 11 10 11 9
p044-b3-t5,typed,nonlinear_skip_only,7,13,3,1 2 3 4 6 7 6 8 7 8 7 2 1
p044-b3-t6,typed,nonlinear_backfill,7,20,2,1 2 1 2 4 2 3 5 6 5 6 7 6 2 1 2 1 2 3 1
p044-b3-t7,typed,linear_regression,4,8,1,1 2 1 2 3 4 1 2
p044-b3-t8,typed,nonlinear_backfill,8,25,1,1 2 1 2 1 2 1 2 1 2 3 5 4 7 9 8 9 3 1 2 1 2 1 2 1
p044-b3-t9,typed,nonlinear_backfill,11,21,2,1 2 1 2 3 1 3 6 5 6 7 8 9 12 13 14 13 8 1 2 1
p044-b4-t1,typed,linear_regression,3,11,2,1 2 3 1 2 1 2 1 2 1 2
p044-b4-t10,typed,nonlinear_skip_only,9,24,6,1 2 3 5 6 7 8 7 8 7 9 10 5 1 2 1 5 2 3 5 6 5 6 7
p044-b4-t2,typed,nonlinear_skip_only,9,19,3,1 2 3 4 3 5 6 7 6 7 8 10 1 2 3 2 3 1 3
p044-b4-t3,typed,nonlinear_skip_only,10,26,2,1 2 1 2 1 2 3 2 1 2 3 2 3 4 3 4 3 4 5 6 7 8 10 11 10 2
p044-b4-t4,typed,nonlinear_backfill,16,47,15,1 2 1 2 1 3 2 1 2 1 4 3 2 3 4 3 4 2 3 2 3 4 3 4 5 6 7 8 9 11 13 14 15 14 15 16 15 13 11 12 15 16 15 14 16 17 13
p044-b4-t5,typed,nonlinear_backfill,5,22,1,1 2 1 2 1 2 1 2 3 2 1 2 1 2 3 5 2 3 4 5 4 1
p044-b4-t6,typed,nonlinear_backfill,5,18,3,1 2 1 4 1 5 4 3 2 1 2 1 2 1 3 2 3 1
p044-b4-t7,typed,nonlinear_backfill,11,30,1,1 2 1 2 4 5 6 9 8 5 2 1 2 5 4 3 4 6 7 8 9 10 12 7 2 1 2 1 2 1
p044-b4-t8,typed,nonlinear_backfill,5,22,2,1 2 1 2 3 2 1 2 3 5 4 5 4 5 1 2 3 2 1 2 1 2
p044-b4-t9,typed,nonlinear_backfill,4,9,1,1 3 2 3 2 3 4 3 1
p044-b5-t1,typed,nonlinear_backfill,12,25,1,1 3 4 2 3 1 2 3 5 6 8 7 10 11 12 13 12 11 10 2 1 2 1 2 1
p044-b5-t10,typed,linear_regression,7,14,7,1 2 3 4 5 6 5 6 1 2 4 5 7 4
p044-b5-t2,typed,nonlinear_backfill,5,23,1,1 2 4 5 2 1 2 1 2 3 1 2 3 4 3 2 1 2 1 2 1 2 1
p044-b5-t3,typed,nonlinear_backfill,5,9,1,1 4 5 4 3 4 3 2 1
p044-b5-t4,typed,nonlinear_backfill,11,16,13,1 2 1 2 4 5 6 5 6 7 8 9 12 13 12 10
p044-b5-t5,typed,nonlinear_backfill,12,25,12,1 2 3 5 7 8 9 10 12 10 11 12 10 11 12 11 5 2 1 5 14 13 12 11 10
p044-b5-t6,typed,nonlinear_backfill,9,20,1,1 2 1 2 1 2 6 7 8 10 5 1 2 1 2 1 2 3 4 1
p044-b5-t7,typed,linear_regression,3,10,1,1 2 3 1 2 1 2 1 2 1
p044-b5-t8,typed,nonlinear_backfill,12,32,3,1 2 3 5 6 9 10 11 13 12 14 13 11 12 13 12 11 12 9 8 5 3 1 2 3 2 1 2 3 2 3 1
p044-b6-t1,typed,nonlinear_backfill,10,24,12,1 2 1 2 3 4 1 2 3 4 2 3 2 1 4 3 6 7 9 10 9 12 11 6
p044-b6-t10,typed,linear_regression,6,10,1,1 2 3 2 1 2 3 4 5 6
p044-b6-t2,typed,linear_regression,12,29,6,1 2 3 4 5 1 2 3 5 6 5 6 7 4 2 3 6 5 7 6 8 9 10 11 12 6 5 4 2
p044-b6-t3,typed,nonlinear_skip_only,8,14,4,1 2 3 4 3 4 2 5 4 5 6 7 9 3
p044-b6-t4,typed,nonlinear_skip_only,10,28,1,1 2 3 2 1 2 3 4 5 6 7 8 9 8 3 1 2 4 5 7 8 9 11 9 7 6 5 1
p044-b6-t5,typed,linear_regression,4,7,3,1 2 3 4 3 4 2
p044-b6-t6,typed,linear_regression,7,18,1,1 2 1 2 3 4 5 4 5 6 7 3 2 1 2 1 2 1
p044-b6-t7,typed,nonlinear_backfill,14,32,13,1 2 1 2 3 2 3 2 1 2 5 6 5 4 5 7 8 9 10 11 13 12 14 13 11 1 13 12 11 10 13 10
p044-b6-t8,typed,linear_regression,7,15,7,1 2 1 2 1 2 1 2 3 2 4 5 6 7 2
p044-b6-t9,typed,nonlinear_backfill,13,25,13,1 2 3 4 5 4 1 2 1 3 4 6 5 6 7 9 8 10 12 11 12 11 12 13 10
p045-b1-t1,typed,linear_regression,8,26,3,1 2 1 2 1 2 1 2 1 2 1 2 1 2 1 3 2 3 4 5 6 7 8 6 2 3
p045-b1-t10,typed,nonlinear_backfill,13,24,2,1 2 1 2 3 2 3 4 5 6 7 8 10 11 12 13 9 5 1 2 1 2 1 2
p045-b1-t3,typed,nonlinear_backfill,8,31,7,1 2 1 2 1 2 1 2 3 2 3 2 1 2 1 2 4 5 6 5 6 5 6 5 9 7 6 7 6 4 5
p045-b1-t4,typed,nonlinear_skip_only,8,28,4,1 2 1 2 1 3 4 3 4 3 4 5 4 5 4 3 4 5 4 5 7 8 9 4 1 2 4 1
p045-b1-t5,typed,nonlinear_skip_only,11,37,3,1 2 1 2 3 2 3 1 3 2 3 2 3 2 3 4 1 3 4 6 7 8 9 10 11 10 11 12 4 2 1 2 3 1 2 3 1
p045-b1-t6,typed,nonlinear_skip_only,10,22,1,1 2 3 4 5 6 7 8 1 3 5 7 8 7 8 9 11 1 2 1 2 1
p045-b1-t7,typed,nonlinear_skip_only,10,25,2,1 2 1 2 3 2 3 4 7 8 9 11 12 11 13 7 8 1 2 1 2 1 2 1 2
p045-b1-t8,typed,nonlinear_backfill,11,51,2,1 2 1 2 1 3 2 3 4 3 4 5 4 5 4 5 6 5 6 5 6 7 8 7 8 10 9 8 9 10 11 9 8 7 3 1 2 1 2 1 2 3 4 3 4 1 2 3 5 4 3
p045-b1-t9,typed,nonlinear_backfill,12,21,1,1 3 2 1 2 4 5 6 5 6 7 8 7 8 9 10 11 12 3 2 1
p045-b2-t1,typed,linear_regression,9,37,5,1 2 1 3 2 3 4 3 4 3 2 1 2 1 2 4 5 4 5 4 5 4 3 2 3 5 4 5 6 7 8 9 5 4 5 3 2
p045-b2-t10,typed,linear_regression,5,17,5,1 2 1 2 1 2 3 2 3 4 2 3 4 3 1 3 5
p045-b2-t2,typed,linear_regression,10,30,2,1 2 1 2 3 2 3 2 1 4 1 2 5 1 5 6 5 6 7 6 5 6 7 8 7 8 9 10 4 1
p045-b2-t3,typed,nonlinear_skip_only,14,47,2,1 2 3 2 1 3 4 5 4 5 4 6 5 6 8 9 10 4 8 9 10 11 10 12 11 13 12 13 14 15 2 1 2 3 2 3 1 2 1 2 1 2 1 2 1 2 1
p045-b2-t5,typed,nonlinear_backfill,14,40,1,1 2 4 3 4 3 4 5 4 5 6 5 6 5 4 3 1 2 5 7 8 7 8 9 10 11 12 13 14 13 4 1 2 3 2 4 5 4 5 1
p045-b2-t6,typed,linear_regression,12,61,1,1 2 1 2 1 2 1 2 3 2 3 4 3 5 4 5 6 5 6 7 8 7 9 10 11 10 11 12 3 4 3 5 2 3 2 1 3 2 3 1 3 2 1 3 2 3 2 1 3 1 2 1 2 3 5 6 5 6 7 6 1
p045-b2-t8,typed,nonlinear_backfill,8,38,7,1 2 1 2 1 2 3 2 3 4 3 4 3 4 5 4 3 5 4 5 7 8 7 6 7 6 7 6 7 3 5 3 4 3 7 6 3 7
p045-b2-t9,typed,linear_regression,7,20,5,1 2 1 2 3 1 2 3 2 1 2 1 3 4 5 1 5 6 7 1
p045-b3-t1,typed,linear_regression,10,22,8,1 2 1 2 1 3 4 5 6 7 8 7 8 9 8 9 7 9 10 8 7 5
p045-b3-t10,typed,nonlinear_skip_only,7,14,3,1 2 1 2 3 4 5 2 6 8 2 3 2 1
p045-b3-t2,typed,nonlinear_skip_only,10,27,1,1 2 1 3 2 3 1 4 5 4 5 3 6 7 8 10 11 10 1 2 1 2 3 2 4 2 1
p045-b3-t3,typed,linear_regression,5,28,4,1 2 1 2 1 2 1 2 1 2 1 2 1 3 4 3 2 3 4 3 4 5 4 5 4 5 4 1
p045-b3-t4,typed,nonlinear_backfill,8,30,3,1 2 1 2 3 2 1 3 2 1 3 4 6 5 8 7 8 7 2 1 2 1 2 1 2 1 2 3 1 2
p045-b3-t5,typed,nonlinear_backfill,11,30,2,1 2 1 2 3 2 1 2 3 4 3 4 3 5 6 7 6 9 8 9 8 9 11 10 1 2 1 2 1 2
p045-b3-t6,typed,linear_regression,12,39,5,1 2 1 2 3 2 3 2 1 2 1 4 5 6 4 2 1 2 4 2 4 3 2 5 6 7 8 9 10 11 10 12 9 5 1 2 5 3 1
p045-b3-t7,typed,nonlinear_backfill,11,40,6,1 2 1 2 1 3 2 4 5 4 5 4 1 4 5 6 5 6 5 6 8 7 8 9 8 9 10 11 9 4 5 6 2 3 1 2 4 5 6 4
p045-b3-t9,typed,linear_regression,6,13,5,1 2 3 4 5 3 5 4 5 6 5 4 2
p045-b4-t1,typed,linear_regression,4,19,3,1 2 1 2 3 4 3 4 3 4 3 2 3 4 3 2 3 2 3
p045-b4-t10,typed,linear_regression,7,20,7,1 2 3 4 3 4 5 4 5 4 5 6 7 2 6 7 6 7 6 7
p045-b4-t2,typed,linear_regression,8,11,1,1 2 1 2 3 4 5 6 7 8 1
p045-b4-t3,typed,linear_regression,3,9,2,1 2 1 2 1 2 1 2 3
p045-b4-t4,typed,strictly_linear,3,3,1,1 2 3
p045-b4-t5,typed,linear_regression,3,12,3,1 2 3 1 2 1 2 1 2 3 2 3
p045-b4-t6,typed,linear_regression,3,8,3,1 2 3 2 3 2 3 2
p045-b4-t7,typed,nonlinear_backfill,9,20,2,1 2 1 3 4 3 5 8 7 9 8 9 10 9 1 2 1 2 1 2
p045-b4-t8,typed,linear_regression,14,32,4,1 2 3 4 1 3 2 3 2 4 5 6 7 8 9 8 9 10 11 12 13 14 8 6 3 2 3 1 2 3 4 2
p045-b4-t9,typed,linear_regression,5,6,1,1 2 3 4 5 1
p045-b5-t1,typed,linear_regression,6,10,5,1 2 1 2 3 4 5 6 5 1
p045-b5-t10,typed,linear_regression,8,18,3,1 2 1 2 3 4 3 2 4 5 6 5 6 7 8 2 3 2
p045-b5-t2,typed,nonlinear_skip_only,11,23,4,1 2 1 2 1 2 3 4 5 6 8 9 10 11 12 3 1 2 1 2 3 4 2
p045-b5-t3,typed,linear_regression,6,11,5,1 2 1 3 4 5 6 3 4 5 1
p045-b5-t4,typed,linear_regression,6,12,6,1 2 1 2 3 2 1 2 1 4 5 6
p045-b5-t5,typed,linear_regression,7,17,2,1 2 3 4 5 4 3 5 6 7 6 2 1 2 1 3 4
p045-b5-t6,typed,nonlinear_backfill,10,28,2,1 2 1 2 3 2 1 2 3 4 2 3 2 4 5 4 5 6 7 9 10 8 3 1 2 3 4 1
p045-b5-t7,typed,linear_regression,11,20,1,1 2 3 4 5 6 7 8 9 10 9 11 10 4 3 4 2 1 3 4
p045-b5-t8,typed,linear_regression,12,24,3,1 2 3 4 5 6 7 8 9 10 9 11 10 12 5 3 2 3 2 1 2 1 3 2
p045-b5-t9,typed,nonlinear_backfill,10,35,5,1 2 1 2 3 4 6 4 5 6 8 9 10 11 10 5 1 2 1 2 3 2 1 2 1 2 4 3 5 6 2 1 6 5 6
p045-b6-t1,typed,nonlinear_skip_only,7,17,2,1 2 1 2 3 2 1 4 5 4 7 8 4 1 2 1 2
p045-b6-t10,typed,linear_regression,5,10,5,1 2 3 4 5 4 5 4 5 2
p045-b6-t2,typed,nonlinear_skip_only,8,19,2,1 2 1 2 1 2 1 2 3 5 6 7 8 10 3 1 2 1 2
p045-b6-t3,typed,nonlinear_backfill,8,23,5,1 2 1 2 3 4 5 4 5 6 5 6 8 7 5 6 5 4 6 7 6 5 4
p045-b6-t4,typed,nonlinear_backfill,7,35,5,1 2 1 2 1 2 3 2 1 2 3 5 4 5 6 7 3 1 5 4 5 3 1 2 1 5 1 2 1 2 1 2 4 5 2
p045-b6-t5,typed,linear_regression,4,17,1,1 2 3 1 2 3 4 3 2 1 2 3 2 1 3 1 2
p045-b6-t6,typed,linear_regression,5,28,4,1 2 1 2 1 2 1 2 3 4 5 4 5 4 2 1 2 1 2 3 4 3 4 3 4 3 4 3
p045-b6-t7,typed,linear_regression,4,9,2,1 2 1 2 1 3 4 2 1
p045-b6-t8,typed,nonlinear_skip_only,9,17,2,1 2 1 3 4 5 6 7 9 10 1 2 1 2 1 2 1
p045-b6-t9,typed,linear_regression,4,5,3,1 2 3 4 3
p046-b1-t1,typed,nonlinear_backfill,9,27,2,1 2 1 2 1 3 8 10 12 11 9 3 1 2 1 2 3 4 1 3 1 2 1 2 1 2 1
p046-b1-t10,typed,nonlinear_skip_only,6,9,7,1 2 1 2 3 4 6 7 6
p046-b1-t3,typed,linear_regression,4,29,4,1 2 1 2 1 2 3 2 1 2 1 3 2 3 2 3 4 3 4 3 4 2 1 4 3 4 3 4 2
p046-b1-t4,typed,nonlinear_skip_only,10,21,7,1 2 1 3 4 5 6 7 9 10 11 7 6 7 6 5 7 6 1 6 7
p046-b1-t5,typed,nonlinear_backfill,7,11,3,1 2 3 2 3 5 4 3 7 6 2
p046-b1-t6,typed,nonlinear_skip_only,3,7,5,1 2 1 2 1 5 2
p046-b1-t7,typed,nonlinear_backfill,12,27,2,1 2 3 2 1 2 3 4 5 6 7 8 7 8 10 9 10 11 12 11 10 9 10 1 2 3 2
p046-b1-t8,typed,linear_regression,5,7,4,1 2 1 2 3 4 5
p046-b1-t9,typed,nonlinear_backfill,6,11,6,2 1 3 4 1 5 6 4 5 6 4
p046-b2-t1,typed,nonlinear_backfill,8,13,1,1 2 1 2 3 4 6 5 6 7 10 2 1
p046-b2-t10,typed,nonlinear_backfill,5,14,5,2 1 4 5 4 5 4 3 5 3 2 1 4 5
p046-b2-t2,typed,nonlinear_backfill,8,18,3,1 2 3 2 3 4 3 1 4 6 8 7 8 5 2 1 3 1
p046-b2-t3,typed,linear_regression,2,6,2,1 2 1 2 1 2
p046-b2-t4,typed,nonlinear_backfill,12,20,2,1 3 2 3 2 1 2 3 4 5 7 8 7 10 12 13 14 15 14 1
p046-b2-t5,typed,nonlinear_backfill,13,27,10,1 2 1 3 2 4 5 6 5 6 5 7 6 7 6 5 4 9 8 10 11 13 14 9 10 9 7
p046-b2-t6,typed,linear_regression,3,9,3,1 2 1 2 3 2 3 1 2
p046-b2-t7,typed,linear_regression,4,9,3,1 2 3 2 3 4 3 2 1
p046-b2-t8,typed,nonlinear_backfill,4,8,4,1 3 1 2 3 4 3 4
p046-b2-t9,typed,nonlinear_backfill,5,12,5,1 3 2 3 4 3 4 3 4 5 4 5
p046-b3-t1,typed,linear_regression,9,15,8,1 2 1 3 4 5 6 7 5 8 7 9 8 4 3
p046-b3-t10,typed,linear_regression,3,6,1,1 2 1 2 3 2
p046-b3-t2,typed,linear_regression,4,9,4,1 2 1 2 3 4 3 4 1
p046-b3-t3,typed,nonlinear_backfill,8,21,2,1 3 1 5 6 7 8 1 5 8 1 4 6 7 6 5 4 3 1 2 1
p046-b3-t4,typed,nonlinear_backfill,11,18,3,1 3 4 5 4 5 7 8 10 12 13 11 5 2 1 3 1 3
p046-b3-t5,typed,nonlinear_backfill,5,8,5,3 1 2 3 2 5 4 5
p046-b3-t6,typed,linear_regression,2,5,2,1 2 1 2 1
p046-b3-t7,typed,nonlinear_skip_only,8,17,8,1 2 1 2 3 5 6 7 6 8 7 8 7 9 8 7 6
p046-b3-t8,typed,nonlinear_backfill,4,7,4,1 2 4 3 4 3 4
p046-b3-t9,typed,nonlinear_backfill,9,29,3,1 2 3 1 2 3 4 6 10 11 12 5 3 1 2 1 2 1 2 1 2 1 2 3 2 3 2 3 2
p046-b4-t1,typed,nonlinear_skip_only,3,4,4,1 3 4 3
p046-b4-t10,typed,linear_regression,5,15,3,1 2 3 1 2 3 2 3 2 4 5 4 3 2 3
p046-b4-t2,typed,linear_regression,3,8,3,1 2 1 2 3 2 3 1
p046-b4-t3,typed,strictly_linear,2,2,1,1 2
p046-b4-t4,typed,nonlinear_skip_only,5,7,6,1 2 1 2 3 5 6
p046-b4-t5,typed,nonlinear_backfill,8,23,2,1 2 3 2 3 4 7 9 10 5 2 1 2 3 2 4 5 4 5 1 2 1 2
p046-b4-t6,typed,nonlinear_backfill,12,38,2,1 2 3 4 6 5 4 5 6 7 8 10 9 10 11 12 11 3 4 3 4 3 4 3 1 2 1 2 1 2 4 5 4 3 2 1 2 1
p046-b4-t7,typed,nonlinear_skip_only,6,13,1,1 2 1 2 1 3 2 3 7 9 11 3 1
p046-b4-t8,typed,linear_regression,4,11,3,1 2 1 2 3 2 3 4 3 2 3
p046-b5-t1,typed,nonlinear_backfill,10,15,7,1 2 1 2 3 4 5 6 5 10 6 7 8 9 2
p046-b5-t10,typed,nonlinear_backfill,6,11,6,1 5 1 3 1 2 5 7 6 5 6
p046-b5-t2,typed,linear_regression,4,11,3,1 2 3 2 3 4 3 4 3 4 1
p046-b5-t3,typed,linear_regression,2,5,2,1 2 1 2 1
p046-b5-t4,typed,nonlinear_backfill,10,39,6,1 2 3 4 5 4 6 5 8 7 9 10 9 8 7 8 7 6 7 6 5 8 7 8 5 8 9 10 5 6 5 4 2 1 2 5 4 6 4
p046-b5-t5,typed,nonlinear_backfill,3,9,1,2 3 1 3 1 3 1 3 1
p046-b5-t6,typed,nonlinear_backfill,11,19,4,1 2 3 4 5 6 7 8 9 11 10 9 4 5 4 1 2 1 4
p046-b5-t7,typed,linear_regression,8,15,8,1 2 1 2 3 4 5 6 7 6 7 8 6 7 8
p046-b5-t8,typed,linear_regression,3,11,3,1 2 1 2 1 2 1 2 3 1 2
p046-b5-t9,typed,nonlinear_backfill,5,5,5,1 4 5 2 6
p046-b6-t1,typed,nonlinear_skip_only,4,5,5,1 2 1 3 5
p046-b6-t10,typed,linear_regression,4,7,3,1 2 3 4 2 3 2
p046-b6-t2,typed,nonlinear_skip_only,10,19,2,1 2 1 2 3 4 5 4 5 7 8 9 10 12 1 2 1 2 1
p046-b6-t3,typed,linear_regression,5,14,5,1 2 1 2 1 2 1 2 3 2 3 4 5 4
p046-b6-t4,typed,linear_regression,4,7,3,1 2 3 4 3 2 3
p046-b6-t5,typed,strictly_linear,2,2,2,1 2
p046-b6-t6,typed,nonlinear_skip_only,5,14,2,1 2 3 2 8 9 8 9 3 1 2 1 2 1
p046-b6-t7,typed,nonlinear_backfill,11,35,4,1 2 1 2 3 2 1 4 3 4 3 1 2 1 2 3 4 5 7 6 8 9 8 10 11 10 11 10 2 1 2 1 2 4 3
p046-b6-t8,typed,linear_regression,2,7,2,1 2 1 2 1 2 1
p046-b6-t9,typed,nonlinear_backfill,12,34,5,1 2 3 2 3 4 5 6 5 7 8 10 9 8 11 12 7 6 8 9 8 7 8 7 4 1 2 3 2 3 4 5 4 5
p047-b1-t1,typed,nonlinear_backfill,5,13,3,1 2 1 4 5 3 4 3 4 3 1 2 1
p047-b1-t10,typed,linear_regression,4,9,3,1 2 1 2 3 4 3 2 1
p047-b1-t2,typed,linear_regression,3,5,3,1 2 3 2 1
p047-b1-t3,typed,linear_regression,9,10,9,1 2 3 4 5 6 7 8 9 7
p047-b1-t4,typed,nonlinear_backfill,10,31,8,1 2 4 5 6 7 6 7 6 7 9 8 10 9 10 9 5 4 5 3 2 1 4 5 6 7 8 9 8 9 5
p047-b1-t5,typed,linear_regression,3,4,3,1 2 3 1
p047-b1-t6,typed,nonlinear_backfill,5,16,3,1 2 1 2 1 2 1 2 1 4 5 4 3 4 3 1
p047-b1-t7,typed,linear_regression,6,13,4,1 2 3 4 2 1 4 5 6 5 4 5 4
p047-b1-t8,typed,linear_regression,11,23,5,1 2 3 4 3 2 3 4 5 4 5 4 5 6 7 8 9 10 9 10 11 5 4
p047-b1-t9,typed,linear_regression,5,8,2,1 2 3 2 1 4 5 4
p047-b2-t1,typed,strictly_linear,4,4,3,1 2 3 4
p047-b2-t10,typed,nonlinear_backfill,5,12,3,1 2 4 3 2 3 4 5 3 2 3 2
p047-b2-t2,typed,linear_regression,9,18,7,1 2 3 2 3 4 5 6 7 8 7 9 8 9 8 7 3 7
p047-b2-t3,typed,linear_regression,4,7,1,1 2 1 2 3 4 1
p047-b2-t4,typed,nonlinear_backfill,11,17,10,1 2 1 3 4 5 6 7 8 7 8 10 9 10 12 9 10
p047-b2-t5,typed,linear_regression,6,10,2,1 2 1 2 3 4 5 6 2 1
p047-b2-t6,typed,nonlinear_backfill,12,34,1,1 2 1 2 3 4 5 4 3 6 7 10 11 12 11 10 9 10 13 12 13 11 9 7 5 4 5 6 4 3 2 3 2 1
p047-b2-t7,typed,nonlinear_backfill,6,20,5,1 3 1 2 1 2 3 5 3 4 1 3 2 3 4 5 4 5 2 6
p047-b2-t8,typed,nonlinear_backfill,12,24,5,1 4 5 4 5 6 5 6 7 8 9 12 11 12 10 11 8 6 4 2 4 3 5 4
p047-b2-t9,typed,linear_regression,3,8,3,1 2 1 2 3 2 3 2
p047-b3-t1,typed,nonlinear_skip_only,4,8,1,1 2 1 2 3 5 2 1
p047-b3-t10,typed,linear_regression,3,7,2,1 2 3 2 1 2 1
p047-b3-t2,typed,linear_regression,2,7,2,1 2 1 2 1 2 1
p047-b3-t3,typed,nonlinear_skip_only,2,3,1,1 3 1
p047-b3-t4,typed,nonlinear_backfill,12,23,12,1 2 1 2 3 4 5 6 8 10 9 10 11 12 10 8 7 8 10 12 7 12 7
p047-b3-t5,typed,linear_regression,3,4,2,1 2 3 2
p047-b3-t6,typed,nonlinear_backfill,4,7,2,5 1 2 1 2 1 3
p047-b3-t8,typed,linear_regression,5,24,5,1 2 1 3 1 2 1 3 4 3 1 2 3 1 2 1 2 1 4 3 1 5 3 2
p047-b3-t9,typed,nonlinear_skip_only,2,5,3,1 3 1 3 1
p047-b4-t1,typed,linear_regression,10,19,4,1 2 1 3 4 3 4 5 4 5 6 7 8 9 10 7 5 4 2
p047-b4-t10,typed,nonlinear_backfill,4,5,5,1 3 2 5 1
p047-b4-t2,typed,nonlinear_backfill,10,19,2,2 1 3 6 1 2 3 4 7 9 11 12 13 11 9 1 3 2 1
p047-b4-t3,typed,linear_regression,5,18,4,1 2 1 2 3 2 3 4 3 4 1 4 5 4 5 4 3 1
p047-b4-t4,typed,nonlinear_backfill,9,11,1,1 8 1 2 4 6 5 7 9 10 1
p047-b4-t5,typed,nonlinear_backfill,9,22,9,1 2 1 2 3 4 8 7 8 2 4 9 7 10 9 4 2 9 10 9 8 6
p047-b4-t6,typed,nonlinear_backfill,12,29,2,1 2 1 2 3 4 6 5 6 5 6 7 6 7 8 10 8 10 8 9 12 10 6 7 11 4 3 1 2
p047-b4-t7,typed,nonlinear_backfill,8,12,7,1 2 3 4 3 6 1 9 7 8 7 3
p047-b4-t8,typed,linear_regression,3,14,2,1 2 3 2 1 2 1 2 3 1 2 3 2 1
p047-b4-t9,typed,nonlinear_backfill,8,25,6,1 6 8 11 6 5 1 3 1 2 3 2 4 5 6 5 6 5 1 3 2 5 4 6 1
p047-b5-t1,typed,linear_regression,2,12,2,1 2 1 2 1 2 1 2 1 2 1 2
p047-b5-t10,typed,nonlinear_backfill,4,8,2,1 2 5 2 4 1 2 1
p047-b5-t3,typed,nonlinear_skip_only,7,12,6,1 2 1 3 4 3 5 6 5 6 3 8
p047-b5-t5,typed,strictly_linear,3,3,1,1 2 3
p047-b5-t6,typed,nonlinear_backfill,6,10,5,8 6 5 7 6 2 1 5 8 5
p047-b5-t7,typed,nonlinear_backfill,3,4,2,3 1 2 1
p047-b5-t8,typed,nonlinear_backfill,7,22,3,1 2 6 7 6 1 2 1 2 3 4 5 3 2 1 3 2 4 5 4 3 2
p047-b5-t9,typed,linear_regression,2,11,2,1 2 1 2 1 2 1 2 1 2 1
p047-b6-t1,typed,nonlinear_backfill,10,19,9,1 2 1 4 3 2 3 4 3 4 5 6 7 8 9 8 9 10 7
p047-b6-t10,typed,nonlinear_backfill,8,14,4,1 3 2 1 4 5 8 11 9 8 4 3 4 3
p047-b6-t2,typed,nonlinear_backfill,11,15,9,1 2 3 5 4 6 7 10 7 9 11 10 8 9 5
p047-b6-t3,typed,nonlinear_backfill,7,19,5,1 3 1 3 2 3 4 3 4 5 4 5 7 8 7 8 7 5 4
p047-b6-t4,typed,nonlinear_backfill,12,18,3,1 2 1 2 3 6 10 8 10 9 11 13 12 7 6 4 3 2
p047-b6-t5,typed,linear_regression,2,3,2,1 2 1
p047-b6-t6,typed,nonlinear_backfill,5,10,4,1 2 1 5 2 3 4 3 4 2
p047-b6-t7,typed,nonlinear_backfill,8,22,5,1 2 1 2 1 2 1 2 5 1 5 8 5 8 5 6 7 5 4 5 3 4
p047-b6-t8,typed,nonlinear_backfill,10,20,9,1 2 1 2 3 2 5 4 3 4 3 6 8 7 6 9 10 9 7 6
p048-b1-t1,typed,linear_regression,4,11,2,1 2 3 2 3 4 2 1 2 1 2
p048-b1-t10,typed,linear_regression,8,18,1,1 2 3 2 4 5 6 7 6 7 8 7 8 7 8 5 2 1
p048-b1-t2,typed,linear_regression,7,15,1,1 2 1 2 3 4 3 4 5 6 5 6 7 2 1
p048-b1-t3,typed,nonlinear_skip_only,6,16,2,1 2 3 4 7 8 4 2 1 2 1 2 1 2 1 2
p048-b1-t4,typed,nonlinear_backfill,8,14,3,1 2 3 2 3 5 7 6 8 5 4 1 2 3
p048-b1-t5,typed,nonlinear_skip_only,5,10,1,1 2 3 5 6 1 2 1 2 1
p048-b1-t6,typed,nonlinear_skip_only,10,17,1,1 2 3 4 3 5 6 7 8 10 11 10 6 3 1 2 1
p048-b1-t7,typed,linear_regression,6,20,1,1 2 1 2 3 2 3 4 3 4 5 6 5 3 2 3 4 1 3 1
p048-b1-t8,typed,linear_regression,6,18,3,1 2 1 3 4 5 6 5 2 3 1 2 3 1 2 3 2 1
p048-b2-t1,typed,strictly_linear,1,1,1,1
p048-b2-t10,typed,linear_regression,4,22,1,1 2 1 2 1 2 1 2 1 2 1 2 1 2 3 4 3 1 2 1 2 1
p048-b2-t2,typed,nonlinear_skip_only,5,9,6,1 2 1 2 3 2 3 4 6
p048-b2-t3,typed,nonlinear_backfill,9,29,5,1 5 6 8 7 6 4 5 4 5 6 7 8 9 4 5 4 2 3 1 2 5 6 8 4 5 6 5 1
p048-b2-t5,typed,nonlinear_backfill,11,30,9,1 2 3 4 6 7 9 10 9 10 9 8 9 8 9 10 8 4 10 11 10 9 10 7 9 8 9 10 7 5
p048-b2-t6,typed,nonlinear_backfill,6,10,2,1 2 1 2 4 5 6 5 3 2
p048-b2-t7,typed,nonlinear_skip_only,8,21,1,1 2 1 2 3 2 3 4 5 6 7 9 1 2 1 2 1 2 1 2 1
p048-b2-t9,typed,nonlinear_backfill,10,32,2,1 2 1 2 1 3 4 5 4 5 10 9 8 7 6 3 2 1 3 2 3 1 3 1 2 1 2 1 2 1 2 1
p048-b3-t1,typed,linear_regression,5,22,2,1 2 1 2 1 2 1 2 3 4 5 3 2 3 2 1 2 1 2 1 2 1
p048-b3-t10,typed,linear_regression,2,3,1,1 2 1
p048-b3-t2,typed,nonlinear_backfill,4,6,1,1 2 1 7 5 1
p048-b3-t3,typed,nonlinear_skip_only,8,27,1,1 2 1 2 3 2 3 4 3 4 6 7 8 9 8 4 3 4 3 2 1 2 1 2 1 2 1
p048-b3-t4,typed,nonlinear_backfill,5,20,3,1 2 1 2 3 2 1 2 3 2 1 5 4 3 1 2 3 1 2 3
p048-b3-t5,typed,linear_regression,7,16,5,1 2 1 2 1 2 3 4 5 6 7 6 5 4 5 4
p048-b3-t6,typed,linear_regression,2,21,1,1 2 1 2 1 2 1 2 1 2 1 2 1 2 1 2 1 2 1 2 1
p048-b3-t7,typed,linear_regression,5,18,1,1 2 1 2 1 2 1 2 3 4 5 3 1 2 1 3 4 1
p048-b3-t8,typed,nonlinear_backfill,7,24,2,1 2 1 2 5 6 5 6 5 4 5 3 1 3 5 6 7 1 2 1 2 3 2 1
p048-b3-t9,typed,linear_regression,5,17,5,1 2 1 2 1 2 3 2 4 5 2 4 5 4 3 2 1
p048-b4-t1,typed,nonlinear_backfill,7,15,7,1 2 3 1 3 5 4 5 6 7 6 7 6 5 3
p048-b4-t10,typed,nonlinear_backfill,8,24,1,1 2 1 3 5 4 5 6 7 8 7 3 2 1 2 1 2 3 2 3 2 1 2 1
p048-b4-t2,typed,linear_regression,3,19,1,1 2 1 2 1 2 1 2 1 2 1 2 1 2 1 3 2 3 1
p048-b4-t3,typed,linear_regression,6,14,5,1 2 3 2 4 2 3 2 1 2 3 5 6 5
p048-b4-t5,typed,linear_regression,5,15,2,1 2 1 2 1 2 1 2 3 4 5 4 3 2 1
p048-b4-t6,typed,nonlinear_backfill,5,12,1,2 3 2 1 2 3 1 2 3 4 5 1
p048-b4-t7,typed,nonlinear_backfill,7,18,5,1 2 3 4 2 4 6 5 3 2 3 4 3 7 6 5 4 5
p048-b4-t8,typed,linear_regression,7,28,6,1 2 1 2 1 2 1 3 4 5 6 2 6 5 6 7 1 2 1 2 1 2 1 2 3 6 5 2
p048-b4-t9,typed,linear_regression,8,16,8,1 2 1 2 3 2 3 4 5 6 7 8 7 8 7 8
p048-b5-t1,typed,linear_regression,2,5,1,1 2 1 2 1
p048-b5-t10,typed,nonlinear_skip_only,7,30,1,1 2 3 2 3 2 1 2 1 2 1 2 3 5 6 7 8 7 8 7 2 1 2 1 2 1 2 1 2 1
p048-b5-t2,typed,nonlinear_backfill,4,6,1,1 3 4 1 2 1
p048-b5-t3,typed,nonlinear_skip_only,4,10,2,1 2 4 6 4 1 2 1 2 1
p048-b5-t4,typed,linear_regression,6,16,1,1 2 1 3 2 3 4 5 6 5 1 2 1 2 3 1
p048-b5-t5,typed,linear_regression,4,7,1,1 2 1 2 3 4 1
p048-b5-t6,typed,linear_regression,3,14,2,1 2 3 1 2 1 2 1 2 1 2 3 2 1
p048-b5-t7,typed,linear_regression,5,9,2,1 2 1 3 4 5 2 1 2
p048-b5-t8,typed,linear_regression,5,16,4,1 2 1 2 3 4 2 1 2 3 4 3 4 5 1 4
p048-b5-t9,typed,linear_regression,9,23,2,1 2 1 2 1 2 3 4 5 4 5 6 7 6 4 5 8 9 8 2 3 2 1
p048-b6-t1,typed,linear_regression,3,14,3,1 2 3 2 1 2 1 2 3 2 1 2 3 1
p048-b6-t10,typed,linear_regression,6,30,5,1 2 1 2 1 3 4 3 4 5 4 5 3 1 2 1 2 1 2 1 3 4 5 4 5 6 5 6 5 1
p048-b6-t3,typed,linear_regression,7,28,1,1 2 1 2 1 2 1 2 3 2 3 4 5 4 5 6 7 3 2 1 2 1 2 1 2 1 2 1
p048-b6-t4,typed,linear_regression,9,32,5,1 2 3 2 3 4 5 6 7 8 9 3 2 3 1 2 1 3 2 1 2 1 2 3 4 5 1 5 6 5 1 5
p048-b6-t5,typed,nonlinear_backfill,8,25,1,2 3 5 6 7 8 7 6 7 1 3 2 3 2 3 4 3 2 3 2 3 2 3 2 1
p048-b6-t6,typed,nonlinear_backfill,9,28,2,1 2 1 2 1 2 3 4 6 5 6 7 9 8 6 7 4 6 3 1 2 1 2 1 2 1 2 1
p048-b6-t7,typed,linear_regression,3,24,2,1 2 1 2 1 2 1 2 1 2 1 2 1 2 1 2 1 3 2 3 2 1 2 3
p048-b6-t8,typed,linear_regression,4,8,3,1 2 3 4 3 1 3 1
p048-b6-t9,typed,linear_regression,5,26,4,1 2 1 2 1 2 1 2 1 2 1 2 3 4 3 4 5 4 3 1 2 1 2 4 2 1
p049-b1-t1,typed,linear_regression,4,6,1,1 2 3 4 3 1
p049-b1-t10,typed,linear_regression,5,15,4,1 2 3 1 2 1 2 3 4 5 4 5 2 4 1
p049-b1-t2,typed,linear_regression,3,5,1,1 2 1 3 1
p049-b1-t3,typed,nonlinear_skip_only,5,7,5,1 3 4 5 4 5 8
p049-b1-t4,typed,nonlinear_backfill,4,11,2,1 3 4 1 2 4 2 1 2 4 2
p049-b1-t5,typed,nonlinear_skip_only,5,11,2,1 2 1 2 3 6 7 1 2 3 2
p049-b1-t6,typed,nonlinear_skip_only,4,12,2,1 2 1 5 6 1 2 1 2 6 2 1
p049-b1-t7,typed,linear_regression,8,20,2,1 2 3 4 3 5 4 5 6 7 8 1 2 1 2 1 2 1 2 3
p049-b1-t8,typed,nonlinear_backfill,11,23,5,1 3 5 6 7 8 10 11 14 5 4 5 4 5 4 3 2 5 4 5 6 5 1
p049-b1-t9,typed,nonlinear_backfill,4,8,2,1 2 1 2 4 3 2 1
p049-b2-t1,typed,nonlinear_backfill,3,6,6,5 6 5 6 1 6
p049-b2-t10,typed,linear_regression,3,8,2,1 2 1 3 2 1 2 1
p049-b2-t2,typed,nonlinear_backfill,5,9,5,1 5 4 5 4 5 6 3 1
p049-b2-t3,typed,linear_regression,5,8,4,1 2 1 3 4 5 3 4
p049-b2-t4,typed,nonlinear_skip_only,4,5,1,1 2 5 6 1
p049-b2-t5,typed,nonlinear_backfill,7,8,5,1 3 5 6 5 7 4 2
p049-b2-t6,typed,strictly_linear,1,1,1,1
p049-b2-t7,typed,linear_regression,2,3,2,1 2 1
p049-b2-t8,typed,linear_regression,2,7,2,1 2 1 2 1 2 1
p049-b2-t9,typed,nonlinear_backfill,4,8,4,1 2 1 2 4 3 4 1
p049-b3-t1,typed,linear_regression,4,7,4,1 2 1 2 3 4 2
p049-b3-t10,typed,nonlinear_skip_only,4,10,3,1 2 1 3 2 5 2 3 2 1
p049-b3-t2,typed,linear_regression,2,3,2,1 2 1
p049-b3-t3,typed,strictly_linear,1,1,1,1
p049-b3-t4,typed,nonlinear_backfill,4,4,4,1 2 4 3
p049-b3-t5,typed,strictly_linear,2,2,2,1 2
p049-b3-t6,typed,nonlinear_backfill,5,7,5,1 2 5 6 5 3 5
p049-b3-t7,typed,linear_regression,3,5,3,1 2 1 2 3
p049-b3-t8,typed,nonlinear_skip_only,7,15,3,1 2 1 3 2 1 4 5 7 8 7 3 2 3 1
p049-b3-t9,typed,linear_regression,5,7,4,1 2 3 4 5 4 2
p049-b4-t1,typed,nonlinear_skip_only,4,4,6,1 2 4 6
p049-b4-t10,typed,linear_regression,5,16,2,1 2 1 2 3 4 3 1 4 5 1 2 3 1 2 1
p049-b4-t2,typed,nonlinear_backfill,4,5,4,1 3 4 3 2
p049-b4-t4,typed,nonlinear_backfill,4,6,3,1 4 3 2 3 4
p049-b4-t5,typed,linear_regression,2,5,2,1 2 1 2 1
p049-b4-t7,typed,linear_regression,4,7,3,1 2 1 2 3 4 1
p049-b4-t8,typed,strictly_linear,1,1,1,1
p049-b4-t9,typed,linear_regression,4,7,3,1 2 3 4 3 2 1
p049-b5-t1,typed,nonlinear_backfill,4,4,4,2 1 3 4
p049-b5-t10,typed,nonlinear_backfill,3,7,5,5 4 3 5 4 5 4
p049-b5-t2,typed,linear_regression,3,11,2,1 2 1 2 1 2 3 2 3 2 1
p049-b5-t3,typed,nonlinear_skip_only,5,8,5,1 3 4 5 6 5 4 3
p049-b5-t4,typed,linear_regression,2,6,2,1 2 1 2 1 2
p049-b5-t5,typed,nonlinear_backfill,5,10,2,1 2 1 2 5 4 3 2 1 2
p049-b5-t6,typed,nonlinear_skip_only,4,9,5,1 4 5 4 5 6 5 4 5
p049-b5-t7,typed,nonlinear_backfill,5,8,4,1 2 5 4 2 3 4 3
p049-b5-t8,typed,nonlinear_backfill,8,10,5,1 3 2 1 4 5 6 7 8 5
p049-b5-t9,typed,nonlinear_backfill,10,14,8,1 2 3 4 5 6 8 7 8 10 9 10 8 7
p049-b6-t1,typed,strictly_linear,1,1,1,1
p049-b6-t10,typed,nonlinear_skip_only,8,23,4,1 2 1 2 3 4 5 6 8 9 6 5 6 5 4 3 5 4 3 2 3 4 1
p049-b6-t2,typed,nonlinear_backfill,9,17,1,1 3 4 5 2 5 8 9 10 9 10 8 6 5 3 2 1
p049-b6-t3,typed,linear_regression,2,4,2,1 2 1 2
p049-b6-t4,typed,linear_regression,8,11,6,1 2 1 3 4 3 5 6 7 6 8
p049-b6-t5,typed,linear_regression,4,8,2,1 2 1 2 3 4 2 1
p049-b6-t6,typed,linear_regression,7,9,6,1 2 1 2 3 4 5 6 7
p049-b6-t7,typed,linear_regression,6,16,5,1 2 1 3 4 1 3 4 5 4 3 2 5 4 5 6
p049-b6-t8,typed,nonlinear_backfill,6,11,4,1 2 1 5 3 4 3 4 5 6 5
p049-b6-t9,typed,nonlinear_skip_only,7,9,1,1 2 3 2 4 5 6 8 1
p050-b1-t1,typed,nonlinear_backfill,11,27,5,1 5 3 2 1 6 7 8 7 8 12 13 6 7 8 9 7 8 6 5 4 3 2 1 5 3 5
p050-b1-t10,typed,nonlinear_skip_only,9,17,1,1 2 1 2 3 4 7 8 9 10 11 10 1 2 1 2 1
p050-b1-t2,typed,nonlinear_backfill,12,27,1,1 2 3 1 2 3 4 7 10 11 12 13 9 4 3 1 2 3 1 5 3 5 6 2 1 4 1
p050-b1-t3,typed,nonlinear_backfill,9,19,9,1 3 1 4 8 9 5 6 7 8 9 8 7 1 2 4 7 9 8
p050-b1-t4,typed,nonlinear_backfill,10,20,1,1 2 4 3 1 3 4 1 7 8 10 7 12 14 15 12 4 1 2 1
p050-b1-t5,typed,nonlinear_backfill,11,15,2,1 2 3 5 6 7 9 10 13 14 13 11 1 2 1
p050-b1-t6,typed,nonlinear_backfill,10,21,5,1 4 5 1 2 3 4 7 10 11 12 11 10 9 5 1 2 3 4 5 1
p050-b1-t7,typed,nonlinear_backfill,7,17,6,1 2 1 2 3 6 7 6 7 11 6 4 3 6 3 6 3
p050-b1-t8,typed,nonlinear_backfill,5,9,1,1 3 1 2 3 4 5 3 1
p050-b1-t9,typed,nonlinear_backfill,12,24,2,1 4 5 6 7 8 7 9 11 12 13 5 4 5 4 3 2 1 2 1 2 1 2 1
p050-b2-t1,typed,nonlinear_backfill,9,12,9,1 2 1 3 4 8 9 11 9 8 6 5
p050-b2-t10,typed,nonlinear_backfill,10,16,1,1 2 3 5 6 5 4 1 2 3 8 12 14 13 1 2
p050-b2-t2,typed,nonlinear_backfill,13,22,3,1 2 3 4 6 12 11 10 13 15 12 15 12 14 15 10 9 5 3 1 3 1
p050-b2-t3,typed,nonlinear_backfill,9,26,3,1 2 1 3 4 5 6 4 5 8 5 4 2 1 3 4 7 10 4 1 2 3 2 3 2 1
p050-b2-t4,typed,nonlinear_backfill,7,13,1,1 4 5 4 7 12 7 3 1 3 1 2 1
p050-b2-t6,typed,nonlinear_backfill,11,13,1,1 2 3 4 3 5 7 10 12 13 14 9 1
p050-b2-t7,typed,nonlinear_backfill,6,14,1,1 3 2 1 2 1 3 4 5 7 5 3 2 1
p050-b2-t8,typed,nonlinear_backfill,9,18,4,1 4 5 9 12 9 7 3 1 2 4 5 6 4 7 9 7 4
p050-b2-t9,typed,nonlinear_skip_only,8,12,5,1 2 1 2 3 4 5 7 12 13 5 4
p050-b3-t1,typed,nonlinear_backfill,6,9,1,1 2 1 5 4 5 10 8 1
p050-b3-t10,typed,nonlinear_backfill,9,14,1,1 2 1 2 5 6 7 6 8 10 9 11 5 1
p050-b3-t2,typed,linear_regression,6,8,1,1 2 3 4 5 6 4 1
p050-b3-t3,typed,nonlinear_backfill,11,17,9,1 2 1 2 3 1 4 5 4 9 10 11 13 12 9 8 9
p050-b3-t5,typed,nonlinear_backfill,7,13,5,1 2 3 5 7 8 1 2 3 4 5 7 3
p050-b3-t6,typed,nonlinear_skip_only,6,15,1,1 2 1 2 1 2 3 4 3 1 8 9 4 2 1
p050-b3-t7,typed,nonlinear_backfill,6,12,3,2 1 3 4 3 4 1 4 5 7 3 2
p050-b3-t8,typed,nonlinear_backfill,9,15,2,1 3 4 3 4 7 8 11 12 5 1 2 4 2 1
p050-b3-t9,typed,linear_regression,7,16,4,1 2 3 4 5 6 7 2 1 2 3 4 2 3 4 2
p050-b4-t10,typed,nonlinear_backfill,4,7,1,1 2 4 3 2 3 1
p050-b4-t2,typed,nonlinear_backfill,7,15,3,1 2 8 2 3 4 6 8 7 6 2 1 2 3 2
p050-b4-t3,typed,nonlinear_backfill,6,14,1,1 2 3 4 7 5 4 2 1 2 3 1 2 1
p050-b4-t4,typed,nonlinear_backfill,6,9,8,1 6 8 1 3 8 9 8 4
p050-b4-t5,typed,nonlinear_backfill,6,12,2,1 2 1 3 5 6 5 4 3 2 1 2
p050-b4-t6,typed,nonlinear_backfill,11,17,5,1 2 3 1 3 4 5 6 5 7 11 12 9 8 4 5 4
p050-b4-t8,typed,nonlinear_backfill,8,15,1,1 2 1 8 11 12 14 13 11 8 3 1 3 2 1
p050-b4-t9,typed,nonlinear_backfill,8,12,1,1 2 1 3 7 9 8 11 5 1 2 1
p050-b5-t10,typed,nonlinear_backfill,10,26,8,1 3 2 3 4 7 9 8 9 10 11 6 3 2 1 4 3 4 3 4 7 8 9 8 9 8
p050-b5-t2,typed,nonlinear_skip_only,4,13,4,1 3 4 3 5 4 5 4 3 4 1 4 1
p050-b5-t4,typed,nonlinear_backfill,7,11,1,1 2 1 3 2 8 9 10 8 5 1
p050-b5-t5,typed,nonlinear_skip_only,5,17,1,1 2 1 2 1 2 3 2 1 2 3 5 3 5 6 2 1
p050-b5-t6,typed,nonlinear_backfill,9,19,1,1 2 1 2 4 7 8 9 11 12 5 4 5 2 1 2 1 2 1
p050-b5-t7,typed,nonlinear_backfill,5,6,1,1 3 6 10 5 1
p050-b5-t8,typed,nonlinear_skip_only,5,9,1,1 2 1 2 5 6 9 1 2
p050-b6-t1,typed,nonlinear_backfill,10,13,1,1 2 1 3 4 6 9 11 12 13 9 5 1
p050-b6-t10,typed,nonlinear_backfill,10,12,11,1 2 3 6 7 11 13 11 9 8 7 5
p050-b6-t2,typed,nonlinear_backfill,8,18,1,1 2 4 5 3 2 4 5 6 9 10 2 3 1 2 1 2 1
p050-b6-t3,typed,nonlinear_backfill,8,17,2,1 2 3 2 1 3 4 5 8 10 9 4 3 2 1 2 1
p050-b6-t6,typed,nonlinear_backfill,7,17,5,1 2 4 1 2 3 4 6 4 3 1 5 7 1 4 5 6
p050-b6-t7,typed,nonlinear_backfill,5,7,1,1 3 8 9 1 2 1
p050-b6-t8,typed,nonlinear_skip_only,6,10,2,1 2 7 8 12 13 12 1 2 1
p050-b6-t9,typed,nonlinear_backfill,9,17,4,1 2 1 2 4 3 2 1 4 6 12 13 7 5 3 4 2
