{
  "absolute": {
    "attribution": "absolute",
    "n_records": 6112,
    "n_returned": 3472,
    "n_not_returned": 2640,
    "n_participants": 46,
    "n_trials": 2416,
    "angle1_obs_mw": {
      "p_one_sided_greater": 0.0004235205253040938,
      "cohens_d": 0.02472320834132108,
      "cliffs_delta": 0.04975365696131817,
      "median_returned": 20.8367475,
      "median_not": 18.8795665,
      "mean_returned": 37.99693274625576,
      "mean_not": 36.525180521212114
    },
    "angle2_obs_auc": {
      "auc": 0.5248768284806591,
      "ci95": [
        0.5110582404368695,
        0.5392596714432037
      ]
    },
    "angle3_participant_wilcoxon_meandelta": {
      "n_participants_in_test": 46,
      "mean_delta_across_participants": 1.7013995906070487,
      "pct_positive": 54.347826086956516,
      "p_two_sided": 0.5733178874168061,
      "p_one_sided_greater": 0.28665894370840306
    },
    "angle4_participant_wilcoxon_medianofmedians": {
      "n_participants_in_test": 46,
      "median_of_medians_delta": 1.6161642499999997,
      "pct_positive": 60.86956521739131,
      "p_two_sided": 0.01727018216848819,
      "p_one_sided_greater": 0.008635091084244095
    },
    "angle5_variance_partition": {
      "note": "mixed-effects unavailable (no statsmodels); proxy via obs-vs-participant p-value gap",
      "obs_p_one_sided": 0.0004235205253040938,
      "participant_mean_p_one_sided": 0.28665894370840306,
      "spread_log10": 2.830491033608256
    },
    "angle6_per_participant_auc": {
      "n_participants": 46,
      "auc_mean": 0.5258638390617758,
      "auc_median": 0.528407341966664,
      "pct_above_chance": 65.21739130434783,
      "sign_test_p_one_sided": 0.027038015929434778,
      "auc_p25": 0.47128885795355646,
      "auc_p75": 0.5811151550062841
    },
    "angle8_rank_stratified": {
      "P0-P3 (commit-action surface)": {
        "n_total": 4229,
        "n_returned": 2837,
        "p_one_sided_greater": 0.08947226651668977,
        "cohens_d": -0.023353161669536555,
        "median_returned": 22.487811,
        "median_not": 21.295913
      },
      "P4-P10 (plateau)": {
        "n_total": 1870,
        "n_returned": 635,
        "p_one_sided_greater": 0.9448850805811586,
        "cohens_d": -0.04120734913624306,
        "median_returned": 14.947636,
        "median_not": 16.064228
      }
    },
    "angle9_cluster_bootstrap": {
      "participant_cluster_ci95_on_mean_delta": [
        -1.723815455020767,
        5.67551899455633
      ],
      "trial_cluster_ci95_on_mean_delta": [
        -1.5655007789064022,
        4.3053769597103315
      ],
      "trial_cluster_mean_delta": 1.4569571409068849
    },
    "angle10_comparator_ripa2": {
      "n_with_ripa2": 6112,
      "p_two_sided": 0.5867779722400693,
      "cohens_d": -0.02787550576657373,
      "median_returned": 0.000413,
      "median_not": 0.000415
    },
    "angle10_comparator_note": "first-pass dwell wr/nr from K16: 194 vs 214 ms (gaze-only, p=8.1e-32, opposite direction \u2014 wr lingered LESS at fixation level but had HIGHER LF/HF segment-level)",
    "angle11_per_rank": {
      "0": {
        "n_returned": 854,
        "n_not": 182,
        "median_returned": 29.7679075,
        "median_not": 29.095924500000002,
        "delta_median": 0.6719829999999973,
        "cohens_d": -0.13062600170285177,
        "p_two_sided": 0.700134434957264
      },
      "1": {
        "n_returned": 856,
        "n_not": 276,
        "median_returned": 21.974069999999998,
        "median_not": 23.393984,
        "delta_median": -1.4199140000000021,
        "cohens_d": -0.06465345292036903,
        "p_two_sided": 0.833721380142861
      },
      "2": {
        "n_returned": 677,
        "n_not": 497,
        "median_returned": 18.631696,
        "median_not": 19.938906,
        "delta_median": -1.3072099999999978,
        "cohens_d": -0.04215828285129054,
        "p_two_sided": 0.6758527234946237
      },
      "3": {
        "n_returned": 450,
        "n_not": 437,
        "median_returned": 17.788877499999998,
        "median_not": 18.651243,
        "delta_median": -0.8623655000000028,
        "cohens_d": -0.0997614769217679,
        "p_two_sided": 0.2142737126632681
      },
      "4": {
        "n_returned": 261,
        "n_not": 340,
        "median_returned": 16.62837,
        "median_not": 17.590308,
        "delta_median": -0.961938,
        "cohens_d": -0.09825352968093057,
        "p_two_sided": 0.4825811665177241
      },
      "5": {
        "n_returned": 184,
        "n_not": 253,
        "median_returned": 14.644769499999999,
        "median_not": 20.63906,
        "delta_median": -5.994290500000002,
        "cohens_d": -0.09445327308290545,
        "p_two_sided": 0.03857992517064603
      },
      "6": {
        "n_returned": 102,
        "n_not": 214,
        "median_returned": 12.861869500000001,
        "median_not": 14.9977915,
        "delta_median": -2.135921999999999,
        "cohens_d": -0.19250129184982398,
        "p_two_sided": 0.14471080349142845
      },
      "7": {
        "n_returned": 69,
        "n_not": 167,
        "median_returned": 12.268714,
        "median_not": 13.949386,
        "delta_median": -1.6806720000000013,
        "cohens_d": 0.0029600051757552024,
        "p_two_sided": 0.7468349676383047
      },
      "8": {
        "n_returned": 13,
        "n_not": 140,
        "median_returned": 16.140775,
        "median_not": 12.9672365,
        "delta_median": 3.173538500000001,
        "cohens_d": 0.3252032477433296,
        "p_two_sided": 0.8932942811608899
      },
      "9": {
        "n_returned": 6,
        "n_not": 84,
        "median_returned": 14.830218,
        "median_not": 15.576692,
        "delta_median": -0.7464739999999992,
        "cohens_d": -0.32296928463048047,
        "p_two_sided": 0.8191000266087544
      }
    },
    "angle12a_ge3_position_trials": {
      "n_trials": 1026,
      "n_records": 3997,
      "p_one_sided_greater": 0.0004730408531027382,
      "cohens_d": 0.03581299119248586
    },
    "angle12b_log_transform": {
      "n_records": 6112,
      "p_one_sided_greater": 0.0004235205253040938,
      "cohens_d": 0.0807851588046456
    },
    "angle12c_trimmed": {
      "n_records": 5806,
      "p_one_sided_greater": 0.00031048968336422095,
      "cohens_d": 0.08339992273719722
    }
  },
  "organic": {
    "attribution": "organic",
    "n_records": 4450,
    "n_returned": 2541,
    "n_not_returned": 1909,
    "n_participants": 46,
    "n_trials": 2174,
    "angle1_obs_mw": {
      "p_one_sided_greater": 0.1527137304860548,
      "cohens_d": -0.019508998589479805,
      "cliffs_delta": 0.01792396215940184,
      "median_returned": 19.85076,
      "median_not": 18.576239,
      "mean_returned": 35.922829576151116,
      "mean_not": 37.0920939376637
    },
    "angle2_obs_auc": {
      "auc": 0.5089619810797009,
      "ci95": [
        0.49130489543727385,
        0.5262298585404226
      ]
    },
    "angle3_participant_wilcoxon_meandelta": {
      "n_participants_in_test": 46,
      "mean_delta_across_participants": -1.3523501715856285,
      "pct_positive": 50.0,
      "p_two_sided": 0.6808140231090931,
      "p_one_sided_greater": 0.6635568007992418
    },
    "angle4_participant_wilcoxon_medianofmedians": {
      "n_participants_in_test": 46,
      "median_of_medians_delta": -0.6672905000000009,
      "pct_positive": 43.47826086956522,
      "p_two_sided": 0.7209575267852415,
      "p_one_sided_greater": 0.6435679662924088
    },
    "angle5_variance_partition": {
      "note": "mixed-effects unavailable (no statsmodels); proxy via obs-vs-participant p-value gap",
      "obs_p_one_sided": 0.1527137304860548,
      "participant_mean_p_one_sided": 0.6635568007992418,
      "spread_log10": 0.6380000184066953
    },
    "angle6_per_participant_auc": {
      "n_participants": 46,
      "auc_mean": 0.49539177655238675,
      "auc_median": 0.4831559806326271,
      "pct_above_chance": 45.65217391304348,