{
  "experiment": "\u00a74.3 diagnostic ceiling \u2014 gaze-gated vs deployable LOSO LR",
  "generated": "2026-05-15T04:30:07.981364+00:00",
  "config": {
    "attribution": "organic",
    "click_buffer_ms": 500,
    "approach_threshold_px": 100,
    "model": "LOSO-by-participant class-balanced LR + in-fold StandardScaler",
    "target_label": "NB22 gaze_regression label (deferred=1, eval_rejected=0)",
    "pool_definition": "approached non-click episodes under [organic]: min_dist < 100 & ~was_clicked",
    "label_alignment": "(trial_id, position) re-keyed off canonical \u0394=0 cache",
    "m4_canonical": [
      "min_dist",
      "mean_dist",
      "dwell_in_proximity_ms",
      "mean_approach_velocity",
      "max_approach_velocity",
      "direction_changes",
      "frac_decreasing"
    ],
    "m4_legacy_extras": [
      "final_dist",
      "retreat_dist"
    ],
    "input_files": {
      "canonical_extractor": {
        "canonical_features": "AdSERP/data/cursor-approach-features-organic.json",
        "buf500_features": "AdSERP/data/cursor-approach-features-organic-buf500.json"
      },
      "gaze_gated_extractor": {
        "canonical_features": "AdSERP/data/cursor-approach-features-lab-gaze-gated-organic.json",
        "buf500_features": "AdSERP/data/cursor-approach-features-lab-gaze-gated-organic-buf500.json"
      }
    },
    "regression_label_cache": "scripts/output/approach_threshold_sensitivity/regression_labels_cache_organic.json"
  },
  "cells": {
    "canonical_extractor__canonical_7": {
      "auc": 0.7524638885740551,
      "per_participant_mean": 0.7392238472707799,
      "per_participant_sd": 0.1483438226828751,
      "per_participant_n": 46,
      "per_participant_aucs": {
        "p047": 0.7397959183673469,
        "p037": 0.8034398034398034,
        "p015": 0.8802588996763754,
        "p044": 0.7532123960695389,
        "p011": 0.7990196078431372,
        "p005": 0.7753338570306364,
        "p028": 0.9824175824175824,
        "p045": 0.6970443349753694,
        "p009": 0.6875,
        "p019": 0.7959949937421777,
        "p025": 0.7588652482269505,
        "p050": 0.6894308943089431,
        "p040": 0.691358024691358,
        "p043": 0.7244897959183674,
        "p042": 0.7142857142857143,
        "p006": 0.7274725274725274,
        "p034": 0.8034188034188035,
        "p039": 0.7541666666666667,
        "p017": 0.7165898617511521,
        "p035": 0.6253101736972704,
        "p012": 0.8650793650793652,
        "p036": 0.8177339901477833,
        "p030": 0.7170868347338935,
        "p029": 0.6223776223776223,
        "p021": 0.7866666666666666,
        "p046": 0.6309523809523809,
        "p033": 0.7222222222222222,
        "p007": 0.6018518518518519,
        "p041": 0.8269230769230769,
        "p048": 0.6708074534161491,
        "p010": 0.75,
        "p026": 0.9583333333333333,
        "p020": 0.6282051282051282,
        "p014": 0.8157894736842105,
        "p008": 0.8888888888888888,
        "p022": 0.5888888888888889,
        "p027": 0.78125,
        "p016": 0.5,
        "p049": 0.8,
        "p038": 0.8888888888888888,
        "p031": 0.8974358974358975,
        "p004": 0.8461538461538461,
        "p013": 0.8333333333333334,
        "p024": 0.7272727272727273,
        "p018": 0.0,
        "p032": 0.71875
      }
    },
    "canonical_extractor__legacy_9": {
      "auc": 0.7592857052904656,
      "per_participant_mean": 0.7393856394047623,
      "per_participant_sd": 0.15251985458133877,
      "per_participant_n": 46,
      "per_participant_aucs": {
        "p047": 0.7659863945578231,
        "p037": 0.7878787878787878,
        "p015": 0.766990291262136,
        "p044": 0.7505668934240363,
        "p011": 0.8074229691876751,
        "p005": 0.7871170463472114,
        "p028": 0.9769230769230769,
        "p045": 0.7372742200328407,
        "p009": 0.7076271186440678,
        "p019": 0.7959949937421777,
        "p025": 0.7712765957446809,
        "p050": 0.6520325203252033,
        "p040": 0.6444444444444444,
        "p043": 0.826530612244898,
        "p042": 0.7006802721088435,
        "p006": 0.7846153846153846,
        "p034": 0.774928774928775,
        "p039": 0.8458333333333334,
        "p017": 0.7626728110599078,
        "p035": 0.6352357320099256,
        "p012": 0.8650793650793651,
        "p036": 0.8768472906403941,
        "p030": 0.7703081232492996,
        "p029": 0.6608391608391608,
        "p021": 0.7911111111111111,
        "p046": 0.626984126984127,
        "p033": 0.6161616161616161,
        "p007": 0.48148148148148145,
        "p041": 0.7692307692307693,
        "p048": 0.6832298136645962,
        "p010": 0.7277777777777777,
        "p026": 0.9761904761904762,
        "p020": 0.4871794871794872,
        "p014": 0.8421052631578947,
        "p008": 0.8777777777777778,
        "p022": 0.6111111111111112,
        "p027": 0.734375,
        "p016": 0.5,
        "p049": 0.8307692307692307,
        "p038": 0.9027777777777778,
        "p031": 0.8974358974358975,
        "p004": 0.8717948717948718,
        "p013": 0.9285714285714286,
        "p024": 0.5909090909090909,
        "p018": 0.09090909090909091,
        "p032": 0.71875
      }
    },
    "gaze_gated_extractor__canonical_7": {
      "auc": 0.7808140340272268,
      "per_participant_mean": 0.7590521673412483,
      "per_participant_sd": 0.13552457928931735,
      "per_participant_n": 46,
      "per_participant_aucs": {
        "p047": 0.7666666666666667,
        "p037": 0.8001638001638002,
        "p015": 0.8705501618122977,
        "p044": 0.7569916855631141,
        "p011": 0.8088235294117647,
        "p005": 0.7918303220738413,
        "p028": 0.9692307692307692,
        "p045": 0.722495894909688,
        "p009": 0.6800847457627119,
        "p019": 0.7647058823529411,
        "p025": 0.7375886524822696,
        "p050": 0.8016260162601626,
        "p040": 0.6888888888888889,
        "p043": 0.8537414965986394,
        "p042": 0.7346938775510204,
        "p006": 0.7142857142857142,
        "p034": 0.8034188034188035,
        "p039": 0.7958333333333333,
        "p017": 0.7764976958525346,
        "p035": 0.7146401985111662,
        "p012": 0.7936507936507936,
        "p036": 0.8128078817733991,
        "p030": 0.711484593837535,
        "p029": 0.6958041958041958,
        "p021": 0.84,
        "p046": 0.7261904761904762,
        "p033": 0.7222222222222223,
        "p007": 0.6481481481481481,
        "p041": 0.9230769230769231,
        "p048": 0.6770186335403727,
        "p010": 0.7444444444444445,
        "p026": 0.9702380952380952,
        "p020": 0.7307692307692308,
        "p014": 0.8684210526315789,
        "p008": 0.8999999999999999,
        "p022": 0.5555555555555556,
        "p027": 0.828125,
        "p016": 0.53125,
        "p049": 0.7846153846153846,
        "p038": 0.9166666666666666,
        "p031": 0.7692307692307693,
        "p004": 0.8717948717948718,
        "p013": 0.7142857142857143,
        "p024": 0.8181818181818181,
        "p018": 0.09090909090909091,
        "p032": 0.71875
      }
    },
    "gaze_gated_extractor__legacy_9": {
      "auc": 0.7866460135756295,
      "per_participant_mean": 0.7618852238954842,
      "per_participant_sd": 0.1339032625558172,
      "per_participant_n": 46,
      "per_participant_aucs": {
        "p047": 0.7850340136054421,
        "p037": 0.7952497952497953,
        "p015": 0.8025889967637541,
        "p044": 0.7551020408163265,
        "p011": 0.8130252100840335,
        "p005": 0.791044776119403,
        "p028": 0.9703296703296703,
        "p045": 0.7422003284072249,
        "p009": 0.7076271186440678,
        "p019": 0.7734668335419275,
        "p025": 0.7854609929078015,
        "p050": 0.7414634146341463,
        "p040": 0.6765432098765432,
        "p043": 0.8843537414965986,
        "p042": 0.7278911564625851,
        "p006": 0.7736263736263737,
        "p034": 0.7806267806267806,
        "p039": 0.8541666666666666,
        "p017": 0.815668202764977,
        "p035": 0.7096774193548386,