trial_id,role,parent_etype,main_axis,parent_rank,cell_index,left_x,top_y,right_x,bottom_y,n_cells,card_id,dom_handle,geometry_source
p004-b5-t7,parent,dd_top,True,0,,162.0,158.0,749.0,540.0,3,,,typed_parent_unchanged
p004-b5-t7,cell,dd_top,True,0,0,162.0253,194.0,352.8551,531.5671,3,vplaurlg0,html:nth-of-type(1) > body:nth-of-type(1) > div:nth-of-type(8) > div:nth-of-type(1) > div:nth-of-type(10) > div:nth-of-type(1) > div:nth-of-type(1) > div:nth-of-type(3) > div:nth-of-type(1) > div:nth-of-type(1) > div:nth-of-type(1) > div:nth-of-type(1) > div:nth-of-type(2) > div:nth-of-type(1) > div:nth-of-type(1) > div:nth-of-type(1),dom_screenshot_registered
p004-b5-t7,cell,dd_top,True,0,1,360.0563,194.0,550.8861,531.5671,3,vplaurlg1,html:nth-of-type(1) > body:nth-of-type(1) > div:nth-of-type(8) > div:nth-of-type(1) > div:nth-of-type(10) > div:nth-of-type(1) > div:nth-of-type(1) > div:nth-of-type(3) > div:nth-of-type(1) > div:nth-of-type(1) > div:nth-of-type(1) > div:nth-of-type(1) > div:nth-of-type(2) > div:nth-of-type(1) > div:nth-of-type(1) > div:nth-of-type(2),dom_screenshot_registered
p004-b5-t7,cell,dd_top,True,0,2,558.0872,194.0,748.917,531.5671,3,vplaurlg2,html:nth-of-type(1) > body:nth-of-type(1) > div:nth-of-type(8) > div:nth-of-type(1) > div:nth-of-type(10) > div:nth-of-type(1) > div:nth-of-type(1) > div:nth-of-type(3) > div:nth-of-type(1) > div:nth-of-type(1) > div:nth-of-type(1) > div:nth-of-type(1) > div:nth-of-type(2) > div:nth-of-type(1) > div:nth-of-type(1) > div:nth-of-type(3),dom_screenshot_registered
p005-b2-t1,parent,dd_top,True,0,,162.0,158.0,748.0,454.0,5,,,typed_parent_unchanged
p005-b2-t1,cell,dd_top,True,0,0,162.0253,194.0,273.6427,445.11,5,vplaurlg0,html:nth-of-type(1) > body:nth-of-type(1) > div:nth-of-type(8) > div:nth-of-type(1) > div:nth-of-type(10) > div:nth-of-type(1) > div:nth-of-type(1) > div:nth-of-type(3) > div:nth-of-type(1) > div:nth-of-type(1) > div:nth-of-type(1) > div:nth-of-type(1) > div:nth-of-type(2) > div:nth-of-type(1) > g-scrolling-carousel:nth-of-type(1) > div:nth-of-type(1) > div:nth-of-type(1) > div:nth-of-type(1) > div:nth-of-type(1) > div:nth-of-type(1),dom_screenshot_registered
p005-b2-t1,cell,dd_top,True,0,1,280.8439,194.0,392.46130000000005,445.11,5,vplaurlg1,html:nth-of-type(1) > body:nth-of-type(1) > div:nth-of-type(8) > div:nth-of-type(1) > div:nth-of-type(10) > div:nth-of-type(1) > div:nth-of-type(1) > div:nth-of-type(3) > div:nth-of-type(1) > div:nth-of-type(1) > div:nth-of-type(1) > div:nth-of-type(1) > div:nth-of-type(2) > div:nth-of-type(1) > g-scrolling-carousel:nth-of-type(1) > div:nth-of-type(1) > div:nth-of-type(1) > div:nth-of-type(1) > div:nth-of-type(1) > div:nth-of-type(2),dom_screenshot_registered
p005-b2-t1,cell,dd_top,True,0,2,399.6624,194.0,511.2798,445.11,5,vplaurlg2,html:nth-of-type(1) > body:nth-of-type(1) > div:nth-of-type(8) > div:nth-of-type(1) > div:nth-of-type(10) > div:nth-of-type(1) > div:nth-of-type(1) > div:nth-of-type(3) > div:nth-of-type(1) > div:nth-of-type(1) > div:nth-of-type(1) > div:nth-of-type(1) > div:nth-of-type(2) > div:nth-of-type(1) > g-scrolling-carousel:nth-of-type(1) > div:nth-of-type(1) > div:nth-of-type(1) > div:nth-of-type(1) > div:nth-of-type(1) > div:nth-of-type(3),dom_screenshot_registered
p005-b2-t1,cell,dd_top,True,0,3,518.481,194.0,630.0984,445.11,5,vplaurlg3,html:nth-of-type(1) > body:nth-of-type(1) > div:nth-of-type(8) > div:nth-of-type(1) > div:nth-of-type(10) > div:nth-of-type(1) > div:nth-of-type(1) > div:nth-of-type(3) > div:nth-of-type(1) > div:nth-of-type(1) > div:nth-of-type(1) > div:nth-of-type(1) > div:nth-of-type(2) > div:nth-of-type(1) > g-scrolling-carousel:nth-of-type(1) > div:nth-of-type(1) > div:nth-of-type(1) > div:nth-of-type(1) > div:nth-of-type(1) > div:nth-of-type(4),dom_screenshot_registered
p005-b2-t1,cell,dd_top,True,0,4,637.2996,194.0,748.917,445.11,5,vplaurlg4,html:nth-of-type(1) > body:nth-of-type(1) > div:nth-of-type(8) > div:nth-of-type(1) > div:nth-of-type(10) > div:nth-of-type(1) > div:nth-of-type(1) > div:nth-of-type(3) > div:nth-of-type(1) > div:nth-of-type(1) > div:nth-of-type(1) > div:nth-of-type(1) > div:nth-of-type(2) > div:nth-of-type(1) > g-scrolling-carousel:nth-of-type(1) > div:nth-of-type(1) > div:nth-of-type(1) > div:nth-of-type(1) > div:nth-of-type(1) > div:nth-of-type(5),dom_screenshot_registered
p006-b2-t9,parent,dd_top,True,0,,162.0,158.0,748.0,493.0,5,,,typed_parent_unchanged
p006-b2-t9,cell,dd_top,True,0,0,162.0253,194.0,273.6427,483.7669,5,vplaurlg0,html:nth-of-type(1) > body:nth-of-type(1) > div:nth-of-type(8) > div:nth-of-type(1) > div:nth-of-type(10) > div:nth-of-type(1) > div:nth-of-type(1) > div:nth-of-type(3) > div:nth-of-type(1) > div:nth-of-type(1) > div:nth-of-type(1) > div:nth-of-type(1) > div:nth-of-type(2) > div:nth-of-type(1) > g-scrolling-carousel:nth-of-type(1) > div:nth-of-type(1) > div:nth-of-type(1) > div:nth-of-type(1) > div:nth-of-type(1) > div:nth-of-type(1),dom_screenshot_registered
p006-b2-t9,cell,dd_top,True,0,1,280.8439,194.0,392.46130000000005,483.7669,5,vplaurlg1,html:nth-of-type(1) > body:nth-of-type(1) > div:nth-of-type(8) > div:nth-of-type(1) > div:nth-of-type(10) > div:nth-of-type(1) > div:nth-of-type(1) > div:nth-of-type(3) > div:nth-of-type(1) > div:nth-of-type(1) > div:nth-of-type(1) > div:nth-of-type(1) > div:nth-of-type(2) > div:nth-of-type(1) > g-scrolling-carousel:nth-of-type(1) > div:nth-of-type(1) > div:nth-of-type(1) > div:nth-of-type(1) > div:nth-of-type(1) > div:nth-of-type(2),dom_screenshot_registered
p006-b2-t9,cell,dd_top,True,0,2,399.6624,194.0,511.2798,483.7669,5,vplaurlg2,html:nth-of-type(1) > body:nth-of-type(1) > div:nth-of-type(8) > div:nth-of-type(1) > div:nth-of-type(10) > div:nth-of-type(1) > div:nth-of-type(1) > div:nth-of-type(3) > div:nth-of-type(1) > div:nth-of-type(1) > div:nth-of-type(1) > div:nth-of-type(1) > div:nth-of-type(2) > div:nth-of-type(1) > g-scrolling-carousel:nth-of-type(1) > div:nth-of-type(1) > div:nth-of-type(1) > div:nth-of-type(1) > div:nth-of-type(1) > div:nth-of-type(3),dom_screenshot_registered
p006-b2-t9,cell,dd_top,True,0,3,518.481,194.0,630.0984,483.7669,5,vplaurlg3,html:nth-of-type(1) > body:nth-of-type(1) > div:nth-of-type(8) > div:nth-of-type(1) > div:nth-of-type(10) > div:nth-of-type(1) > div:nth-of-type(1) > div:nth-of-type(3) > div:nth-of-type(1) > div:nth-of-type(1) > div:nth-of-type(1) > div:nth-of-type(1) > div:nth-of-type(2) > div:nth-of-type(1) > g-scrolling-carousel:nth-of-type(1) > div:nth-of-type(1) > div:nth-of-type(1) > div:nth-of-type(1) > div:nth-of-type(1) > div:nth-of-type(4),dom_screenshot_registered
p006-b2-t9,cell,dd_top,True,0,4,637.2996,194.0,748.917,483.7669,5,vplaurlg4,html:nth-of-type(1) > body:nth-of-type(1) > div:nth-of-type(8) > div:nth-of-type(1) > div:nth-of-type(10) > div:nth-of-type(1) > div:nth-of-type(1) > div:nth-of-type(3) > div:nth-of-type(1) > div:nth-of-type(1) > div:nth-of-type(1) > div:nth-of-type(1) > div:nth-of-type(2) > div:nth-of-type(1) > g-scrolling-carousel:nth-of-type(1) > div:nth-of-type(1) > div:nth-of-type(1) > div:nth-of-type(1) > div:nth-of-type(1) > div:nth-of-type(5),dom_screenshot_registered
p006-b5-t2,parent,dd_top,True,0,,162.0,158.0,748.0,509.0,5,,,typed_parent_unchanged
p006-b5-t2,cell,dd_top,True,0,0,162.0253,194.0,273.6427,499.962,5,vplaurlg0,html:nth-of-type(1) > body:nth-of-type(1) > div:nth-of-type(8) > div:nth-of-type(1) > div:nth-of-type(10) > div:nth-of-type(1) > div:nth-of-type(1) > div:nth-of-type(3) > div:nth-of-type(1) > div:nth-of-type(1) > div:nth-of-type(1) > div:nth-of-type(1) > div:nth-of-type(2) > div:nth-of-type(1) > g-scrolling-carousel:nth-of-type(1) > div:nth-of-type(1) > div:nth-of-type(1) > div:nth-of-type(1) > div:nth-of-type(1) > div:nth-of-type(1),dom_screenshot_registered
p006-b5-t2,cell,dd_top,True,0,1,280.8439,194.0,392.46130000000005,499.962,5,vplaurlg1,html:nth-of-type(1) > body:nth-of-type(1) > div:nth-of-type(8) > div:nth-of-type(1) > div:nth-of-type(10) > div:nth-of-type(1) > div:nth-of-type(1) > div:nth-of-type(3) > div:nth-of-type(1) > div:nth-of-type(1) > div:nth-of-type(1) > div:nth-of-type(1) > div:nth-of-type(2) > div:nth-of-type(1) > g-scrolling-carousel:nth-of-type(1) > div:nth-of-type(1) > div:nth-of-type(1) > div:nth-of-type(1) > div:nth-of-type(1) > div:nth-of-type(2),dom_screenshot_registered
p006-b5-t2,cell,dd_top,True,0,2,399.6624,194.0,511.2798,499.962,5,vplaurlg2,html:nth-of-type(1) > body:nth-of-type(1) > div:nth-of-type(8) > div:nth-of-type(1) > div:nth-of-type(10) > div:nth-of-type(1) > div:nth-of-type(1) > div:nth-of-type(3) > div:nth-of-type(1) > div:nth-of-type(1) > div:nth-of-type(1) > div:nth-of-type(1) > div:nth-of-type(2) > div:nth-of-type(1) > g-scrolling-carousel:nth-of-type(1) > div:nth-of-type(1) > div:nth-of-type(1) > div:nth-of-type(1) > div:nth-of-type(1) > div:nth-of-type(3),dom_screenshot_registered
p006-b5-t2,cell,dd_top,True,0,3,518.481,194.0,630.0984,499.962,5,vplaurlg3,html:nth-of-type(1) > body:nth-of-type(1) > div:nth-of-type(8) > div:nth-of-type(1) > div:nth-of-type(10) > div:nth-of-type(1) > div:nth-of-type(1) > div:nth-of-type(3) > div:nth-of-type(1) > div:nth-of-type(1) > div:nth-of-type(1) > div:nth-of-type(1) > div:nth-of-type(2) > div:nth-of-type(1) > g-scrolling-carousel:nth-of-type(1) > div:nth-of-type(1) > div:nth-of-type(1) > div:nth-of-type(1) > div:nth-of-type(1) > div:nth-of-type(4),dom_screenshot_registered
p006-b5-t2,cell,dd_top,True,0,4,637.2996,194.0,748.917,499.962,5,vplaurlg4,html:nth-of-type(1) > body:nth-of-type(1) > div:nth-of-type(8) > div:nth-of-type(1) > div:nth-of-type(10) > div:nth-of-type(1) > div:nth-of-type(1) > div:nth-of-type(3) > div:nth-of-type(1) > div:nth-of-type(1) > div:nth-of-type(1) > div:nth-of-type(1) > div:nth-of-type(2) > div:nth-of-type(1) > g-scrolling-carousel:nth-of-type(1) > div:nth-of-type(1) > div:nth-of-type(1) > div:nth-of-type(1) > div:nth-of-type(1) > div:nth-of-type(5),dom_screenshot_registered
p007-b3-t9,parent,dd_top,True,0,,162.0,158.0,748.0,509.0,5,,,typed_parent_unchanged
p007-b3-t9,cell,dd_top,True,0,0,162.0253,194.0,273.6427,500.0424,5,vplaurlg0,html:nth-of-type(1) > body:nth-of-type(1) > div:nth-of-type(8) > div:nth-of-type(1) > div:nth-of-type(10) > div:nth-of-type(1) > div:nth-of-type(1) > div:nth-of-type(3) > div:nth-of-type(1) > div:nth-of-type(1) > div:nth-of-type(1) > div:nth-of-type(1) > div:nth-of-type(2) > div:nth-of-type(1) > g-scrolling-carousel:nth-of-type(1) > div:nth-of-type(1) > div:nth-of-type(1) > div:nth-of-type(1) > div:nth-of-type(1) > div:nth-of-type(1),dom_screenshot_registered
p007-b3-t9,cell,dd_top,True,0,1,280.8439,194.0,392.46130000000005,500.0424,5,vplaurlg1,html:nth-of-type(1) > body:nth-of-type(1) > div:nth-of-type(8) > div:nth-of-type(1) > div:nth-of-type(10) > div:nth-of-type(1) > div:nth-of-type(1) > div:nth-of-type(3) > div:nth-of-type(1) > div:nth-of-type(1) > div:nth-of-type(1) > div:nth-of-type(1) > div:nth-of-type(2) > div:nth-of-type(1) > g-scrolling-carousel:nth-of-type(1) > div:nth-of-type(1) > div:nth-of-type(1) > div:nth-of-type(1) > div:nth-of-type(1) > div:nth-of-type(2),dom_screenshot_registered
p007-b3-t9,cell,dd_top,True,0,2,399.6624,194.0,511.2798,500.0424,5,vplaurlg2,html:nth-of-type(1) > body:nth-of-type(1) > div:nth-of-type(8) > div:nth-of-type(1) > div:nth-of-type(10) > div:nth-of-type(1) > div:nth-of-type(1) > div:nth-of-type(3) > div:nth-of-type(1) > div:nth-of-type(1) > div:nth-of-type(1) > div:nth-of-type(1) > div:nth-of-type(2) > div:nth-of-type(1) > g-scrolling-carousel:nth-of-type(1) > div:nth-of-type(1) > div:nth-of-type(1) > div:nth-of-type(1) > div:nth-of-type(1) > div:nth-of-type(3),dom_screenshot_registered
p007-b3-t9,cell,dd_top,True,0,3,518.481,194.0,630.0984,500.0424,5,vplaurlg3,html:nth-of-type(1) > body:nth-of-type(1) > div:nth-of-type(8) > div:nth-of-type(1) > div:nth-of-type(10) > div:nth-of-type(1) > div:nth-of-type(1) > div:nth-of-type(3) > div:nth-of-type(1) > div:nth-of-type(1) > div:nth-of-type(1) > div:nth-of-type(1) > div:nth-of-type(2) > div:nth-of-type(1) > g-scrolling-carousel:nth-of-type(1) > div:nth-of-type(1) > div:nth-of-type(1) > div:nth-of-type(1) > div:nth-of-type(1) > div:nth-of-type(4),dom_screenshot_registered
p007-b3-t9,cell,dd_top,True,0,4,637.2996,194.0,748.917,500.0424,5,vplaurlg4,html:nth-of-type(1) > body:nth-of-type(1) > div:nth-of-type(8) > div:nth-of-type(1) > div:nth-of-type(10) > div:nth-of-type(1) > div:nth-of-type(1) > div:nth-of-type(3) > div:nth-of-type(1) > div:nth-of-type(1) > div:nth-of-type(1) > div:nth-of-type(1) > div:nth-of-type(2) > div:nth-of-type(1) > g-scrolling-carousel:nth-of-type(1) > div:nth-of-type(1) > div:nth-of-type(1) > div:nth-of-type(1) > div:nth-of-type(1) > div:nth-of-type(5),dom_screenshot_registered
p007-b6-t3,parent,dd_top,True,0,,162.0,158.0,748.0,540.0,5,,,typed_parent_unchanged
p007-b6-t3,cell,dd_top,True,0,0,162.0253,194.0,273.6427,531.4540999999999,5,vplaurlg0,html:nth-of-type(1) > body:nth-of-type(1) > div:nth-of-type(8) > div:nth-of-type(1) > div:nth-of-type(10) > div:nth-of-type(1) > div:nth-of-type(1) > div:nth-of-type(3) > div:nth-of-type(1) > div:nth-of-type(1) > div:nth-of-type(1) > div:nth-of-type(1) > div:nth-of-type(2) > div:nth-of-type(1) > g-scrolling-carousel:nth-of-type(1) > div:nth-of-type(1) > div:nth-of-type(1) > div:nth-of-type(1) > div:nth-of-type(1) > div:nth-of-type(1),dom_screenshot_registered
p007-b6-t3,cell,dd_top,True,0,1,280.8439,194.0,392.46130000000005,531.4540999999999,5,vplaurlg1,html:nth-of-type(1) > body:nth-of-type(1) > div:nth-of-type(8) > div:nth-of-type(1) > div:nth-of-type(10) > div:nth-of-type(1) > div:nth-of-type(1) > div:nth-of-type(3) > div:nth-of-type(1) > div:nth-of-type(1) > div:nth-of-type(1) > div:nth-of-type(1) > div:nth-of-type(2) > div:nth-of-type(1) > g-scrolling-carousel:nth-of-type(1) > div:nth-of-type(1) > div:nth-of-type(1) > div:nth-of-type(1) > div:nth-of-type(1) > div:nth-of-type(2),dom_screenshot_registered
p007-b6-t3,cell,dd_top,True,0,2,399.6624,194.0,511.2798,531.4540999999999,5,vplaurlg2,html:nth-of-type(1) > body:nth-of-type(1) > div:nth-of-type(8) > div:nth-of-type(1) > div:nth-of-type(10) > div:nth-of-type(1) > div:nth-of-type(1) > div:nth-of-type(3) > div:nth-of-type(1) > div:nth-of-type(1) > div:nth-of-type(1) > div:nth-of-type(1) > div:nth-of-type(2) > div:nth-of-type(1) > g-scrolling-carousel:nth-of-type(1) > div:nth-of-type(1) > div:nth-of-type(1) > div:nth-of-type(1) > div:nth-of-type(1) > div:nth-of-type(3),dom_screenshot_registered
p007-b6-t3,cell,dd_top,True,0,3,518.481,194.0,630.0984,531.4540999999999,5,vplaurlg3,html:nth-of-type(1) > body:nth-of-type(1) > div:nth-of-type(8) > div:nth-of-type(1) > div:nth-of-type(10) > div:nth-of-type(1) > div:nth-of-type(1) > div:nth-of-type(3) > div:nth-of-type(1) > div:nth-of-type(1) > div:nth-of-type(1) > div:nth-of-type(1) > div:nth-of-type(2) > div:nth-of-type(1) > g-scrolling-carousel:nth-of-type(1) > div:nth-of-type(1) > div:nth-of-type(1) > div:nth-of-type(1) > div:nth-of-type(1) > div:nth-of-type(4),dom_screenshot_registered
p007-b6-t3,cell,dd_top,True,0,4,637.2996,194.0,748.917,531.4540999999999,5,vplaurlg4,html:nth-of-type(1) > body:nth-of-type(1) > div:nth-of-type(8) > div:nth-of-type(1) > div:nth-of-type(10) > div:nth-of-type(1) > div:nth-of-type(1) > div:nth-of-type(3) > div:nth-of-type(1) > div:nth-of-type(1) > div:nth-of-type(1) > div:nth-of-type(1) > div:nth-of-type(2) > div:nth-of-type(1) > g-scrolling-carousel:nth-of-type(1) > div:nth-of-type(1) > div:nth-of-type(1) > div:nth-of-type(1) > div:nth-of-type(1) > div:nth-of-type(5),dom_screenshot_registered
p008-b2-t7,parent,dd_top,True,0,,162.0,158.0,748.0,509.0,5,,,typed_parent_unchanged
p008-b2-t7,cell,dd_top,True,0,0,162.0253,194.0,273.6427,499.9906,5,vplaurlg0,html:nth-of-type(1) > body:nth-of-type(1) > div:nth-of-type(8) > div:nth-of-type(1) > div:nth-of-type(10) > div:nth-of-type(1) > div:nth-of-type(1) > div:nth-of-type(3) > div:nth-of-type(1) > div:nth-of-type(1) > div:nth-of-type(1) > div:nth-of-type(1) > div:nth-of-type(2) > div:nth-of-type(1) > g-scrolling-carousel:nth-of-type(1) > div:nth-of-type(1) > div:nth-of-type(1) > div:nth-of-type(1) > div:nth-of-type(1) > div:nth-of-type(1),dom_screenshot_registered
p008-b2-t7,cell,dd_top,True,0,1,280.8439,194.0,392.46130000000005,499.9906,5,vplaurlg1,html:nth-of-type(1) > body:nth-of-type(1) > div:nth-of-type(8) > div:nth-of-type(1) > div:nth-of-type(10) > div:nth-of-type(1) > div:nth-of-type(1) > div:nth-of-type(3) > div:nth-of-type(1) > div:nth-of-type(1) > div:nth-of-type(1) > div:nth-of-type(1) > div:nth-of-type(2) > div:nth-of-type(1) > g-scrolling-carousel:nth-of-type(1) > div:nth-of-type(1) > div:nth-of-type(1) > div:nth-of-type(1) > div:nth-of-type(1) > div:nth-of-type(2),dom_screenshot_registered
p008-b2-t7,cell,dd_top,True,0,2,399.6624,194.0,511.2798,499.9906,5,vplaurlg2,html:nth-of-type(1) > body:nth-of-type(1) > div:nth-of-type(8) > div:nth-of-type(1) > div:nth-of-type(10) > div:nth-of-type(1) > div:nth-of-type(1) > div:nth-of-type(3) > div:nth-of-type(1) > div:nth-of-type(1) > div:nth-of-type(1) > div:nth-of-type(1) > div:nth-of-type(2) > div:nth-of-type(1) > g-scrolling-carousel:nth-of-type(1) > div:nth-of-type(1) > div:nth-of-type(1) > div:nth-of-type(1) > div:nth-of-type(1) > div:nth-of-type(3),dom_screenshot_registered
p008-b2-t7,cell,dd_top,True,0,3,518.481,194.0,630.0984,499.9906,5,vplaurlg3,html:nth-of-type(1) > body:nth-of-type(1) > div:nth-of-type(8) > div:nth-of-type(1) > div:nth-of-type(10) > div:nth-of-type(1) > div:nth-of-type(1) > div:nth-of-type(3) > div:nth-of-type(1) > div:nth-of-type(1) > div:nth-of-type(1) > div:nth-of-type(1) > div:nth-of-type(2) > div:nth-of-type(1) > g-scrolling-carousel:nth-of-type(1) > div:nth-of-type(1) > div:nth-of-type(1) > div:nth-of-type(1) > div:nth-of-type(1) > div:nth-of-type(4),dom_screenshot_registered
p008-b2-t7,cell,dd_top,True,0,4,637.2996,194.0,748.917,499.9906,5,vplaurlg4,html:nth-of-type(1) > body:nth-of-type(1) > div:nth-of-type(8) > div:nth-of-type(1) > div:nth-of-type(10) > div:nth-of-type(1) > div:nth-of-type(1) > div:nth-of-type(3) > div:nth-of-type(1) > div:nth-of-type(1) > div:nth-of-type(1) > div:nth-of-type(1) > div:nth-of-type(2) > div:nth-of-type(1) > g-scrolling-carousel:nth-of-type(1) > div:nth-of-type(1) > div:nth-of-type(1) > div:nth-of-type(1) > div:nth-of-type(1) > div:nth-of-type(5),dom_screenshot_registered
p008-b5-t1,parent,dd_top,True,0,,162.0,158.0,748.0,509.0,5,,,typed_parent_unchanged
p008-b5-t1,cell,dd_top,True,0,0,162.0253,194.0,273.6427,500.0364,5,vplaurlg0,html:nth-of-type(1) > body:nth-of-type(1) > div:nth-of-type(8) > div:nth-of-type(1) > div:nth-of-type(10) > div:nth-of-type(1) > div:nth-of-type(1) > div:nth-of-type(3) > div:nth-of-type(1) > div:nth-of-type(1) > div:nth-of-type(1) > div:nth-of-type(1) > div:nth-of-type(2) > div:nth-of-type(1) > g-scrolling-carousel:nth-of-type(1) > div:nth-of-type(1) > div:nth-of-type(1) > div:nth-of-type(1) > div:nth-of-type(1) > div:nth-of-type(1),dom_screenshot_registered
p008-b5-t1,cell,dd_top,True,0,1,280.8439,194.0,392.46130000000005,500.0364,5,vplaurlg1,html:nth-of-type(1) > body:nth-of-type(1) > div:nth-of-type(8) > div:nth-of-type(1) > div:nth-of-type(10) > div:nth-of-type(1) > div:nth-of-type(1) > div:nth-of-type(3) > div:nth-of-type(1) > div:nth-of-type(1) > div:nth-of-type(1) > div:nth-of-type(1) > div:nth-of-type(2) > div:nth-of-type(1) > g-scrolling-carousel:nth-of-type(1) > div:nth-of-type(1) > div:nth-of-type(1) > div:nth-of-type(1) > div:nth-of-type(1) > div:nth-of-type(2),dom_screenshot_registered
p008-b5-t1,cell,dd_top,True,0,2,399.6624,194.0,511.2798,500.0364,5,vplaurlg2,html:nth-of-type(1) > body:nth-of-type(1) > div:nth-of-type(8) > div:nth-of-type(1) > div:nth-of-type(10) > div:nth-of-type(1) > div:nth-of-type(1) > div:nth-of-type(3) > div:nth-of-type(1) > div:nth-of-type(1) > div:nth-of-type(1) > div:nth-of-type(1) > div:nth-of-type(2) > div:nth-of-type(1) > g-scrolling-carousel:nth-of-type(1) > div:nth-of-type(1) > div:nth-of-type(1) > div:nth-of-type(1) > div:nth-of-type(1) > div:nth-of-type(3),dom_screenshot_registered
p008-b5-t1,cell,dd_top,True,0,3,518.481,194.0,630.0984,500.0364,5,vplaurlg3,html:nth-of-type(1) > body:nth-of-type(1) > div:nth-of-type(8) > div:nth-of-type(1) > div:nth-of-type(10) > div:nth-of-type(1) > div:nth-of-type(1) > div:nth-of-type(3) > div:nth-of-type(1) > div:nth-of-type(1) > div:nth-of-type(1) > div:nth-of-type(1) > div:nth-of-type(2) > div:nth-of-type(1) > g-scrolling-carousel:nth-of-type(1) > div:nth-of-type(1) > div:nth-of-type(1) > div:nth-of-type(1) > div:nth-of-type(1) > div:nth-of-type(4),dom_screenshot_registered
p008-b5-t1,cell,dd_top,True,0,4,637.2996,194.0,748.917,500.0364,5,vplaurlg4,html:nth-of-type(1) > body:nth-of-type(1) > div:nth-of-type(8) > div:nth-of-type(1) > div:nth-of-type(10) > div:nth-of-type(1) > div:nth-of-type(1) > div:nth-of-type(3) > div:nth-of-type(1) > div:nth-of-type(1) > div:nth-of-type(1) > div:nth-of-type(1) > div:nth-of-type(2) > div:nth-of-type(1) > g-scrolling-carousel:nth-of-type(1) > div:nth-of-type(1) > div:nth-of-type(1) > div:nth-of-type(1) > div:nth-of-type(1) > div:nth-of-type(5),dom_screenshot_registered
p009-b3-t7,parent,dd_top,True,0,,162.0,158.0,748.0,540.0,5,,,typed_parent_unchanged
p009-b3-t7,cell,dd_top,True,0,0,162.0253,194.0,273.6427,531.4471,5,vplaurlg0,html:nth-of-type(1) > body:nth-of-type(1) > div:nth-of-type(8) > div:nth-of-type(1) > div:nth-of-type(10) > div:nth-of-type(1) > div:nth-of-type(1) > div:nth-of-type(3) > div:nth-of-type(1) > div:nth-of-type(1) > div:nth-of-type(1) > div:nth-of-type(1) > div:nth-of-type(2) > div:nth-of-type(1) > g-scrolling-carousel:nth-of-type(1) > div:nth-of-type(1) > div:nth-of-type(1) > div:nth-of-type(1) > div:nth-of-type(1) > div:nth-of-type(1),dom_screenshot_registered
p009-b3-t7,cell,dd_top,True,0,1,280.8439,194.0,392.46130000000005,531.4471,5,vplaurlg1,html:nth-of-type(1) > body:nth-of-type(1) > div:nth-of-type(8) > div:nth-of-type(1) > div:nth-of-type(10) > div:nth-of-type(1) > div:nth-of-type(1) > div:nth-of-type(3) > div:nth-of-type(1) > div:nth-of-type(1) > div:nth-of-type(1) > div:nth-of-type(1) > div:nth-of-type(2) > div:nth-of-type(1) > g-scrolling-carousel:nth-of-type(1) > div:nth-of-type(1) > div:nth-of-type(1) > div:nth-of-type(1) > div:nth-of-type(1) > div:nth-of-type(2),dom_screenshot_registered
p009-b3-t7,cell,dd_top,True,0,2,399.6624,194.0,511.2798,531.4471,5,vplaurlg2,html:nth-of-type(1) > body:nth-of-type(1) > div:nth-of-type(8) > div:nth-of-type(1) > div:nth-of-type(10) > div:nth-of-type(1) > div:nth-of-type(1) > div:nth-of-type(3) > div:nth-of-type(1) > div:nth-of-type(1) > div:nth-of-type(1) > div:nth-of-type(1) > div:nth-of-type(2) > div:nth-of-type(1) > g-scrolling-carousel:nth-of-type(1) > div:nth-of-type(1) > div:nth-of-type(1) > div:nth-of-type(1) > div:nth-of-type(1) > div:nth-of-type(3),dom_screenshot_registered
p009-b3-t7,cell,dd_top,True,0,3,518.481,194.0,630.0984,531.4471,5,vplaurlg3,html:nth-of-type(1) > body:nth-of-type(1) > div:nth-of-type(8) > div:nth-of-type(1) > div:nth-of-type(10) > div:nth-of-type(1) > div:nth-of-type(1) > div:nth-of-type(3) > div:nth-of-type(1) > div:nth-of-type(1) > div:nth-of-type(1) > div:nth-of-type(1) > div:nth-of-type(2) > div:nth-of-type(1) > g-scrolling-carousel:nth-of-type(1) > div:nth-of-type(1) > div:nth-of-type(1) > div:nth-of-type(1) > div:nth-of-type(1) > div:nth-of-type(4),dom_screenshot_registered
p009-b3-t7,cell,dd_top,True,0,4,637.2996,194.0,748.917,531.4471,5,vplaurlg4,html:nth-of-type(1) > body:nth-of-type(1) > div:nth-of-type(8) > div:nth-of-type(1) > div:nth-of-type(10) > div:nth-of-type(1) > div:nth-of-type(1) > div:nth-of-type(3) > div:nth-of-type(1) > div:nth-of-type(1) > div:nth-of-type(1) > div:nth-of-type(1) > div:nth-of-type(2) > div:nth-of-type(1) > g-scrolling-carousel:nth-of-type(1) > div:nth-of-type(1) > div:nth-of-type(1) > div:nth-of-type(1) > div:nth-of-type(1) > div:nth-of-type(5),dom_screenshot_registered
p011-b1-t1,parent,dd_top,True,0,,162.0,158.0,749.0,391.0,4,,,typed_parent_unchanged
p011-b1-t1,cell,dd_top,True,0,0,162.0253,194.0,303.3474,382.0818,4,vplaurlg0,html:nth-of-type(1) > body:nth-of-type(1) > div:nth-of-type(8) > div:nth-of-type(1) > div:nth-of-type(10) > div:nth-of-type(1) > div:nth-of-type(1) > div:nth-of-type(3) > div:nth-of-type(1) > div:nth-of-type(1) > div:nth-of-type(1) > div:nth-of-type(1) > div:nth-of-type(2) > div:nth-of-type(1) > div:nth-of-type(1) > div:nth-of-type(1),dom_screenshot_registered
p011-b1-t1,cell,dd_top,True,0,1,310.5485,194.0,451.87059999999997,382.0818,4,vplaurlg1,html:nth-of-type(1) > body:nth-of-type(1) > div:nth-of-type(8) > div:nth-of-type(1) > div:nth-of-type(10) > div:nth-of-type(1) > div:nth-of-type(1) > div:nth-of-type(3) > div:nth-of-type(1) > div:nth-of-type(1) > div:nth-of-type(1) > div:nth-of-type(1) > div:nth-of-type(2) > div:nth-of-type(1) > div:nth-of-type(1) > div:nth-of-type(2),dom_screenshot_registered
p011-b1-t1,cell,dd_top,True,0,2,459.0717,194.0,600.3938,382.0818,4,vplaurlg2,html:nth-of-type(1) > body:nth-of-type(1) > div:nth-of-type(8) > div:nth-of-type(1) > div:nth-of-type(10) > div:nth-of-type(1) > div:nth-of-type(1) > div:nth-of-type(3) > div:nth-of-type(1) > div:nth-of-type(1) > div:nth-of-type(1) > div:nth-of-type(1) > div:nth-of-type(2) > div:nth-of-type(1) > div:nth-of-type(1) > div:nth-of-type(3),dom_screenshot_registered
p011-b1-t1,cell,dd_top,True,0,3,607.5949,194.0,748.917,382.0818,4,vplaurlg3,html:nth-of-type(1) > body:nth-of-type(1) > div:nth-of-type(8) > div:nth-of-type(1) > div:nth-of-type(10) > div:nth-of-type(1) > div:nth-of-type(1) > div:nth-of-type(3) > div:nth-of-type(1) > div:nth-of-type(1) > div:nth-of-type(1) > div:nth-of-type(1) > div:nth-of-type(2) > div:nth-of-type(1) > div:nth-of-type(1) > div:nth-of-type(4),dom_screenshot_registered
p011-b5-t6,parent,dd_top,True,0,,162.0,158.0,748.0,400.0,5,,,typed_parent_unchanged
p011-b5-t6,cell,dd_top,True,0,0,162.0253,194.0,273.6427,391.0766,5,vplaurlg0,html:nth-of-type(1) > body:nth-of-type(1) > div:nth-of-type(8) > div:nth-of-type(1) > div:nth-of-type(10) > div:nth-of-type(1) > div:nth-of-type(1) > div:nth-of-type(3) > div:nth-of-type(1) > div:nth-of-type(1) > div:nth-of-type(1) > div:nth-of-type(1) > div:nth-of-type(2) > div:nth-of-type(1) > g-scrolling-carousel:nth-of-type(1) > div:nth-of-type(1) > div:nth-of-type(1) > div:nth-of-type(1) > div:nth-of-type(1) > div:nth-of-type(1),dom_screenshot_registered
p011-b5-t6,cell,dd_top,True,0,1,280.8439,194.0,392.46130000000005,391.0766,5,vplaurlg1,html:nth-of-type(1) > body:nth-of-type(1) > div:nth-of-type(8) > div:nth-of-type(1) > div:nth-of-type(10) > div:nth-of-type(1) > div:nth-of-type(1) > div:nth-of-type(3) > div:nth-of-type(1) > div:nth-of-type(1) > div:nth-of-type(1) > div:nth-of-type(1) > div:nth-of-type(2) > div:nth-of-type(1) > g-scrolling-carousel:nth-of-type(1) > div:nth-of-type(1) > div:nth-of-type(1) > div:nth-of-type(1) > div:nth-of-type(1) > div:nth-of-type(2),dom_screenshot_registered
p011-b5-t6,cell,dd_top,True,0,2,399.6624,194.0,511.2798,391.0766,5,vplaurlg2,html:nth-of-type(1) > body:nth-of-type(1) > div:nth-of-type(8) > div:nth-of-type(1) > div:nth-of-type(10) > div:nth-of-type(1) > div:nth-of-type(1) > div:nth-of-type(3) > div:nth-of-type(1) > div:nth-of-type(1) > div:nth-of-type(1) > div:nth-of-type(1) > div:nth-of-type(2) > div:nth-of-type(1) > g-scrolling-carousel:nth-of-type(1) > div:nth-of-type(1) > div:nth-of-type(1) > div:nth-of-type(1) > div:nth-of-type(1) > div:nth-of-type(3),dom_screenshot_registered
p011-b5-t6,cell,dd_top,True,0,3,518.481,194.0,630.0984,391.0766,5,vplaurlg3,html:nth-of-type(1) > body:nth-of-type(1) > div:nth-of-type(8) > div:nth-of-type(1) > div:nth-of-type(10) > div:nth-of-type(1) > div:nth-of-type(1) > div:nth-of-type(3) > div:nth-of-type(1) > div:nth-of-type(1) > div:nth-of-type(1) > div:nth-of-type(1) > div:nth-of-type(2) > div:nth-of-type(1) > g-scrolling-carousel:nth-of-type(1) > div:nth-of-type(1) > div:nth-of-type(1) > div:nth-of-type(1) > div:nth-of-type(1) > div:nth-of-type(4),dom_screenshot_registered
p011-b5-t6,cell,dd_top,True,0,4,637.2996,194.0,748.917,391.0766,5,vplaurlg4,html:nth-of-type(1) > body:nth-of-type(1) > div:nth-of-type(8) > div:nth-of-type(1) > div:nth-of-type(10) > div:nth-of-type(1) > div:nth-of-type(1) > div:nth-of-type(3) > div:nth-of-type(1) > div:nth-of-type(1) > div:nth-of-type(1) > div:nth-of-type(1) > div:nth-of-type(2) > div:nth-of-type(1) > g-scrolling-carousel:nth-of-type(1) > div:nth-of-type(1) > div:nth-of-type(1) > div:nth-of-type(1) > div:nth-of-type(1) > div:nth-of-type(5),dom_screenshot_registered
p012-b4-t3,parent,dd_top,True,0,,162.0,158.0,748.0,417.0,5,,,typed_parent_unchanged
p012-b4-t3,cell,dd_top,True,0,0,162.0253,194.0,273.6427,407.31870000000004,5,vplaurlg0,html:nth-of-type(1) > body:nth-of-type(1) > div:nth-of-type(8) > div:nth-of-type(1) > div:nth-of-type(10) > div:nth-of-type(1) > div:nth-of-type(1) > div:nth-of-type(3) > div:nth-of-type(1) > div:nth-of-type(1) > div:nth-of-type(1) > div:nth-of-type(1) > div:nth-of-type(2) > div:nth-of-type(1) > g-scrolling-carousel:nth-of-type(1) > div:nth-of-type(1) > div:nth-of-type(1) > div:nth-of-type(1) > div:nth-of-type(1) > div:nth-of-type(1),dom_screenshot_registered
p012-b4-t3,cell,dd_top,True,0,1,280.8439,194.0,392.46130000000005,407.31870000000004,5,vplaurlg1,html:nth-of-type(1) > body:nth-of-type(1) > div:nth-of-type(8) > div:nth-of-type(1) > div:nth-of-type(10) > div:nth-of-type(1) > div:nth-of-type(1) > div:nth-of-type(3) > div:nth-of-type(1) > div:nth-of-type(1) > div:nth-of-type(1) > div:nth-of-type(1) > div:nth-of-type(2) > div:nth-of-type(1) > g-scrolling-carousel:nth-of-type(1) > div:nth-of-type(1) > div:nth-of-type(1) > div:nth-of-type(1) > div:nth-of-type(1) > div:nth-of-type(2),dom_screenshot_registered
p012-b4-t3,cell,dd_top,True,0,2,399.6624,194.0,511.2798,407.31870000000004,5,vplaurlg2,html:nth-of-type(1) > body:nth-of-type(1) > div:nth-of-type(8) > div:nth-of-type(1) > div:nth-of-type(10) > div:nth-of-type(1) > div:nth-of-type(1) > div:nth-of-type(3) > div:nth-of-type(1) > div:nth-of-type(1) > div:nth-of-type(1) > div:nth-of-type(1) > div:nth-of-type(2) > div:nth-of-type(1) > g-scrolling-carousel:nth-of-type(1) > div:nth-of-type(1) > div:nth-of-type(1) > div:nth-of-type(1) > div:nth-of-type(1) > div:nth-of-type(3),dom_screenshot_registered
p012-b4-t3,cell,dd_top,True,0,3,518.481,194.0,630.0984,407.31870000000004,5,vplaurlg3,html:nth-of-type(1) > body:nth-of-type(1) > div:nth-of-type(8) > div:nth-of-type(1) > div:nth-of-type(10) > div:nth-of-type(1) > div:nth-of-type(1) > div:nth-of-type(3) > div:nth-of-type(1) > div:nth-of-type(1) > div:nth-of-type(1) > div:nth-of-type(1) > div:nth-of-type(2) > div:nth-of-type(1) > g-scrolling-carousel:nth-of-type(1) > div:nth-of-type(1) > div:nth-of-type(1) > div:nth-of-type(1) > div:nth-of-type(1) > div:nth-of-type(4),dom_screenshot_registered
p012-b4-t3,cell,dd_top,True,0,4,637.2996,194.0,748.917,407.31870000000004,5,vplaurlg4,html:nth-of-type(1) > body:nth-of-type(1) > div:nth-of-type(8) > div:nth-of-type(1) > div:nth-of-type(10) > div:nth-of-type(1) > div:nth-of-type(1) > div:nth-of-type(3) > div:nth-of-type(1) > div:nth-of-type(1) > div:nth-of-type(1) > div:nth-of-type(1) > div:nth-of-type(2) > div:nth-of-type(1) > g-scrolling-carousel:nth-of-type(1) > div:nth-of-type(1) > div:nth-of-type(1) > div:nth-of-type(1) > div:nth-of-type(1) > div:nth-of-type(5),dom_screenshot_registered
p013-b3-t1,parent,dd_top,True,0,,162.0,158.0,748.0,493.0,5,,,typed_parent_unchanged
p013-b3-t1,cell,dd_top,True,0,0,162.0253,194.0,273.6427,483.8522,5,vplaurlg0,html:nth-of-type(1) > body:nth-of-type(1) > div:nth-of-type(8) > div:nth-of-type(1) > div:nth-of-type(10) > div:nth-of-type(1) > div:nth-of-type(1) > div:nth-of-type(3) > div:nth-of-type(1) > div:nth-of-type(1) > div:nth-of-type(1) > div:nth-of-type(1) > div:nth-of-type(2) > div:nth-of-type(1) > g-scrolling-carousel:nth-of-type(1) > div:nth-of-type(1) > div:nth-of-type(1) > div:nth-of-type(1) > div:nth-of-type(1) > div:nth-of-type(1),dom_screenshot_registered
p013-b3-t1,cell,dd_top,True,0,1,280.8439,194.0,392.46130000000005,483.8522,5,vplaurlg1,html:nth-of-type(1) > body:nth-of-type(1) > div:nth-of-type(8) > div:nth-of-type(1) > div:nth-of-type(10) > div:nth-of-type(1) > div:nth-of-type(1) > div:nth-of-type(3) > div:nth-of-type(1) > div:nth-of-type(1) > div:nth-of-type(1) > div:nth-of-type(1) > div:nth-of-type(2) > div:nth-of-type(1) > g-scrolling-carousel:nth-of-type(1) > div:nth-of-type(1) > div:nth-of-type(1) > div:nth-of-type(1) > div:nth-of-type(1) > div:nth-of-type(2),dom_screenshot_registered
p013-b3-t1,cell,dd_top,True,0,2,399.6624,194.0,511.2798,483.8522,5,vplaurlg2,html:nth-of-type(1) > body:nth-of-type(1) > div:nth-of-type(8) > div:nth-of-type(1) > div:nth-of-type(10) > div:nth-of-type(1) > div:nth-of-type(1) > div:nth-of-type(3) > div:nth-of-type(1) > div:nth-of-type(1) > div:nth-of-type(1) > div:nth-of-type(1) > div:nth-of-type(2) > div:nth-of-type(1) > g-scrolling-carousel:nth-of-type(1) > div:nth-of-type(1) > div:nth-of-type(1) > div:nth-of-type(1) > div:nth-of-type(1) > div:nth-of-type(3),dom_screenshot_registered
p013-b3-t1,cell,dd_top,True,0,3,518.481,194.0,630.0984,483.8522,5,vplaurlg3,html:nth-of-type(1) > body:nth-of-type(1) > div:nth-of-type(8) > div:nth-of-type(1) > div:nth-of-type(10) > div:nth-of-type(1) > div:nth-of-type(1) > div:nth-of-type(3) > div:nth-of-type(1) > div:nth-of-type(1) > div:nth-of-type(1) > div:nth-of-type(1) > div:nth-of-type(2) > div:nth-of-type(1) > g-scrolling-carousel:nth-of-type(1) > div:nth-of-type(1) > div:nth-of-type(1) > div:nth-of-type(1) > div:nth-of-type(1) > div:nth-of-type(4),dom_screenshot_registered
p013-b3-t1,cell,dd_top,True,0,4,637.2996,194.0,748.917,483.8522,5,vplaurlg4,html:nth-of-type(1) > body:nth-of-type(1) > div:nth-of-type(8) > div:nth-of-type(1) > div:nth-of-type(10) > div:nth-of-type(1) > div:nth-of-type(1) > div:nth-of-type(3) > div:nth-of-type(1) > div:nth-of-type(1) > div:nth-of-type(1) > div:nth-of-type(1) > div:nth-of-type(2) > div:nth-of-type(1) > g-scrolling-carousel:nth-of-type(1) > div:nth-of-type(1) > div:nth-of-type(1) > div:nth-of-type(1) > div:nth-of-type(1) > div:nth-of-type(5),dom_screenshot_registered
p013-b5-t3,parent,dd_top,True,0,,162.0,158.0,748.0,509.0,5,,,typed_parent_unchanged
p013-b5-t3,cell,dd_top,True,0,0,162.0253,194.0,273.6427,500.0459,5,vplaurlg0,html:nth-of-type(1) > body:nth-of-type(1) > div:nth-of-type(8) > div:nth-of-type(1) > div:nth-of-type(10) > div:nth-of-type(1) > div:nth-of-type(1) > div:nth-of-type(3) > div:nth-of-type(1) > div:nth-of-type(1) > div:nth-of-type(1) > div:nth-of-type(1) > div:nth-of-type(2) > g-scrolling-carousel:nth-of-type(1) > div:nth-of-type(1) > div:nth-of-type(1) > div:nth-of-type(1) > div:nth-of-type(1) > div:nth-of-type(1),dom_screenshot_registered
p013-b5-t3,cell,dd_top,True,0,1,280.8439,194.0,392.46130000000005,500.0459,5,vplaurlg1,html:nth-of-type(1) > body:nth-of-type(1) > div:nth-of-type(8) > div:nth-of-type(1) > div:nth-of-type(10) > div:nth-of-type(1) > div:nth-of-type(1) > div:nth-of-type(3) > div:nth-of-type(1) > div:nth-of-type(1) > div:nth-of-type(1) > div:nth-of-type(1) > div:nth-of-type(2) > g-scrolling-carousel:nth-of-type(1) > div:nth-of-type(1) > div:nth-of-type(1) > div:nth-of-type(1) > div:nth-of-type(1) > div:nth-of-type(2),dom_screenshot_registered
p013-b5-t3,cell,dd_top,True,0,2,399.6624,194.0,511.2798,500.0459,5,vplaurlg2,html:nth-of-type(1) > body:nth-of-type(1) > div:nth-of-type(8) > div:nth-of-type(1) > div:nth-of-type(10) > div:nth-of-type(1) > div:nth-of-type(1) > div:nth-of-type(3) > div:nth-of-type(1) > div:nth-of-type(1) > div:nth-of-type(1) > div:nth-of-type(1) > div:nth-of-type(2) > g-scrolling-carousel:nth-of-type(1) > div:nth-of-type(1) > div:nth-of-type(1) > div:nth-of-type(1) > div:nth-of-type(1) > div:nth-of-type(3),dom_screenshot_registered
p013-b5-t3,cell,dd_top,True,0,3,518.481,194.0,630.0984,500.0459,5,vplaurlg3,html:nth-of-type(1) > body:nth-of-type(1) > div:nth-of-type(8) > div:nth-of-type(1) > div:nth-of-type(10) > div:nth-of-type(1) > div:nth-of-type(1) > div:nth-of-type(3) > div:nth-of-type(1) > div:nth-of-type(1) > div:nth-of-type(1) > div:nth-of-type(1) > div:nth-of-type(2) > g-scrolling-carousel:nth-of-type(1) > div:nth-of-type(1) > div:nth-of-type(1) > div:nth-of-type(1) > div:nth-of-type(1) > div:nth-of-type(4),dom_screenshot_registered
p013-b5-t3,cell,dd_top,True,0,4,637.2996,194.0,748.917,500.0459,5,vplaurlg4,html:nth-of-type(1) > body:nth-of-type(1) > div:nth-of-type(8) > div:nth-of-type(1) > div:nth-of-type(10) > div:nth-of-type(1) > div:nth-of-type(1) > div:nth-of-type(3) > div:nth-of-type(1) > div:nth-of-type(1) > div:nth-of-type(1) > div:nth-of-type(1) > div:nth-of-type(2) > g-scrolling-carousel:nth-of-type(1) > div:nth-of-type(1) > div:nth-of-type(1) > div:nth-of-type(1) > div:nth-of-type(1) > div:nth-of-type(5),dom_screenshot_registered
p014-b1-t6,parent,dd_top,True,0,,162.0,158.0,748.0,540.0,5,,,typed_parent_unchanged
p014-b1-t6,cell,dd_top,True,0,0,162.0253,194.0,273.6427,531.5,5,vplaurlg0,html:nth-of-type(1) > body:nth-of-type(1) > div:nth-of-type(8) > div:nth-of-type(1) > div:nth-of-type(10) > div:nth-of-type(1) > div:nth-of-type(1) > div:nth-of-type(3) > div:nth-of-type(1) > div:nth-of-type(1) > div:nth-of-type(1) > div:nth-of-type(1) > div:nth-of-type(2) > div:nth-of-type(1) > g-scrolling-carousel:nth-of-type(1) > div:nth-of-type(1) > div:nth-of-type(1) > div:nth-of-type(1) > div:nth-of-type(1) > div:nth-of-type(1),dom_screenshot_registered
p014-b1-t6,cell,dd_top,True,0,1,280.8439,194.0,392.46130000000005,531.5,5,vplaurlg1,html:nth-of-type(1) > body:nth-of-type(1) > div:nth-of-type(8) > div:nth-of-type(1) > div:nth-of-type(10) > div:nth-of-type(1) > div:nth-of-type(1) > div:nth-of-type(3) > div:nth-of-type(1) > div:nth-of-type(1) > div:nth-of-type(1) > div:nth-of-type(1) > div:nth-of-type(2) > div:nth-of-type(1) > g-scrolling-carousel:nth-of-type(1) > div:nth-of-type(1) > div:nth-of-type(1) > div:nth-of-type(1) > div:nth-of-type(1) > div:nth-of-type(2),dom_screenshot_registered
p014-b1-t6,cell,dd_top,True,0,2,399.6624,194.0,511.2798,531.5,5,vplaurlg2,html:nth-of-type(1) > body:nth-of-type(1) > div:nth-of-type(8) > div:nth-of-type(1) > div:nth-of-type(10) > div:nth-of-type(1) > div:nth-of-type(1) > div:nth-of-type(3) > div:nth-of-type(1) > div:nth-of-type(1) > div:nth-of-type(1) > div:nth-of-type(1) > div:nth-of-type(2) > div:nth-of-type(1) > g-scrolling-carousel:nth-of-type(1) > div:nth-of-type(1) > div:nth-of-type(1) > div:nth-of-type(1) > div:nth-of-type(1) > div:nth-of-type(3),dom_screenshot_registered
p014-b1-t6,cell,dd_top,True,0,3,518.481,194.0,630.0984,531.5,5,vplaurlg3,html:nth-of-type(1) > body:nth-of-type(1) > div:nth-of-type(8) > div:nth-of-type(1) > div:nth-of-type(10) > div:nth-of-type(1) > div:nth-of-type(1) > div:nth-of-type(3) > div:nth-of-type(1) > div:nth-of-type(1) > div:nth-of-type(1) > div:nth-of-type(1) > div:nth-of-type(2) > div:nth-of-type(1) > g-scrolling-carousel:nth-of-type(1) > div:nth-of-type(1) > div:nth-of-type(1) > div:nth-of-type(1) > div:nth-of-type(1) > div:nth-of-type(4),dom_screenshot_registered
p014-b1-t6,cell,dd_top,True,0,4,637.2996,194.0,748.917,531.5,5,vplaurlg4,html:nth-of-type(1) > body:nth-of-type(1) > div:nth-of-type(8) > div:nth-of-type(1) > div:nth-of-type(10) > div:nth-of-type(1) > div:nth-of-type(1) > div:nth-of-type(3) > div:nth-of-type(1) > div:nth-of-type(1) > div:nth-of-type(1) > div:nth-of-type(1) > div:nth-of-type(2) > div:nth-of-type(1) > g-scrolling-carousel:nth-of-type(1) > div:nth-of-type(1) > div:nth-of-type(1) > div:nth-of-type(1) > div:nth-of-type(1) > div:nth-of-type(5),dom_screenshot_registered
p014-b3-t9,parent,dd_top,True,0,,162.0,158.0,748.0,493.0,5,,,typed_parent_unchanged
p014-b3-t9,cell,dd_top,True,0,0,162.0253,194.0,273.6427,483.8435,5,vplaurlg0,html:nth-of-type(1) > body:nth-of-type(1) > div:nth-of-type(8) > div:nth-of-type(1) > div:nth-of-type(10) > div:nth-of-type(1) > div:nth-of-type(1) > div:nth-of-type(3) > div:nth-of-type(1) > div:nth-of-type(1) > div:nth-of-type(1) > div:nth-of-type(1) > div:nth-of-type(2) > div:nth-of-type(1) > g-scrolling-carousel:nth-of-type(1) > div:nth-of-type(1) > div:nth-of-type(1) > div:nth-of-type(1) > div:nth-of-type(1) > div:nth-of-type(1),dom_screenshot_registered
p014-b3-t9,cell,dd_top,True,0,1,280.8439,194.0,392.46130000000005,483.8435,5,vplaurlg1,html:nth-of-type(1) > body:nth-of-type(1) > div:nth-of-type(8) > div:nth-of-type(1) > div:nth-of-type(10) > div:nth-of-type(1) > div:nth-of-type(1) > div:nth-of-type(3) > div:nth-of-type(1) > div:nth-of-type(1) > div:nth-of-type(1) > div:nth-of-type(1) > div:nth-of-type(2) > div:nth-of-type(1) > g-scrolling-carousel:nth-of-type(1) > div:nth-of-type(1) > div:nth-of-type(1) > div:nth-of-type(1) > div:nth-of-type(1) > div:nth-of-type(2),dom_screenshot_registered
p014-b3-t9,cell,dd_top,True,0,2,399.6624,194.0,511.2798,483.8435,5,vplaurlg2,html:nth-of-type(1) > body:nth-of-type(1) > div:nth-of-type(8) > div:nth-of-type(1) > div:nth-of-type(10) > div:nth-of-type(1) > div:nth-of-type(1) > div:nth-of-type(3) > div:nth-of-type(1) > div:nth-of-type(1) > div:nth-of-type(1) > div:nth-of-type(1) > div:nth-of-type(2) > div:nth-of-type(1) > g-scrolling-carousel:nth-of-type(1) > div:nth-of-type(1) > div:nth-of-type(1) > div:nth-of-type(1) > div:nth-of-type(1) > div:nth-of-type(3),dom_screenshot_registered
p014-b3-t9,cell,dd_top,True,0,3,518.481,194.0,630.0984,483.8435,5,vplaurlg3,html:nth-of-type(1) > body:nth-of-type(1) > div:nth-of-type(8) > div:nth-of-type(1) > div:nth-of-type(10) > div:nth-of-type(1) > div:nth-of-type(1) > div:nth-of-type(3) > div:nth-of-type(1) > div:nth-of-type(1) > div:nth-of-type(1) > div:nth-of-type(1) > div:nth-of-type(2) > div:nth-of-type(1) > g-scrolling-carousel:nth-of-type(1) > div:nth-of-type(1) > div:nth-of-type(1) > div:nth-of-type(1) > div:nth-of-type(1) > div:nth-of-type(4),dom_screenshot_registered
p014-b3-t9,cell,dd_top,True,0,4,637.2996,194.0,748.917,483.8435,5,vplaurlg4,html:nth-of-type(1) > body:nth-of-type(1) > div:nth-of-type(8) > div:nth-of-type(1) > div:nth-of-type(10) > div:nth-of-type(1) > div:nth-of-type(1) > div:nth-of-type(3) > div:nth-of-type(1) > div:nth-of-type(1) > div:nth-of-type(1) > div:nth-of-type(1) > div:nth-of-type(2) > div:nth-of-type(1) > g-scrolling-carousel:nth-of-type(1) > div:nth-of-type(1) > div:nth-of-type(1) > div:nth-of-type(1) > div:nth-of-type(1) > div:nth-of-type(5),dom_screenshot_registered
p015-b4-t8,parent,dd_top,True,0,,162.0,158.0,749.0,509.0,3,,,typed_parent_unchanged
p015-b4-t8,cell,dd_top,True,0,0,162.0253,194.0,352.8551,499.9648,3,vplaurlg0,html:nth-of-type(1) > body:nth-of-type(1) > div:nth-of-type(8) > div:nth-of-type(1) > div:nth-of-type(10) > div:nth-of-type(1) > div:nth-of-type(1) > div:nth-of-type(3) > div:nth-of-type(1) > div:nth-of-type(1) > div:nth-of-type(1) > div:nth-of-type(1) > div:nth-of-type(2) > div:nth-of-type(1) > div:nth-of-type(1) > div:nth-of-type(1),dom_screenshot_registered
p015-b4-t8,cell,dd_top,True,0,1,360.0563,194.0,550.8861,499.9648,3,vplaurlg1,html:nth-of-type(1) > body:nth-of-type(1) > div:nth-of-type(8) > div:nth-of-type(1) > div:nth-of-type(10) > div:nth-of-type(1) > div:nth-of-type(1) > div:nth-of-type(3) > div:nth-of-type(1) > div:nth-of-type(1) > div:nth-of-type(1) > div:nth-of-type(1) > div:nth-of-type(2) > div:nth-of-type(1) > div:nth-of-type(1) > div:nth-of-type(2),dom_screenshot_registered
p015-b4-t8,cell,dd_top,True,0,2,558.0872,194.0,748.917,499.9648,3,vplaurlg2,html:nth-of-type(1) > body:nth-of-type(1) > div:nth-of-type(8) > div:nth-of-type(1) > div:nth-of-type(10) > div:nth-of-type(1) > div:nth-of-type(1) > div:nth-of-type(3) > div:nth-of-type(1) > div:nth-of-type(1) > div:nth-of-type(1) > div:nth-of-type(1) > div:nth-of-type(2) > div:nth-of-type(1) > div:nth-of-type(1) > div:nth-of-type(3),dom_screenshot_registered
p016-b3-t4,parent,dd_top,True,0,,162.0,158.0,749.0,492.0,5,,,typed_parent_unchanged
p016-b3-t4,cell,dd_top,True,0,0,162.0253,194.0,273.6427,483.7848,5,vplaurlg0,html:nth-of-type(1) > body:nth-of-type(1) > div:nth-of-type(8) > div:nth-of-type(1) > div:nth-of-type(10) > div:nth-of-type(1) > div:nth-of-type(1) > div:nth-of-type(3) > div:nth-of-type(1) > div:nth-of-type(1) > div:nth-of-type(1) > div:nth-of-type(1) > div:nth-of-type(2) > div:nth-of-type(1) > div:nth-of-type(1) > div:nth-of-type(1),dom_screenshot_registered
p016-b3-t4,cell,dd_top,True,0,1,280.8439,194.0,392.46130000000005,483.7848,5,vplaurlg1,html:nth-of-type(1) > body:nth-of-type(1) > div:nth-of-type(8) > div:nth-of-type(1) > div:nth-of-type(10) > div:nth-of-type(1) > div:nth-of-type(1) > div:nth-of-type(3) > div:nth-of-type(1) > div:nth-of-type(1) > div:nth-of-type(1) > div:nth-of-type(1) > div:nth-of-type(2) > div:nth-of-type(1) > div:nth-of-type(1) > div:nth-of-type(2),dom_screenshot_registered
p016-b3-t4,cell,dd_top,True,0,2,399.6624,194.0,511.2798,483.7848,5,vplaurlg2,html:nth-of-type(1) > body:nth-of-type(1) > div:nth-of-type(8) > div:nth-of-type(1) > div:nth-of-type(10) > div:nth-of-type(1) > div:nth-of-type(1) > div:nth-of-type(3) > div:nth-of-type(1) > div:nth-of-type(1) > div:nth-of-type(1) > div:nth-of-type(1) > div:nth-of-type(2) > div:nth-of-type(1) > div:nth-of-type(1) > div:nth-of-type(3),dom_screenshot_registered
p016-b3-t4,cell,dd_top,True,0,3,518.481,194.0,630.0984,483.7848,5,vplaurlg3,html:nth-of-type(1) > body:nth-of-type(1) > div:nth-of-type(8) > div:nth-of-type(1) > div:nth-of-type(10) > div:nth-of-type(1) > div:nth-of-type(1) > div:nth-of-type(3) > div:nth-of-type(1) > div:nth-of-type(1) > div:nth-of-type(1) > div:nth-of-type(1) > div:nth-of-type(2) > div:nth-of-type(1) > div:nth-of-type(1) > div:nth-of-type(4),dom_screenshot_registered
p016-b3-t4,cell,dd_top,True,0,4,637.2996,194.0,748.917,483.7848,5,vplaurlg4,html:nth-of-type(1) > body:nth-of-type(1) > div:nth-of-type(8) > div:nth-of-type(1) > div:nth-of-type(10) > div:nth-of-type(1) > div:nth-of-type(1) > div:nth-of-type(3) > div:nth-of-type(1) > div:nth-of-type(1) > div:nth-of-type(1) > div:nth-of-type(1) > div:nth-of-type(2) > div:nth-of-type(1) > div:nth-of-type(1) > div:nth-of-type(5),dom_screenshot_registered
p017-b2-t10,parent,dd_top,True,0,,162.0,158.0,748.0,454.0,5,,,typed_parent_unchanged
p017-b2-t10,cell,dd_top,True,0,0,162.0253,194.0,273.6427,445.0643,5,vplaurlg0,html:nth-of-type(1) > body:nth-of-type(1) > div:nth-of-type(8) > div:nth-of-type(1) > div:nth-of-type(10) > div:nth-of-type(1) > div:nth-of-type(1) > div:nth-of-type(3) > div:nth-of-type(1) > div:nth-of-type(1) > div:nth-of-type(1) > div:nth-of-type(1) > div:nth-of-type(2) > div:nth-of-type(1) > g-scrolling-carousel:nth-of-type(1) > div:nth-of-type(1) > div:nth-of-type(1) > div:nth-of-type(1) > div:nth-of-type(1) > div:nth-of-type(1),dom_screenshot_registered
p017-b2-t10,cell,dd_top,True,0,1,280.8439,194.0,392.46130000000005,445.0643,5,vplaurlg1,html:nth-of-type(1) > body:nth-of-type(1) > div:nth-of-type(8) > div:nth-of-type(1) > div:nth-of-type(10) > div:nth-of-type(1) > div:nth-of-type(1) > div:nth-of-type(3) > div:nth-of-type(1) > div:nth-of-type(1) > div:nth-of-type(1) > div:nth-of-type(1) > div:nth-of-type(2) > div:nth-of-type(1) > g-scrolling-carousel:nth-of-type(1) > div:nth-of-type(1) > div:nth-of-type(1) > div:nth-of-type(1) > div:nth-of-type(1) > div:nth-of-type(2),dom_screenshot_registered
p017-b2-t10,cell,dd_top,True,0,2,399.6624,194.0,511.2798,445.0643,5,vplaurlg2,html:nth-of-type(1) > body:nth-of-type(1) > div:nth-of-type(8) > div:nth-of-type(1) > div:nth-of-type(10) > div:nth-of-type(1) > div:nth-of-type(1) > div:nth-of-type(3) > div:nth-of-type(1) > div:nth-of-type(1) > div:nth-of-type(1) > div:nth-of-type(1) > div:nth-of-type(2) > div:nth-of-type(1) > g-scrolling-carousel:nth-of-type(1) > div:nth-of-type(1) > div:nth-of-type(1) > div:nth-of-type(1) > div:nth-of-type(1) > div:nth-of-type(3),dom_screenshot_registered
p017-b2-t10,cell,dd_top,True,0,3,518.481,194.0,630.0984,445.0643,5,vplaurlg3,html:nth-of-type(1) > body:nth-of-type(1) > div:nth-of-type(8) > div:nth-of-type(1) > div:nth-of-type(10) > div:nth-of-type(1) > div:nth-of-type(1) > div:nth-of-type(3) > div:nth-of-type(1) > div:nth-of-type(1) > div:nth-of-type(1) > div:nth-of-type(1) > div:nth-of-type(2) > div:nth-of-type(1) > g-scrolling-carousel:nth-of-type(1) > div:nth-of-type(1) > div:nth-of-type(1) > div:nth-of-type(1) > div:nth-of-type(1) > div:nth-of-type(4),dom_screenshot_registered
p017-b2-t10,cell,dd_top,True,0,4,637.2996,194.0,748.917,445.0643,5,vplaurlg4,html:nth-of-type(1) > body:nth-of-type(1) > div:nth-of-type(8) > div:nth-of-type(1) > div:nth-of-type(10) > div:nth-of-type(1) > div:nth-of-type(1) > div:nth-of-type(3) > div:nth-of-type(1) > div:nth-of-type(1) > div:nth-of-type(1) > div:nth-of-type(1) > div:nth-of-type(2) > div:nth-of-type(1) > g-scrolling-carousel:nth-of-type(1) > div:nth-of-type(1) > div:nth-of-type(1) > div:nth-of-type(1) > div:nth-of-type(1) > div:nth-of-type(5),dom_screenshot_registered
p017-b6-t7,parent,dd_top,True,0,,162.0,158.0,748.0,391.0,5,,,typed_parent_unchanged
p017-b6-t7,cell,dd_top,True,0,0,162.0253,194.0,273.6427,382.08680000000004,5,vplaurlg0,html:nth-of-type(1) > body:nth-of-type(1) > div:nth-of-type(8) > div:nth-of-type(1) > div:nth-of-type(10) > div:nth-of-type(1) > div:nth-of-type(1) > div:nth-of-type(3) > div:nth-of-type(1) > div:nth-of-type(1) > div:nth-of-type(1) > div:nth-of-type(1) > div:nth-of-type(2) > div:nth-of-type(1) > g-scrolling-carousel:nth-of-type(1) > div:nth-of-type(1) > div:nth-of-type(1) > div:nth-of-type(1) > div:nth-of-type(1) > div:nth-of-type(1),dom_screenshot_registered
p017-b6-t7,cell,dd_top,True,0,1,280.8439,194.0,392.46130000000005,382.08680000000004,5,vplaurlg1,html:nth-of-type(1) > body:nth-of-type(1) > div:nth-of-type(8) > div:nth-of-type(1) > div:nth-of-type(10) > div:nth-of-type(1) > div:nth-of-type(1) > div:nth-of-type(3) > div:nth-of-type(1) > div:nth-of-type(1) > div:nth-of-type(1) > div:nth-of-type(1) > div:nth-of-type(2) > div:nth-of-type(1) > g-scrolling-carousel:nth-of-type(1) > div:nth-of-type(1) > div:nth-of-type(1) > div:nth-of-type(1) > div:nth-of-type(1) > div:nth-of-type(2),dom_screenshot_registered
p017-b6-t7,cell,dd_top,True,0,2,399.6624,194.0,511.2798,382.08680000000004,5,vplaurlg2,html:nth-of-type(1) > body:nth-of-type(1) > div:nth-of-type(8) > div:nth-of-type(1) > div:nth-of-type(10) > div:nth-of-type(1) > div:nth-of-type(1) > div:nth-of-type(3) > div:nth-of-type(1) > div:nth-of-type(1) > div:nth-of-type(1) > div:nth-of-type(1) > div:nth-of-type(2) > div:nth-of-type(1) > g-scrolling-carousel:nth-of-type(1) > div:nth-of-type(1) > div:nth-of-type(1) > div:nth-of-type(1) > div:nth-of-type(1) > div:nth-of-type(3),dom_screenshot_registered
p017-b6-t7,cell,dd_top,True,0,3,518.481,194.0,630.0984,382.08680000000004,5,vplaurlg3,html:nth-of-type(1) > body:nth-of-type(1) > div:nth-of-type(8) > div:nth-of-type(1) > div:nth-of-type(10) > div:nth-of-type(1) > div:nth-of-type(1) > div:nth-of-type(3) > div:nth-of-type(1) > div:nth-of-type(1) > div:nth-of-type(1) > div:nth-of-type(1) > div:nth-of-type(2) > div:nth-of-type(1) > g-scrolling-carousel:nth-of-type(1) > div:nth-of-type(1) > div:nth-of-type(1) > div:nth-of-type(1) > div:nth-of-type(1) > div:nth-of-type(4),dom_screenshot_registered
p017-b6-t7,cell,dd_top,True,0,4,637.2996,194.0,748.917,382.08680000000004,5,vplaurlg4,html:nth-of-type(1) > body:nth-of-type(1) > div:nth-of-type(8) > div:nth-of-type(1) > div:nth-of-type(10) > div:nth-of-type(1) > div:nth-of-type(1) > div:nth-of-type(3) > div:nth-of-type(1) > div:nth-of-type(1) > div:nth-of-type(1) > div:nth-of-type(1) > div:nth-of-type(2) > div:nth-of-type(1) > g-scrolling-carousel:nth-of-type(1) > div:nth-of-type(1) > div:nth-of-type(1) > div:nth-of-type(1) > div:nth-of-type(1) > div:nth-of-type(5),dom_screenshot_registered
p018-b5-t5,parent,dd_top,True,0,,162.0,158.0,749.0,437.0,5,,,typed_parent_unchanged
p018-b5-t5,cell,dd_top,True,0,0,162.0253,194.0,273.6427,428.9,5,vplaurlg0,html:nth-of-type(1) > body:nth-of-type(1) > div:nth-of-type(8) > div:nth-of-type(1) > div:nth-of-type(10) > div:nth-of-type(1) > div:nth-of-type(1) > div:nth-of-type(3) > div:nth-of-type(1) > div:nth-of-type(1) > div:nth-of-type(1) > div:nth-of-type(1) > div:nth-of-type(2) > div:nth-of-type(1) > div:nth-of-type(1) > div:nth-of-type(1),dom_screenshot_registered
p018-b5-t5,cell,dd_top,True,0,1,280.8439,194.0,392.46130000000005,428.9,5,vplaurlg1,html:nth-of-type(1) > body:nth-of-type(1) > div:nth-of-type(8) > div:nth-of-type(1) > div:nth-of-type(10) > div:nth-of-type(1) > div:nth-of-type(1) > div:nth-of-type(3) > div:nth-of-type(1) > div:nth-of-type(1) > div:nth-of-type(1) > div:nth-of-type(1) > div:nth-of-type(2) > div:nth-of-type(1) > div:nth-of-type(1) > div:nth-of-type(2),dom_screenshot_registered
p018-b5-t5,cell,dd_top,True,0,2,399.6624,194.0,511.2798,428.9,5,vplaurlg2,html:nth-of-type(1) > body:nth-of-type(1) > div:nth-of-type(8) > div:nth-of-type(1) > div:nth-of-type(10) > div:nth-of-type(1) > div:nth-of-type(1) > div:nth-of-type(3) > div:nth-of-type(1) > div:nth-of-type(1) > div:nth-of-type(1) > div:nth-of-type(1) > div:nth-of-type(2) > div:nth-of-type(1) > div:nth-of-type(1) > div:nth-of-type(3),dom_screenshot_registered
p018-b5-t5,cell,dd_top,True,0,3,518.481,194.0,630.0984,428.9,5,vplaurlg3,html:nth-of-type(1) > body:nth-of-type(1) > div:nth-of-type(8) > div:nth-of-type(1) > div:nth-of-type(10) > div:nth-of-type(1) > div:nth-of-type(1) > div:nth-of-type(3) > div:nth-of-type(1) > div:nth-of-type(1) > div:nth-of-type(1) > div:nth-of-type(1) > div:nth-of-type(2) > div:nth-of-type(1) > div:nth-of-type(1) > div:nth-of-type(4),dom_screenshot_registered
p018-b5-t5,cell,dd_top,True,0,4,637.2996,194.0,748.917,428.9,5,vplaurlg4,html:nth-of-type(1) > body:nth-of-type(1) > div:nth-of-type(8) > div:nth-of-type(1) > div:nth-of-type(10) > div:nth-of-type(1) > div:nth-of-type(1) > div:nth-of-type(3) > div:nth-of-type(1) > div:nth-of-type(1) > div:nth-of-type(1) > div:nth-of-type(1) > div:nth-of-type(2) > div:nth-of-type(1) > div:nth-of-type(1) > div:nth-of-type(5),dom_screenshot_registered
p019-b4-t10,parent,dd_top,True,0,,162.0,158.0,748.0,493.0,5,,,typed_parent_unchanged
p019-b4-t10,cell,dd_top,True,0,0,162.0253,194.0,273.6427,483.819,5,vplaurlg0,html:nth-of-type(1) > body:nth-of-type(1) > div:nth-of-type(8) > div:nth-of-type(1) > div:nth-of-type(10) > div:nth-of-type(1) > div:nth-of-type(1) > div:nth-of-type(3) > div:nth-of-type(1) > div:nth-of-type(1) > div:nth-of-type(1) > div:nth-of-type(1) > div:nth-of-type(2) > div:nth-of-type(1) > g-scrolling-carousel:nth-of-type(1) > div:nth-of-type(1) > div:nth-of-type(1) > div:nth-of-type(1) > div:nth-of-type(1) > div:nth-of-type(1),dom_screenshot_registered
p019-b4-t10,cell,dd_top,True,0,1,280.8439,194.0,392.46130000000005,483.819,5,vplaurlg1,html:nth-of-type(1) > body:nth-of-type(1) > div:nth-of-type(8) > div:nth-of-type(1) > div:nth-of-type(10) > div:nth-of-type(1) > div:nth-of-type(1) > div:nth-of-type(3) > div:nth-of-type(1) > div:nth-of-type(1) > div:nth-of-type(1) > div:nth-of-type(1) > div:nth-of-type(2) > div:nth-of-type(1) > g-scrolling-carousel:nth-of-type(1) > div:nth-of-type(1) > div:nth-of-type(1) > div:nth-of-type(1) > div:nth-of-type(1) > div:nth-of-type(2),dom_screenshot_registered
p019-b4-t10,cell,dd_top,True,0,2,399.6624,194.0,511.2798,483.819,5,vplaurlg2,html:nth-of-type(1) > body:nth-of-type(1) > div:nth-of-type(8) > div:nth-of-type(1) > div:nth-of-type(10) > div:nth-of-type(1) > div:nth-of-type(1) > div:nth-of-type(3) > div:nth-of-type(1) > div:nth-of-type(1) > div:nth-of-type(1) > div:nth-of-type(1) > div:nth-of-type(2) > div:nth-of-type(1) > g-scrolling-carousel:nth-of-type(1) > div:nth-of-type(1) > div:nth-of-type(1) > div:nth-of-type(1) > div:nth-of-type(1) > div:nth-of-type(3),dom_screenshot_registered
p019-b4-t10,cell,dd_top,True,0,3,518.481,194.0,630.0984,483.819,5,vplaurlg3,html:nth-of-type(1) > body:nth-of-type(1) > div:nth-of-type(8) > div:nth-of-type(1) > div:nth-of-type(10) > div:nth-of-type(1) > div:nth-of-type(1) > div:nth-of-type(3) > div:nth-of-type(1) > div:nth-of-type(1) > div:nth-of-type(1) > div:nth-of-type(1) > div:nth-of-type(2) > div:nth-of-type(1) > g-scrolling-carousel:nth-of-type(1) > div:nth-of-type(1) > div:nth-of-type(1) > div:nth-of-type(1) > div:nth-of-type(1) > div:nth-of-type(4),dom_screenshot_registered
p019-b4-t10,cell,dd_top,True,0,4,637.2996,194.0,748.917,483.819,5,vplaurlg4,html:nth-of-type(1) > body:nth-of-type(1) > div:nth-of-type(8) > div:nth-of-type(1) > div:nth-of-type(10) > div:nth-of-type(1) > div:nth-of-type(1) > div:nth-of-type(3) > div:nth-of-type(1) > div:nth-of-type(1) > div:nth-of-type(1) > div:nth-of-type(1) > div:nth-of-type(2) > div:nth-of-type(1) > g-scrolling-carousel:nth-of-type(1) > div:nth-of-type(1) > div:nth-of-type(1) > div:nth-of-type(1) > div:nth-of-type(1) > div:nth-of-type(5),dom_screenshot_registered
p019-b6-t5,parent,dd_top,True,0,,162.0,158.0,748.0,509.0,5,,,typed_parent_unchanged
p019-b6-t5,cell,dd_top,True,0,0,162.0253,194.0,273.6427,500.0,5,vplaurlg0,html:nth-of-type(1) > body:nth-of-type(1) > div:nth-of-type(8) > div:nth-of-type(1) > div:nth-of-type(10) > div:nth-of-type(1) > div:nth-of-type(1) > div:nth-of-type(3) > div:nth-of-type(1) > div:nth-of-type(1) > div:nth-of-type(1) > div:nth-of-type(1) > div:nth-of-type(2) > div:nth-of-type(1) > g-scrolling-carousel:nth-of-type(1) > div:nth-of-type(1) > div:nth-of-type(1) > div:nth-of-type(1) > div:nth-of-type(1) > div:nth-of-type(1),dom_screenshot_registered
p019-b6-t5,cell,dd_top,True,0,1,280.8439,194.0,392.46130000000005,500.0,5,vplaurlg1,html:nth-of-type(1) > body:nth-of-type(1) > div:nth-of-type(8) > div:nth-of-type(1) > div:nth-of-type(10) > div:nth-of-type(1) > div:nth-of-type(1) > div:nth-of-type(3) > div:nth-of-type(1) > div:nth-of-type(1) > div:nth-of-type(1) > div:nth-of-type(1) > div:nth-of-type(2) > div:nth-of-type(1) > g-scrolling-carousel:nth-of-type(1) > div:nth-of-type(1) > div:nth-of-type(1) > div:nth-of-type(1) > div:nth-of-type(1) > div:nth-of-type(2),dom_screenshot_registered
p019-b6-t5,cell,dd_top,True,0,2,399.6624,194.0,511.2798,500.0,5,vplaurlg2,html:nth-of-type(1) > body:nth-of-type(1) > div:nth-of-type(8) > div:nth-of-type(1) > div:nth-of-type(10) > div:nth-of-type(1) > div:nth-of-type(1) > div:nth-of-type(3) > div:nth-of-type(1) > div:nth-of-type(1) > div:nth-of-type(1) > div:nth-of-type(1) > div:nth-of-type(2) > div:nth-of-type(1) > g-scrolling-carousel:nth-of-type(1) > div:nth-of-type(1) > div:nth-of-type(1) > div:nth-of-type(1) > div:nth-of-type(1) > div:nth-of-type(3),dom_screenshot_registered
p019-b6-t5,cell,dd_top,True,0,3,518.481,194.0,630.0984,500.0,5,vplaurlg3,html:nth-of-type(1) > body:nth-of-type(1) > div:nth-of-type(8) > div:nth-of-type(1) > div:nth-of-type(10) > div:nth-of-type(1) > div:nth-of-type(1) > div:nth-of-type(3) > div:nth-of-type(1) > div:nth-of-type(1) > div:nth-of-type(1) > div:nth-of-type(1) > div:nth-of-type(2) > div:nth-of-type(1) > g-scrolling-carousel:nth-of-type(1) > div:nth-of-type(1) > div:nth-of-type(1) > div:nth-of-type(1) > div:nth-of-type(1) > div:nth-of-type(4),dom_screenshot_registered
p019-b6-t5,cell,dd_top,True,0,4,637.2996,194.0,748.917,500.0,5,vplaurlg4,html:nth-of-type(1) > body:nth-of-type(1) > div:nth-of-type(8) > div:nth-of-type(1) > div:nth-of-type(10) > div:nth-of-type(1) > div:nth-of-type(1) > div:nth-of-type(3) > div:nth-of-type(1) > div:nth-of-type(1) > div:nth-of-type(1) > div:nth-of-type(1) > div:nth-of-type(2) > div:nth-of-type(1) > g-scrolling-carousel:nth-of-type(1) > div:nth-of-type(1) > div:nth-of-type(1) > div:nth-of-type(1) > div:nth-of-type(1) > div:nth-of-type(5),dom_screenshot_registered
p021-b3-t8,parent,dd_top,True,0,,162.0,158.0,749.0,509.0,4,,,typed_parent_unchanged
p021-b3-t8,cell,dd_top,True,0,0,162.0253,194.0,303.3474,500.0216,4,vplaurlg0,html:nth-of-type(1) > body:nth-of-type(1) > div:nth-of-type(8) > div:nth-of-type(1) > div:nth-of-type(10) > div:nth-of-type(1) > div:nth-of-type(1) > div:nth-of-type(3) > div:nth-of-type(1) > div:nth-of-type(1) > div:nth-of-type(1) > div:nth-of-type(1) > div:nth-of-type(2) > div:nth-of-type(1) > div:nth-of-type(1) > div:nth-of-type(1),dom_screenshot_registered
p021-b3-t8,cell,dd_top,True,0,1,310.5485,194.0,451.87059999999997,500.0216,4,vplaurlg1,html:nth-of-type(1) > body:nth-of-type(1) > div:nth-of-type(8) > div:nth-of-type(1) > div:nth-of-type(10) > div:nth-of-type(1) > div:nth-of-type(1) > div:nth-of-type(3) > div:nth-of-type(1) > div:nth-of-type(1) > div:nth-of-type(1) > div:nth-of-type(1) > div:nth-of-type(2) > div:nth-of-type(1) > div:nth-of-type(1) > div:nth-of-type(2),dom_screenshot_registered
p021-b3-t8,cell,dd_top,True,0,2,459.0717,194.0,600.3938,500.0216,4,vplaurlg2,html:nth-of-type(1) > body:nth-of-type(1) > div:nth-of-type(8) > div:nth-of-type(1) > div:nth-of-type(10) > div:nth-of-type(1) > div:nth-of-type(1) > div:nth-of-type(3) > div:nth-of-type(1) > div:nth-of-type(1) > div:nth-of-type(1) > div:nth-of-type(1) > div:nth-of-type(2) > div:nth-of-type(1) > div:nth-of-type(1) > div:nth-of-type(3),dom_screenshot_registered
p021-b3-t8,cell,dd_top,True,0,3,607.5949,194.0,748.917,500.0216,4,vplaurlg3,html:nth-of-type(1) > body:nth-of-type(1) > div:nth-of-type(8) > div:nth-of-type(1) > div:nth-of-type(10) > div:nth-of-type(1) > div:nth-of-type(1) > div:nth-of-type(3) > div:nth-of-type(1) > div:nth-of-type(1) > div:nth-of-type(1) > div:nth-of-type(1) > div:nth-of-type(2) > div:nth-of-type(1) > div:nth-of-type(1) > div:nth-of-type(4),dom_screenshot_registered
p021-b6-t10,parent,dd_top,True,0,,162.0,158.0,748.0,493.0,5,,,typed_parent_unchanged
p021-b6-t10,cell,dd_top,True,0,0,162.0253,194.0,273.6427,483.8204,5,vplaurlg0,html:nth-of-type(1) > body:nth-of-type(1) > div:nth-of-type(8) > div:nth-of-type(1) > div:nth-of-type(10) > div:nth-of-type(1) > div:nth-of-type(1) > div:nth-of-type(3) > div:nth-of-type(1) > div:nth-of-type(1) > div:nth-of-type(1) > div:nth-of-type(1) > div:nth-of-type(2) > div:nth-of-type(1) > g-scrolling-carousel:nth-of-type(1) > div:nth-of-type(1) > div:nth-of-type(1) > div:nth-of-type(1) > div:nth-of-type(1) > div:nth-of-type(1),dom_screenshot_registered
p021-b6-t10,cell,dd_top,True,0,1,280.8439,194.0,392.46130000000005,483.8204,5,vplaurlg1,html:nth-of-type(1) > body:nth-of-type(1) > div:nth-of-type(8) > div:nth-of-type(1) > div:nth-of-type(10) > div:nth-of-type(1) > div:nth-of-type(1) > div:nth-of-type(3) > div:nth-of-type(1) > div:nth-of-type(1) > div:nth-of-type(1) > div:nth-of-type(1) > div:nth-of-type(2) > div:nth-of-type(1) > g-scrolling-carousel:nth-of-type(1) > div:nth-of-type(1) > div:nth-of-type(1) > div:nth-of-type(1) > div:nth-of-type(1) > div:nth-of-type(2),dom_screenshot_registered
p021-b6-t10,cell,dd_top,True,0,2,399.6624,194.0,511.2798,483.8204,5,vplaurlg2,html:nth-of-type(1) > body:nth-of-type(1) > div:nth-of-type(8) > div:nth-of-type(1) > div:nth-of-type(10) > div:nth-of-type(1) > div:nth-of-type(1) > div:nth-of-type(3) > div:nth-of-type(1) > div:nth-of-type(1) > div:nth-of-type(1) > div:nth-of-type(1) > div:nth-of-type(2) > div:nth-of-type(1) > g-scrolling-carousel:nth-of-type(1) > div:nth-of-type(1) > div:nth-of-type(1) > div:nth-of-type(1) > div:nth-of-type(1) > div:nth-of-type(3),dom_screenshot_registered
p021-b6-t10,cell,dd_top,True,0,3,518.481,194.0,630.0984,483.8204,5,vplaurlg3,html:nth-of-type(1) > body:nth-of-type(1) > div:nth-of-type(8) > div:nth-of-type(1) > div:nth-of-type(10) > div:nth-of-type(1) > div:nth-of-type(1) > div:nth-of-type(3) > div:nth-of-type(1) > div:nth-of-type(1) > div:nth-of-type(1) > div:nth-of-type(1) > div:nth-of-type(2) > div:nth-of-type(1) > g-scrolling-carousel:nth-of-type(1) > div:nth-of-type(1) > div:nth-of-type(1) > div:nth-of-type(1) > div:nth-of-type(1) > div:nth-of-type(4),dom_screenshot_registered
p021-b6-t10,cell,dd_top,True,0,4,637.2996,194.0,748.917,483.8204,5,vplaurlg4,html:nth-of-type(1) > body:nth-of-type(1) > div:nth-of-type(8) > div:nth-of-type(1) > div:nth-of-type(10) > div:nth-of-type(1) > div:nth-of-type(1) > div:nth-of-type(3) > div:nth-of-type(1) > div:nth-of-type(1) > div:nth-of-type(1) > div:nth-of-type(1) > div:nth-of-type(2) > div:nth-of-type(1) > g-scrolling-carousel:nth-of-type(1) > div:nth-of-type(1) > div:nth-of-type(1) > div:nth-of-type(1) > div:nth-of-type(1) > div:nth-of-type(5),dom_screenshot_registered
p022-b2-t4,parent,dd_top,True,0,,162.0,158.0,749.0,492.0,3,,,typed_parent_unchanged
p022-b2-t4,cell,dd_top,True,0,0,162.0253,194.0,352.8551,483.7883,3,vplaurlg0,html:nth-of-type(1) > body:nth-of-type(1) > div:nth-of-type(8) > div:nth-of-type(1) > div:nth-of-type(10) > div:nth-of-type(1) > div:nth-of-type(1) > div:nth-of-type(3) > div:nth-of-type(1) > div:nth-of-type(1) > div:nth-of-type(1) > div:nth-of-type(1) > div:nth-of-type(2) > div:nth-of-type(1) > div:nth-of-type(1) > div:nth-of-type(1),dom_screenshot_registered
p022-b2-t4,cell,dd_top,True,0,1,360.0563,194.0,550.8861,483.7883,3,vplaurlg1,html:nth-of-type(1) > body:nth-of-type(1) > div:nth-of-type(8) > div:nth-of-type(1) > div:nth-of-type(10) > div:nth-of-type(1) > div:nth-of-type(1) > div:nth-of-type(3) > div:nth-of-type(1) > div:nth-of-type(1) > div:nth-of-type(1) > div:nth-of-type(1) > div:nth-of-type(2) > div:nth-of-type(1) > div:nth-of-type(1) > div:nth-of-type(2),dom_screenshot_registered
p022-b2-t4,cell,dd_top,True,0,2,558.0872,194.0,748.917,483.7883,3,vplaurlg2,html:nth-of-type(1) > body:nth-of-type(1) > div:nth-of-type(8) > div:nth-of-type(1) > div:nth-of-type(10) > div:nth-of-type(1) > div:nth-of-type(1) > div:nth-of-type(3) > div:nth-of-type(1) > div:nth-of-type(1) > div:nth-of-type(1) > div:nth-of-type(1) > div:nth-of-type(2) > div:nth-of-type(1) > div:nth-of-type(1) > div:nth-of-type(3),dom_screenshot_registered
p022-b4-t7,parent,dd_top,True,0,,162.0,158.0,748.0,454.0,5,,,typed_parent_unchanged
p022-b4-t7,cell,dd_top,True,0,0,162.0253,194.0,273.6427,445.1,5,vplaurlg0,html:nth-of-type(1) > body:nth-of-type(1) > div:nth-of-type(8) > div:nth-of-type(1) > div:nth-of-type(10) > div:nth-of-type(1) > div:nth-of-type(1) > div:nth-of-type(3) > div:nth-of-type(1) > div:nth-of-type(1) > div:nth-of-type(1) > div:nth-of-type(1) > div:nth-of-type(2) > div:nth-of-type(1) > g-scrolling-carousel:nth-of-type(1) > div:nth-of-type(1) > div:nth-of-type(1) > div:nth-of-type(1) > div:nth-of-type(1) > div:nth-of-type(1),dom_screenshot_registered
p022-b4-t7,cell,dd_top,True,0,1,280.8439,194.0,392.46130000000005,445.1,5,vplaurlg1,html:nth-of-type(1) > body:nth-of-type(1) > div:nth-of-type(8) > div:nth-of-type(1) > div:nth-of-type(10) > div:nth-of-type(1) > div:nth-of-type(1) > div:nth-of-type(3) > div:nth-of-type(1) > div:nth-of-type(1) > div:nth-of-type(1) > div:nth-of-type(1) > div:nth-of-type(2) > div:nth-of-type(1) > g-scrolling-carousel:nth-of-type(1) > div:nth-of-type(1) > div:nth-of-type(1) > div:nth-of-type(1) > div:nth-of-type(1) > div:nth-of-type(2),dom_screenshot_registered
p022-b4-t7,cell,dd_top,True,0,2,399.6624,194.0,511.2798,445.1,5,vplaurlg2,html:nth-of-type(1) > body:nth-of-type(1) > div:nth-of-type(8) > div:nth-of-type(1) > div:nth-of-type(10) > div:nth-of-type(1) > div:nth-of-type(1) > div:nth-of-type(3) > div:nth-of-type(1) > div:nth-of-type(1) > div:nth-of-type(1) > div:nth-of-type(1) > div:nth-of-type(2) > div:nth-of-type(1) > g-scrolling-carousel:nth-of-type(1) > div:nth-of-type(1) > div:nth-of-type(1) > div:nth-of-type(1) > div:nth-of-type(1) > div:nth-of-type(3),dom_screenshot_registered
p022-b4-t7,cell,dd_top,True,0,3,518.481,194.0,630.0984,445.1,5,vplaurlg3,html:nth-of-type(1) > body:nth-of-type(1) > div:nth-of-type(8) > div:nth-of-type(1) > div:nth-of-type(10) > div:nth-of-type(1) > div:nth-of-type(1) > div:nth-of-type(3) > div:nth-of-type(1) > div:nth-of-type(1) > div:nth-of-type(1) > div:nth-of-type(1) > div:nth-of-type(2) > div:nth-of-type(1) > g-scrolling-carousel:nth-of-type(1) > div:nth-of-type(1) > div:nth-of-type(1) > div:nth-of-type(1) > div:nth-of-type(1) > div:nth-of-type(4),dom_screenshot_registered
p022-b4-t7,cell,dd_top,True,0,4,637.2996,194.0,748.917,445.1,5,vplaurlg4,html:nth-of-type(1) > body:nth-of-type(1) > div:nth-of-type(8) > div:nth-of-type(1) > div:nth-of-type(10) > div:nth-of-type(1) > div:nth-of-type(1) > div:nth-of-type(3) > div:nth-of-type(1) > div:nth-of-type(1) > div:nth-of-type(1) > div:nth-of-type(1) > div:nth-of-type(2) > div:nth-of-type(1) > g-scrolling-carousel:nth-of-type(1) > div:nth-of-type(1) > div:nth-of-type(1) > div:nth-of-type(1) > div:nth-of-type(1) > div:nth-of-type(5),dom_screenshot_registered
p023-b1-t1,parent,dd_top,True,0,,162.0,158.0,749.0,454.0,4,,,typed_parent_unchanged
p023-b1-t1,cell,dd_top,True,0,0,162.0253,194.0,303.3474,445.121,4,vplaurlg0,html:nth-of-type(1) > body:nth-of-type(1) > div:nth-of-type(8) > div:nth-of-type(1) > div:nth-of-type(10) > div:nth-of-type(1) > div:nth-of-type(1) > div:nth-of-type(3) > div:nth-of-type(1) > div:nth-of-type(1) > div:nth-of-type(1) > div:nth-of-type(1) > div:nth-of-type(2) > div:nth-of-type(1) > div:nth-of-type(1) > div:nth-of-type(1),dom_screenshot_registered
p023-b1-t1,cell,dd_top,True,0,1,310.5485,194.0,451.87059999999997,445.121,4,vplaurlg1,html:nth-of-type(1) > body:nth-of-type(1) > div:nth-of-type(8) > div:nth-of-type(1) > div:nth-of-type(10) > div:nth-of-type(1) > div:nth-of-type(1) > div:nth-of-type(3) > div:nth-of-type(1) > div:nth-of-type(1) > div:nth-of-type(1) > div:nth-of-type(1) > div:nth-of-type(2) > div:nth-of-type(1) > div:nth-of-type(1) > div:nth-of-type(2),dom_screenshot_registered
p023-b1-t1,cell,dd_top,True,0,2,459.0717,194.0,600.3938,445.121,4,vplaurlg2,html:nth-of-type(1) > body:nth-of-type(1) > div:nth-of-type(8) > div:nth-of-type(1) > div:nth-of-type(10) > div:nth-of-type(1) > div:nth-of-type(1) > div:nth-of-type(3) > div:nth-of-type(1) > div:nth-of-type(1) > div:nth-of-type(1) > div:nth-of-type(1) > div:nth-of-type(2) > div:nth-of-type(1) > div:nth-of-type(1) > div:nth-of-type(3),dom_screenshot_registered
p023-b1-t1,cell,dd_top,True,0,3,607.5949,194.0,748.917,445.121,4,vplaurlg3,html:nth-of-type(1) > body:nth-of-type(1) > div:nth-of-type(8) > div:nth-of-type(1) > div:nth-of-type(10) > div:nth-of-type(1) > div:nth-of-type(1) > div:nth-of-type(3) > div:nth-of-type(1) > div:nth-of-type(1) > div:nth-of-type(1) > div:nth-of-type(1) > div:nth-of-type(2) > div:nth-of-type(1) > div:nth-of-type(1) > div:nth-of-type(4),dom_screenshot_registered
p023-b3-t3,parent,dd_top,True,0,,162.0,158.0,748.0,437.0,5,,,typed_parent_unchanged
p023-b3-t3,cell,dd_top,True,0,0,162.0253,194.0,273.6427,428.9,5,vplaurlg0,html:nth-of-type(1) > body:nth-of-type(1) > div:nth-of-type(8) > div:nth-of-type(1) > div:nth-of-type(10) > div:nth-of-type(1) > div:nth-of-type(1) > div:nth-of-type(3) > div:nth-of-type(1) > div:nth-of-type(1) > div:nth-of-type(1) > div:nth-of-type(1) > div:nth-of-type(2) > div:nth-of-type(1) > g-scrolling-carousel:nth-of-type(1) > div:nth-of-type(1) > div:nth-of-type(1) > div:nth-of-type(1) > div:nth-of-type(1) > div:nth-of-type(1),dom_screenshot_registered
p023-b3-t3,cell,dd_top,True,0,1,280.8439,194.0,392.46130000000005,428.9,5,vplaurlg1,html:nth-of-type(1) > body:nth-of-type(1) > div:nth-of-type(8) > div:nth-of-type(1) > div:nth-of-type(10) > div:nth-of-type(1) > div:nth-of-type(1) > div:nth-of-type(3) > div:nth-of-type(1) > div:nth-of-type(1) > div:nth-of-type(1) > div:nth-of-type(1) > div:nth-of-type(2) > div:nth-of-type(1) > g-scrolling-carousel:nth-of-type(1) > div:nth-of-type(1) > div:nth-of-type(1) > div:nth-of-type(1) > div:nth-of-type(1) > div:nth-of-type(2),dom_screenshot_registered
p023-b3-t3,cell,dd_top,True,0,2,399.6624,194.0,511.2798,428.9,5,vplaurlg2,html:nth-of-type(1) > body:nth-of-type(1) > div:nth-of-type(8) > div:nth-of-type(1) > div:nth-of-type(10) > div:nth-of-type(1) > div:nth-of-type(1) > div:nth-of-type(3) > div:nth-of-type(1) > div:nth-of-type(1) > div:nth-of-type(1) > div:nth-of-type(1) > div:nth-of-type(2) > div:nth-of-type(1) > g-scrolling-carousel:nth-of-type(1) > div:nth-of-type(1) > div:nth-of-type(1) > div:nth-of-type(1) > div:nth-of-type(1) > div:nth-of-type(3),dom_screenshot_registered
p023-b3-t3,cell,dd_top,True,0,3,518.481,194.0,630.0984,428.9,5,vplaurlg3,html:nth-of-type(1) > body:nth-of-type(1) > div:nth-of-type(8) > div:nth-of-type(1) > div:nth-of-type(10) > div:nth-of-type(1) > div:nth-of-type(1) > div:nth-of-type(3) > div:nth-of-type(1) > div:nth-of-type(1) > div:nth-of-type(1) > div:nth-of-type(1) > div:nth-of-type(2) > div:nth-of-type(1) > g-scrolling-carousel:nth-of-type(1) > div:nth-of-type(1) > div:nth-of-type(1) > div:nth-of-type(1) > div:nth-of-type(1) > div:nth-of-type(4),dom_screenshot_registered
p023-b3-t3,cell,dd_top,True,0,4,637.2996,194.0,748.917,428.9,5,vplaurlg4,html:nth-of-type(1) > body:nth-of-type(1) > div:nth-of-type(8) > div:nth-of-type(1) > div:nth-of-type(10) > div:nth-of-type(1) > div:nth-of-type(1) > div:nth-of-type(3) > div:nth-of-type(1) > div:nth-of-type(1) > div:nth-of-type(1) > div:nth-of-type(1) > div:nth-of-type(2) > div:nth-of-type(1) > g-scrolling-carousel:nth-of-type(1) > div:nth-of-type(1) > div:nth-of-type(1) > div:nth-of-type(1) > div:nth-of-type(1) > div:nth-of-type(5),dom_screenshot_registered
p023-b5-t6,parent,dd_top,True,0,,162.0,230.0,749.0,509.0,4,,,typed_parent_unchanged
p023-b5-t6,cell,dd_top,True,0,0,162.0253,265.0,303.3474,499.8733,4,vplaurlg0,html:nth-of-type(1) > body:nth-of-type(1) > div:nth-of-type(8) > div:nth-of-type(1) > div:nth-of-type(10) > div:nth-of-type(1) > div:nth-of-type(1) > div:nth-of-type(3) > div:nth-of-type(1) > div:nth-of-type(1) > div:nth-of-type(1) > div:nth-of-type(1) > div:nth-of-type(2) > div:nth-of-type(1) > div:nth-of-type(1) > div:nth-of-type(1),dom_screenshot_registered
p023-b5-t6,cell,dd_top,True,0,1,310.5485,265.0,451.87059999999997,499.8733,4,vplaurlg1,html:nth-of-type(1) > body:nth-of-type(1) > div:nth-of-type(8) > div:nth-of-type(1) > div:nth-of-type(10) > div:nth-of-type(1) > div:nth-of-type(1) > div:nth-of-type(3) > div:nth-of-type(1) > div:nth-of-type(1) > div:nth-of-type(1) > div:nth-of-type(1) > div:nth-of-type(2) > div:nth-of-type(1) > div:nth-of-type(1) > div:nth-of-type(2),dom_screenshot_registered
p023-b5-t6,cell,dd_top,True,0,2,459.0717,265.0,600.3938,499.8733,4,vplaurlg2,html:nth-of-type(1) > body:nth-of-type(1) > div:nth-of-type(8) > div:nth-of-type(1) > div:nth-of-type(10) > div:nth-of-type(1) > div:nth-of-type(1) > div:nth-of-type(3) > div:nth-of-type(1) > div:nth-of-type(1) > div:nth-of-type(1) > div:nth-of-type(1) > div:nth-of-type(2) > div:nth-of-type(1) > div:nth-of-type(1) > div:nth-of-type(3),dom_screenshot_registered
p023-b5-t6,cell,dd_top,True,0,3,607.5949,265.0,748.917,499.8733,4,vplaurlg3,html:nth-of-type(1) > body:nth-of-type(1) > div:nth-of-type(8) > div:nth-of-type(1) > div:nth-of-type(10) > div:nth-of-type(1) > div:nth-of-type(1) > div:nth-of-type(3) > div:nth-of-type(1) > div:nth-of-type(1) > div:nth-of-type(1) > div:nth-of-type(1) > div:nth-of-type(2) > div:nth-of-type(1) > div:nth-of-type(1) > div:nth-of-type(4),dom_screenshot_registered
p024-b4-t2,parent,dd_top,True,0,,162.0,158.0,749.0,509.0,5,,,typed_parent_unchanged
p024-b4-t2,cell,dd_top,True,0,0,162.0253,194.0,273.6427,500.0402,5,vplaurlg0,html:nth-of-type(1) > body:nth-of-type(1) > div:nth-of-type(8) > div:nth-of-type(1) > div:nth-of-type(10) > div:nth-of-type(1) > div:nth-of-type(1) > div:nth-of-type(3) > div:nth-of-type(1) > div:nth-of-type(1) > div:nth-of-type(1) > div:nth-of-type(1) > div:nth-of-type(2) > div:nth-of-type(1) > div:nth-of-type(1) > div:nth-of-type(1),dom_screenshot_registered
p024-b4-t2,cell,dd_top,True,0,1,280.8439,194.0,392.46130000000005,500.0402,5,vplaurlg1,html:nth-of-type(1) > body:nth-of-type(1) > div:nth-of-type(8) > div:nth-of-type(1) > div:nth-of-type(10) > div:nth-of-type(1) > div:nth-of-type(1) > div:nth-of-type(3) > div:nth-of-type(1) > div:nth-of-type(1) > div:nth-of-type(1) > div:nth-of-type(1) > div:nth-of-type(2) > div:nth-of-type(1) > div:nth-of-type(1) > div:nth-of-type(2),dom_screenshot_registered
p024-b4-t2,cell,dd_top,True,0,2,399.6624,194.0,511.2798,500.0402,5,vplaurlg2,html:nth-of-type(1) > body:nth-of-type(1) > div:nth-of-type(8) > div:nth-of-type(1) > div:nth-of-type(10) > div:nth-of-type(1) > div:nth-of-type(1) > div:nth-of-type(3) > div:nth-of-type(1) > div:nth-of-type(1) > div:nth-of-type(1) > div:nth-of-type(1) > div:nth-of-type(2) > div:nth-of-type(1) > div:nth-of-type(1) > div:nth-of-type(3),dom_screenshot_registered
p024-b4-t2,cell,dd_top,True,0,3,518.481,194.0,630.0984,500.0402,5,vplaurlg3,html:nth-of-type(1) > body:nth-of-type(1) > div:nth-of-type(8) > div:nth-of-type(1) > div:nth-of-type(10) > div:nth-of-type(1) > div:nth-of-type(1) > div:nth-of-type(3) > div:nth-of-type(1) > div:nth-of-type(1) > div:nth-of-type(1) > div:nth-of-type(1) > div:nth-of-type(2) > div:nth-of-type(1) > div:nth-of-type(1) > div:nth-of-type(4),dom_screenshot_registered
p024-b4-t2,cell,dd_top,True,0,4,637.2996,194.0,748.917,500.0402,5,vplaurlg4,html:nth-of-type(1) > body:nth-of-type(1) > div:nth-of-type(8) > div:nth-of-type(1) > div:nth-of-type(10) > div:nth-of-type(1) > div:nth-of-type(1) > div:nth-of-type(3) > div:nth-of-type(1) > div:nth-of-type(1) > div:nth-of-type(1) > div:nth-of-type(1) > div:nth-of-type(2) > div:nth-of-type(1) > div:nth-of-type(1) > div:nth-of-type(5),dom_screenshot_registered
p024-b6-t5,parent,dd_top,True,0,,162.0,158.0,748.0,493.0,5,,,typed_parent_unchanged
p024-b6-t5,cell,dd_top,True,0,0,162.0253,194.0,273.6427,483.7904,5,vplaurlg0,html:nth-of-type(1) > body:nth-of-type(1) > div:nth-of-type(8) > div:nth-of-type(1) > div:nth-of-type(10) > div:nth-of-type(1) > div:nth-of-type(1) > div:nth-of-type(3) > div:nth-of-type(1) > div:nth-of-type(1) > div:nth-of-type(1) > div:nth-of-type(1) > div:nth-of-type(2) > div:nth-of-type(1) > g-scrolling-carousel:nth-of-type(1) > div:nth-of-type(1) > div:nth-of-type(1) > div:nth-of-type(1) > div:nth-of-type(1) > div:nth-of-type(1),dom_screenshot_registered
p024-b6-t5,cell,dd_top,True,0,1,280.8439,194.0,392.46130000000005,483.7904,5,vplaurlg1,html:nth-of-type(1) > body:nth-of-type(1) > div:nth-of-type(8) > div:nth-of-type(1) > div:nth-of-type(10) > div:nth-of-type(1) > div:nth-of-type(1) > div:nth-of-type(3) > div:nth-of-type(1) > div:nth-of-type(1) > div:nth-of-type(1) > div:nth-of-type(1) > div:nth-of-type(2) > div:nth-of-type(1) > g-scrolling-carousel:nth-of-type(1) > div:nth-of-type(1) > div:nth-of-type(1) > div:nth-of-type(1) > div:nth-of-type(1) > div:nth-of-type(2),dom_screenshot_registered
p024-b6-t5,cell,dd_top,True,0,2,399.6624,194.0,511.2798,483.7904,5,vplaurlg2,html:nth-of-type(1) > body:nth-of-type(1) > div:nth-of-type(8) > div:nth-of-type(1) > div:nth-of-type(10) > div:nth-of-type(1) > div:nth-of-type(1) > div:nth-of-type(3) > div:nth-of-type(1) > div:nth-of-type(1) > div:nth-of-type(1) > div:nth-of-type(1) > div:nth-of-type(2) > div:nth-of-type(1) > g-scrolling-carousel:nth-of-type(1) > div:nth-of-type(1) > div:nth-of-type(1) > div:nth-of-type(1) > div:nth-of-type(1) > div:nth-of-type(3),dom_screenshot_registered
p024-b6-t5,cell,dd_top,True,0,3,518.481,194.0,630.0984,483.7904,5,vplaurlg3,html:nth-of-type(1) > body:nth-of-type(1) > div:nth-of-type(8) > div:nth-of-type(1) > div:nth-of-type(10) > div:nth-of-type(1) > div:nth-of-type(1) > div:nth-of-type(3) > div:nth-of-type(1) > div:nth-of-type(1) > div:nth-of-type(1) > div:nth-of-type(1) > div:nth-of-type(2) > div:nth-of-type(1) > g-scrolling-carousel:nth-of-type(1) > div:nth-of-type(1) > div:nth-of-type(1) > div:nth-of-type(1) > div:nth-of-type(1) > div:nth-of-type(4),dom_screenshot_registered
p024-b6-t5,cell,dd_top,True,0,4,637.2996,194.0,748.917,483.7904,5,vplaurlg4,html:nth-of-type(1) > body:nth-of-type(1) > div:nth-of-type(8) > div:nth-of-type(1) > div:nth-of-type(10) > div:nth-of-type(1) > div:nth-of-type(1) > div:nth-of-type(3) > div:nth-of-type(1) > div:nth-of-type(1) > div:nth-of-type(1) > div:nth-of-type(1) > div:nth-of-type(2) > div:nth-of-type(1) > g-scrolling-carousel:nth-of-type(1) > div:nth-of-type(1) > div:nth-of-type(1) > div:nth-of-type(1) > div:nth-of-type(1) > div:nth-of-type(5),dom_screenshot_registered
p025-b2-t8,parent,dd_top,True,0,,162.0,158.0,748.0,540.0,5,,,typed_parent_unchanged
p025-b2-t8,cell,dd_top,True,0,0,162.0253,194.0,273.6427,531.4881,5,vplaurlg0,html:nth-of-type(1) > body:nth-of-type(1) > div:nth-of-type(8) > div:nth-of-type(1) > div:nth-of-type(10) > div:nth-of-type(1) > div:nth-of-type(1) > div:nth-of-type(3) > div:nth-of-type(1) > div:nth-of-type(1) > div:nth-of-type(1) > div:nth-of-type(1) > div:nth-of-type(2) > div:nth-of-type(1) > g-scrolling-carousel:nth-of-type(1) > div:nth-of-type(1) > div:nth-of-type(1) > div:nth-of-type(1) > div:nth-of-type(1) > div:nth-of-type(1),dom_screenshot_registered
p025-b2-t8,cell,dd_top,True,0,1,280.8439,194.0,392.46130000000005,531.4881,5,vplaurlg1,html:nth-of-type(1) > body:nth-of-type(1) > div:nth-of-type(8) > div:nth-of-type(1) > div:nth-of-type(10) > div:nth-of-type(1) > div:nth-of-type(1) > div:nth-of-type(3) > div:nth-of-type(1) > div:nth-of-type(1) > div:nth-of-type(1) > div:nth-of-type(1) > div:nth-of-type(2) > div:nth-of-type(1) > g-scrolling-carousel:nth-of-type(1) > div:nth-of-type(1) > div:nth-of-type(1) > div:nth-of-type(1) > div:nth-of-type(1) > div:nth-of-type(2),dom_screenshot_registered
p025-b2-t8,cell,dd_top,True,0,2,399.6624,194.0,511.2798,531.4881,5,vplaurlg2,html:nth-of-type(1) > body:nth-of-type(1) > div:nth-of-type(8) > div:nth-of-type(1) > div:nth-of-type(10) > div:nth-of-type(1) > div:nth-of-type(1) > div:nth-of-type(3) > div:nth-of-type(1) > div:nth-of-type(1) > div:nth-of-type(1) > div:nth-of-type(1) > div:nth-of-type(2) > div:nth-of-type(1) > g-scrolling-carousel:nth-of-type(1) > div:nth-of-type(1) > div:nth-of-type(1) > div:nth-of-type(1) > div:nth-of-type(1) > div:nth-of-type(3),dom_screenshot_registered
p025-b2-t8,cell,dd_top,True,0,3,518.481,194.0,630.0984,531.4881,5,vplaurlg3,html:nth-of-type(1) > body:nth-of-type(1) > div:nth-of-type(8) > div:nth-of-type(1) > div:nth-of-type(10) > div:nth-of-type(1) > div:nth-of-type(1) > div:nth-of-type(3) > div:nth-of-type(1) > div:nth-of-type(1) > div:nth-of-type(1) > div:nth-of-type(1) > div:nth-of-type(2) > div:nth-of-type(1) > g-scrolling-carousel:nth-of-type(1) > div:nth-of-type(1) > div:nth-of-type(1) > div:nth-of-type(1) > div:nth-of-type(1) > div:nth-of-type(4),dom_screenshot_registered
p025-b2-t8,cell,dd_top,True,0,4,637.2996,194.0,748.917,531.4881,5,vplaurlg4,html:nth-of-type(1) > body:nth-of-type(1) > div:nth-of-type(8) > div:nth-of-type(1) > div:nth-of-type(10) > div:nth-of-type(1) > div:nth-of-type(1) > div:nth-of-type(3) > div:nth-of-type(1) > div:nth-of-type(1) > div:nth-of-type(1) > div:nth-of-type(1) > div:nth-of-type(2) > div:nth-of-type(1) > g-scrolling-carousel:nth-of-type(1) > div:nth-of-type(1) > div:nth-of-type(1) > div:nth-of-type(1) > div:nth-of-type(1) > div:nth-of-type(5),dom_screenshot_registered
p025-b5-t2,parent,dd_top,True,0,,162.0,158.0,748.0,437.0,5,,,typed_parent_unchanged
p025-b5-t2,cell,dd_top,True,0,0,162.0253,194.0,273.6427,428.9,5,vplaurlg0,html:nth-of-type(1) > body:nth-of-type(1) > div:nth-of-type(8) > div:nth-of-type(1) > div:nth-of-type(10) > div:nth-of-type(1) > div:nth-of-type(1) > div:nth-of-type(3) > div:nth-of-type(1) > div:nth-of-type(1) > div:nth-of-type(1) > div:nth-of-type(1) > div:nth-of-type(2) > div:nth-of-type(1) > g-scrolling-carousel:nth-of-type(1) > div:nth-of-type(1) > div:nth-of-type(1) > div:nth-of-type(1) > div:nth-of-type(1) > div:nth-of-type(1),dom_screenshot_registered
p025-b5-t2,cell,dd_top,True,0,1,280.8439,194.0,392.46130000000005,428.9,5,vplaurlg1,html:nth-of-type(1) > body:nth-of-type(1) > div:nth-of-type(8) > div:nth-of-type(1) > div:nth-of-type(10) > div:nth-of-type(1) > div:nth-of-type(1) > div:nth-of-type(3) > div:nth-of-type(1) > div:nth-of-type(1) > div:nth-of-type(1) > div:nth-of-type(1) > div:nth-of-type(2) > div:nth-of-type(1) > g-scrolling-carousel:nth-of-type(1) > div:nth-of-type(1) > div:nth-of-type(1) > div:nth-of-type(1) > div:nth-of-type(1) > div:nth-of-type(2),dom_screenshot_registered
p025-b5-t2,cell,dd_top,True,0,2,399.6624,194.0,511.2798,428.9,5,vplaurlg2,html:nth-of-type(1) > body:nth-of-type(1) > div:nth-of-type(8) > div:nth-of-type(1) > div:nth-of-type(10) > div:nth-of-type(1) > div:nth-of-type(1) > div:nth-of-type(3) > div:nth-of-type(1) > div:nth-of-type(1) > div:nth-of-type(1) > div:nth-of-type(1) > div:nth-of-type(2) > div:nth-of-type(1) > g-scrolling-carousel:nth-of-type(1) > div:nth-of-type(1) > div:nth-of-type(1) > div:nth-of-type(1) > div:nth-of-type(1) > div:nth-of-type(3),dom_screenshot_registered
p025-b5-t2,cell,dd_top,True,0,3,518.481,194.0,630.0984,428.9,5,vplaurlg3,html:nth-of-type(1) > body:nth-of-type(1) > div:nth-of-type(8) > div:nth-of-type(1) > div:nth-of-type(10) > div:nth-of-type(1) > div:nth-of-type(1) > div:nth-of-type(3) > div:nth-of-type(1) > div:nth-of-type(1) > div:nth-of-type(1) > div:nth-of-type(1) > div:nth-of-type(2) > div:nth-of-type(1) > g-scrolling-carousel:nth-of-type(1) > div:nth-of-type(1) > div:nth-of-type(1) > div:nth-of-type(1) > div:nth-of-type(1) > div:nth-of-type(4),dom_screenshot_registered
p025-b5-t2,cell,dd_top,True,0,4,637.2996,194.0,748.917,428.9,5,vplaurlg4,html:nth-of-type(1) > body:nth-of-type(1) > div:nth-of-type(8) > div:nth-of-type(1) > div:nth-of-type(10) > div:nth-of-type(1) > div:nth-of-type(1) > div:nth-of-type(3) > div:nth-of-type(1) > div:nth-of-type(1) > div:nth-of-type(1) > div:nth-of-type(1) > div:nth-of-type(2) > div:nth-of-type(1) > g-scrolling-carousel:nth-of-type(1) > div:nth-of-type(1) > div:nth-of-type(1) > div:nth-of-type(1) > div:nth-of-type(1) > div:nth-of-type(5),dom_screenshot_registered
p026-b1-t6,parent,dd_top,True,0,,162.0,158.0,748.0,509.0,5,,,typed_parent_unchanged
p026-b1-t6,cell,dd_top,True,0,0,162.0253,194.0,273.6427,499.9884,5,vplaurlg0,html:nth-of-type(1) > body:nth-of-type(1) > div:nth-of-type(8) > div:nth-of-type(1) > div:nth-of-type(10) > div:nth-of-type(1) > div:nth-of-type(1) > div:nth-of-type(3) > div:nth-of-type(1) > div:nth-of-type(1) > div:nth-of-type(1) > div:nth-of-type(1) > div:nth-of-type(2) > div:nth-of-type(1) > g-scrolling-carousel:nth-of-type(1) > div:nth-of-type(1) > div:nth-of-type(1) > div:nth-of-type(1) > div:nth-of-type(1) > div:nth-of-type(1),dom_screenshot_registered
p026-b1-t6,cell,dd_top,True,0,1,280.8439,194.0,392.46130000000005,499.9884,5,vplaurlg1,html:nth-of-type(1) > body:nth-of-type(1) > div:nth-of-type(8) > div:nth-of-type(1) > div:nth-of-type(10) > div:nth-of-type(1) > div:nth-of-type(1) > div:nth-of-type(3) > div:nth-of-type(1) > div:nth-of-type(1) > div:nth-of-type(1) > div:nth-of-type(1) > div:nth-of-type(2) > div:nth-of-type(1) > g-scrolling-carousel:nth-of-type(1) > div:nth-of-type(1) > div:nth-of-type(1) > div:nth-of-type(1) > div:nth-of-type(1) > div:nth-of-type(2),dom_screenshot_registered
p026-b1-t6,cell,dd_top,True,0,2,399.6624,194.0,511.2798,499.9884,5,vplaurlg2,html:nth-of-type(1) > body:nth-of-type(1) > div:nth-of-type(8) > div:nth-of-type(1) > div:nth-of-type(10) > div:nth-of-type(1) > div:nth-of-type(1) > div:nth-of-type(3) > div:nth-of-type(1) > div:nth-of-type(1) > div:nth-of-type(1) > div:nth-of-type(1) > div:nth-of-type(2) > div:nth-of-type(1) > g-scrolling-carousel:nth-of-type(1) > div:nth-of-type(1) > div:nth-of-type(1) > div:nth-of-type(1) > div:nth-of-type(1) > div:nth-of-type(3),dom_screenshot_registered
p026-b1-t6,cell,dd_top,True,0,3,518.481,194.0,630.0984,499.9884,5,vplaurlg3,html:nth-of-type(1) > body:nth-of-type(1) > div:nth-of-type(8) > div:nth-of-type(1) > div:nth-of-type(10) > div:nth-of-type(1) > div:nth-of-type(1) > div:nth-of-type(3) > div:nth-of-type(1) > div:nth-of-type(1) > div:nth-of-type(1) > div:nth-of-type(1) > div:nth-of-type(2) > div:nth-of-type(1) > g-scrolling-carousel:nth-of-type(1) > div:nth-of-type(1) > div:nth-of-type(1) > div:nth-of-type(1) > div:nth-of-type(1) > div:nth-of-type(4),dom_screenshot_registered
p026-b1-t6,cell,dd_top,True,0,4,637.2996,194.0,748.917,499.9884,5,vplaurlg4,html:nth-of-type(1) > body:nth-of-type(1) > div:nth-of-type(8) > div:nth-of-type(1) > div:nth-of-type(10) > div:nth-of-type(1) > div:nth-of-type(1) > div:nth-of-type(3) > div:nth-of-type(1) > div:nth-of-type(1) > div:nth-of-type(1) > div:nth-of-type(1) > div:nth-of-type(2) > div:nth-of-type(1) > g-scrolling-carousel:nth-of-type(1) > div:nth-of-type(1) > div:nth-of-type(1) > div:nth-of-type(1) > div:nth-of-type(1) > div:nth-of-type(5),dom_screenshot_registered
p027-b5-t6,parent,dd_top,True,0,,162.0,158.0,749.0,492.0,3,,,typed_parent_unchanged
p027-b5-t6,cell,dd_top,True,0,0,162.0253,194.0,352.8551,483.8,3,vplaurlg0,html:nth-of-type(1) > body:nth-of-type(1) > div:nth-of-type(8) > div:nth-of-type(1) > div:nth-of-type(10) > div:nth-of-type(1) > div:nth-of-type(1) > div:nth-of-type(3) > div:nth-of-type(1) > div:nth-of-type(1) > div:nth-of-type(1) > div:nth-of-type(1) > div:nth-of-type(2) > div:nth-of-type(1) > div:nth-of-type(1) > div:nth-of-type(1),dom_screenshot_registered
p027-b5-t6,cell,dd_top,True,0,1,360.0563,194.0,550.8861,483.8,3,vplaurlg1,html:nth-of-type(1) > body:nth-of-type(1) > div:nth-of-type(8) > div:nth-of-type(1) > div:nth-of-type(10) > div:nth-of-type(1) > div:nth-of-type(1) > div:nth-of-type(3) > div:nth-of-type(1) > div:nth-of-type(1) > div:nth-of-type(1) > div:nth-of-type(1) > div:nth-of-type(2) > div:nth-of-type(1) > div:nth-of-type(1) > div:nth-of-type(2),dom_screenshot_registered
p027-b5-t6,cell,dd_top,True,0,2,558.0872,194.0,748.917,483.8,3,vplaurlg2,html:nth-of-type(1) > body:nth-of-type(1) > div:nth-of-type(8) > div:nth-of-type(1) > div:nth-of-type(10) > div:nth-of-type(1) > div:nth-of-type(1) > div:nth-of-type(3) > div:nth-of-type(1) > div:nth-of-type(1) > div:nth-of-type(1) > div:nth-of-type(1) > div:nth-of-type(2) > div:nth-of-type(1) > div:nth-of-type(1) > div:nth-of-type(3),dom_screenshot_registered
p028-b1-t9,parent,dd_top,True,0,,162.0,158.0,748.0,540.0,5,,,typed_parent_unchanged
p028-b1-t9,cell,dd_top,True,0,0,162.0253,194.0,273.6427,531.4896,5,vplaurlg0,html:nth-of-type(1) > body:nth-of-type(1) > div:nth-of-type(8) > div:nth-of-type(1) > div:nth-of-type(10) > div:nth-of-type(1) > div:nth-of-type(1) > div:nth-of-type(3) > div:nth-of-type(1) > div:nth-of-type(1) > div:nth-of-type(1) > div:nth-of-type(1) > div:nth-of-type(2) > div:nth-of-type(1) > g-scrolling-carousel:nth-of-type(1) > div:nth-of-type(1) > div:nth-of-type(1) > div:nth-of-type(1) > div:nth-of-type(1) > div:nth-of-type(1),dom_screenshot_registered
p028-b1-t9,cell,dd_top,True,0,1,280.8439,194.0,392.46130000000005,531.4896,5,vplaurlg1,html:nth-of-type(1) > body:nth-of-type(1) > div:nth-of-type(8) > div:nth-of-type(1) > div:nth-of-type(10) > div:nth-of-type(1) > div:nth-of-type(1) > div:nth-of-type(3) > div:nth-of-type(1) > div:nth-of-type(1) > div:nth-of-type(1) > div:nth-of-type(1) > div:nth-of-type(2) > div:nth-of-type(1) > g-scrolling-carousel:nth-of-type(1) > div:nth-of-type(1) > div:nth-of-type(1) > div:nth-of-type(1) > div:nth-of-type(1) > div:nth-of-type(2),dom_screenshot_registered
p028-b1-t9,cell,dd_top,True,0,2,399.6624,194.0,511.2798,531.4896,5,vplaurlg2,html:nth-of-type(1) > body:nth-of-type(1) > div:nth-of-type(8) > div:nth-of-type(1) > div:nth-of-type(10) > div:nth-of-type(1) > div:nth-of-type(1) > div:nth-of-type(3) > div:nth-of-type(1) > div:nth-of-type(1) > div:nth-of-type(1) > div:nth-of-type(1) > div:nth-of-type(2) > div:nth-of-type(1) > g-scrolling-carousel:nth-of-type(1) > div:nth-of-type(1) > div:nth-of-type(1) > div:nth-of-type(1) > div:nth-of-type(1) > div:nth-of-type(3),dom_screenshot_registered
p028-b1-t9,cell,dd_top,True,0,3,518.481,194.0,630.0984,531.4896,5,vplaurlg3,html:nth-of-type(1) > body:nth-of-type(1) > div:nth-of-type(8) > div:nth-of-type(1) > div:nth-of-type(10) > div:nth-of-type(1) > div:nth-of-type(1) > div:nth-of-type(3) > div:nth-of-type(1) > div:nth-of-type(1) > div:nth-of-type(1) > div:nth-of-type(1) > div:nth-of-type(2) > div:nth-of-type(1) > g-scrolling-carousel:nth-of-type(1) > div:nth-of-type(1) > div:nth-of-type(1) > div:nth-of-type(1) > div:nth-of-type(1) > div:nth-of-type(4),dom_screenshot_registered
p028-b1-t9,cell,dd_top,True,0,4,637.2996,194.0,748.917,531.4896,5,vplaurlg4,html:nth-of-type(1) > body:nth-of-type(1) > div:nth-of-type(8) > div:nth-of-type(1) > div:nth-of-type(10) > div:nth-of-type(1) > div:nth-of-type(1) > div:nth-of-type(3) > div:nth-of-type(1) > div:nth-of-type(1) > div:nth-of-type(1) > div:nth-of-type(1) > div:nth-of-type(2) > div:nth-of-type(1) > g-scrolling-carousel:nth-of-type(1) > div:nth-of-type(1) > div:nth-of-type(1) > div:nth-of-type(1) > div:nth-of-type(1) > div:nth-of-type(5),dom_screenshot_registered
p028-b4-t2,parent,dd_top,True,0,,162.0,158.0,749.0,509.0,3,,,typed_parent_unchanged
p028-b4-t2,cell,dd_top,True,0,0,162.0253,194.0,352.8551,499.9881,3,vplaurlg0,html:nth-of-type(1) > body:nth-of-type(1) > div:nth-of-type(8) > div:nth-of-type(1) > div:nth-of-type(10) > div:nth-of-type(1) > div:nth-of-type(1) > div:nth-of-type(3) > div:nth-of-type(1) > div:nth-of-type(1) > div:nth-of-type(1) > div:nth-of-type(1) > div:nth-of-type(2) > div:nth-of-type(1) > div:nth-of-type(1) > div:nth-of-type(1),dom_screenshot_registered
p028-b4-t2,cell,dd_top,True,0,1,360.0563,194.0,550.8861,499.9881,3,vplaurlg1,html:nth-of-type(1) > body:nth-of-type(1) > div:nth-of-type(8) > div:nth-of-type(1) > div:nth-of-type(10) > div:nth-of-type(1) > div:nth-of-type(1) > div:nth-of-type(3) > div:nth-of-type(1) > div:nth-of-type(1) > div:nth-of-type(1) > div:nth-of-type(1) > div:nth-of-type(2) > div:nth-of-type(1) > div:nth-of-type(1) > div:nth-of-type(2),dom_screenshot_registered
p028-b4-t2,cell,dd_top,True,0,2,558.0872,194.0,748.917,499.9881,3,vplaurlg2,html:nth-of-type(1) > body:nth-of-type(1) > div:nth-of-type(8) > div:nth-of-type(1) > div:nth-of-type(10) > div:nth-of-type(1) > div:nth-of-type(1) > div:nth-of-type(3) > div:nth-of-type(1) > div:nth-of-type(1) > div:nth-of-type(1) > div:nth-of-type(1) > div:nth-of-type(2) > div:nth-of-type(1) > div:nth-of-type(1) > div:nth-of-type(3),dom_screenshot_registered
p029-b5-t10,parent,dd_top,True,0,,162.0,158.0,748.0,509.0,5,,,typed_parent_unchanged
p029-b5-t10,cell,dd_top,True,0,0,162.0253,194.0,273.6427,500.0349,5,vplaurlg0,html:nth-of-type(1) > body:nth-of-type(1) > div:nth-of-type(8) > div:nth-of-type(1) > div:nth-of-type(10) > div:nth-of-type(1) > div:nth-of-type(1) > div:nth-of-type(3) > div:nth-of-type(1) > div:nth-of-type(1) > div:nth-of-type(1) > div:nth-of-type(1) > div:nth-of-type(2) > div:nth-of-type(1) > g-scrolling-carousel:nth-of-type(1) > div:nth-of-type(1) > div:nth-of-type(1) > div:nth-of-type(1) > div:nth-of-type(1) > div:nth-of-type(1),dom_screenshot_registered
p029-b5-t10,cell,dd_top,True,0,1,280.8439,194.0,392.46130000000005,500.0349,5,vplaurlg1,html:nth-of-type(1) > body:nth-of-type(1) > div:nth-of-type(8) > div:nth-of-type(1) > div:nth-of-type(10) > div:nth-of-type(1) > div:nth-of-type(1) > div:nth-of-type(3) > div:nth-of-type(1) > div:nth-of-type(1) > div:nth-of-type(1) > div:nth-of-type(1) > div:nth-of-type(2) > div:nth-of-type(1) > g-scrolling-carousel:nth-of-type(1) > div:nth-of-type(1) > div:nth-of-type(1) > div:nth-of-type(1) > div:nth-of-type(1) > div:nth-of-type(2),dom_screenshot_registered
p029-b5-t10,cell,dd_top,True,0,2,399.6624,194.0,511.2798,500.0349,5,vplaurlg2,html:nth-of-type(1) > body:nth-of-type(1) > div:nth-of-type(8) > div:nth-of-type(1) > div:nth-of-type(10) > div:nth-of-type(1) > div:nth-of-type(1) > div:nth-of-type(3) > div:nth-of-type(1) > div:nth-of-type(1) > div:nth-of-type(1) > div:nth-of-type(1) > div:nth-of-type(2) > div:nth-of-type(1) > g-scrolling-carousel:nth-of-type(1) > div:nth-of-type(1) > div:nth-of-type(1) > div:nth-of-type(1) > div:nth-of-type(1) > div:nth-of-type(3),dom_screenshot_registered
p029-b5-t10,cell,dd_top,True,0,3,518.481,194.0,630.0984,500.0349,5,vplaurlg3,html:nth-of-type(1) > body:nth-of-type(1) > div:nth-of-type(8) > div:nth-of-type(1) > div:nth-of-type(10) > div:nth-of-type(1) > div:nth-of-type(1) > div:nth-of-type(3) > div:nth-of-type(1) > div:nth-of-type(1) > div:nth-of-type(1) > div:nth-of-type(1) > div:nth-of-type(2) > div:nth-of-type(1) > g-scrolling-carousel:nth-of-type(1) > div:nth-of-type(1) > div:nth-of-type(1) > div:nth-of-type(1) > div:nth-of-type(1) > div:nth-of-type(4),dom_screenshot_registered
p029-b5-t10,cell,dd_top,True,0,4,637.2996,194.0,748.917,500.0349,5,vplaurlg4,html:nth-of-type(1) > body:nth-of-type(1) > div:nth-of-type(8) > div:nth-of-type(1) > div:nth-of-type(10) > div:nth-of-type(1) > div:nth-of-type(1) > div:nth-of-type(3) > div:nth-of-type(1) > div:nth-of-type(1) > div:nth-of-type(1) > div:nth-of-type(1) > div:nth-of-type(2) > div:nth-of-type(1) > g-scrolling-carousel:nth-of-type(1) > div:nth-of-type(1) > div:nth-of-type(1) > div:nth-of-type(1) > div:nth-of-type(1) > div:nth-of-type(5),dom_screenshot_registered
p030-b1-t4,parent,dd_top,True,0,,162.0,158.0,748.0,454.0,5,,,typed_parent_unchanged
p030-b1-t4,cell,dd_top,True,0,0,162.0253,194.0,273.6427,445.0664,5,vplaurlg0,html:nth-of-type(1) > body:nth-of-type(1) > div:nth-of-type(8) > div:nth-of-type(1) > div:nth-of-type(10) > div:nth-of-type(1) > div:nth-of-type(1) > div:nth-of-type(3) > div:nth-of-type(1) > div:nth-of-type(1) > div:nth-of-type(1) > div:nth-of-type(1) > div:nth-of-type(2) > div:nth-of-type(1) > g-scrolling-carousel:nth-of-type(1) > div:nth-of-type(1) > div:nth-of-type(1) > div:nth-of-type(1) > div:nth-of-type(1) > div:nth-of-type(1),dom_screenshot_registered
p030-b1-t4,cell,dd_top,True,0,1,280.8439,194.0,392.46130000000005,445.0664,5,vplaurlg1,html:nth-of-type(1) > body:nth-of-type(1) > div:nth-of-type(8) > div:nth-of-type(1) > div:nth-of-type(10) > div:nth-of-type(1) > div:nth-of-type(1) > div:nth-of-type(3) > div:nth-of-type(1) > div:nth-of-type(1) > div:nth-of-type(1) > div:nth-of-type(1) > div:nth-of-type(2) > div:nth-of-type(1) > g-scrolling-carousel:nth-of-type(1) > div:nth-of-type(1) > div:nth-of-type(1) > div:nth-of-type(1) > div:nth-of-type(1) > div:nth-of-type(2),dom_screenshot_registered
p030-b1-t4,cell,dd_top,True,0,2,399.6624,194.0,511.2798,445.0664,5,vplaurlg2,html:nth-of-type(1) > body:nth-of-type(1) > div:nth-of-type(8) > div:nth-of-type(1) > div:nth-of-type(10) > div:nth-of-type(1) > div:nth-of-type(1) > div:nth-of-type(3) > div:nth-of-type(1) > div:nth-of-type(1) > div:nth-of-type(1) > div:nth-of-type(1) > div:nth-of-type(2) > div:nth-of-type(1) > g-scrolling-carousel:nth-of-type(1) > div:nth-of-type(1) > div:nth-of-type(1) > div:nth-of-type(1) > div:nth-of-type(1) > div:nth-of-type(3),dom_screenshot_registered
p030-b1-t4,cell,dd_top,True,0,3,518.481,194.0,630.0984,445.0664,5,vplaurlg3,html:nth-of-type(1) > body:nth-of-type(1) > div:nth-of-type(8) > div:nth-of-type(1) > div:nth-of-type(10) > div:nth-of-type(1) > div:nth-of-type(1) > div:nth-of-type(3) > div:nth-of-type(1) > div:nth-of-type(1) > div:nth-of-type(1) > div:nth-of-type(1) > div:nth-of-type(2) > div:nth-of-type(1) > g-scrolling-carousel:nth-of-type(1) > div:nth-of-type(1) > div:nth-of-type(1) > div:nth-of-type(1) > div:nth-of-type(1) > div:nth-of-type(4),dom_screenshot_registered
p030-b1-t4,cell,dd_top,True,0,4,637.2996,194.0,748.917,445.0664,5,vplaurlg4,html:nth-of-type(1) > body:nth-of-type(1) > div:nth-of-type(8) > div:nth-of-type(1) > div:nth-of-type(10) > div:nth-of-type(1) > div:nth-of-type(1) > div:nth-of-type(3) > div:nth-of-type(1) > div:nth-of-type(1) > div:nth-of-type(1) > div:nth-of-type(1) > div:nth-of-type(2) > div:nth-of-type(1) > g-scrolling-carousel:nth-of-type(1) > div:nth-of-type(1) > div:nth-of-type(1) > div:nth-of-type(1) > div:nth-of-type(1) > div:nth-of-type(5),dom_screenshot_registered
p031-b4-t6,parent,dd_top,True,0,,162.0,158.0,748.0,391.0,5,,,typed_parent_unchanged
p031-b4-t6,cell,dd_top,True,0,0,162.0253,194.0,273.6427,382.0796,5,vplaurlg0,html:nth-of-type(1) > body:nth-of-type(1) > div:nth-of-type(8) > div:nth-of-type(1) > div:nth-of-type(10) > div:nth-of-type(1) > div:nth-of-type(1) > div:nth-of-type(3) > div:nth-of-type(1) > div:nth-of-type(1) > div:nth-of-type(1) > div:nth-of-type(1) > div:nth-of-type(2) > div:nth-of-type(1) > g-scrolling-carousel:nth-of-type(1) > div:nth-of-type(1) > div:nth-of-type(1) > div:nth-of-type(1) > div:nth-of-type(1) > div:nth-of-type(1),dom_screenshot_registered
p031-b4-t6,cell,dd_top,True,0,1,280.8439,194.0,392.46130000000005,382.0796,5,vplaurlg1,html:nth-of-type(1) > body:nth-of-type(1) > div:nth-of-type(8) > div:nth-of-type(1) > div:nth-of-type(10) > div:nth-of-type(1) > div:nth-of-type(1) > div:nth-of-type(3) > div:nth-of-type(1) > div:nth-of-type(1) > div:nth-of-type(1) > div:nth-of-type(1) > div:nth-of-type(2) > div:nth-of-type(1) > g-scrolling-carousel:nth-of-type(1) > div:nth-of-type(1) > div:nth-of-type(1) > div:nth-of-type(1) > div:nth-of-type(1) > div:nth-of-type(2),dom_screenshot_registered
p031-b4-t6,cell,dd_top,True,0,2,399.6624,194.0,511.2798,382.0796,5,vplaurlg2,html:nth-of-type(1) > body:nth-of-type(1) > div:nth-of-type(8) > div:nth-of-type(1) > div:nth-of-type(10) > div:nth-of-type(1) > div:nth-of-type(1) > div:nth-of-type(3) > div:nth-of-type(1) > div:nth-of-type(1) > div:nth-of-type(1) > div:nth-of-type(1) > div:nth-of-type(2) > div:nth-of-type(1) > g-scrolling-carousel:nth-of-type(1) > div:nth-of-type(1) > div:nth-of-type(1) > div:nth-of-type(1) > div:nth-of-type(1) > div:nth-of-type(3),dom_screenshot_registered
p031-b4-t6,cell,dd_top,True,0,3,518.481,194.0,630.0984,382.0796,5,vplaurlg3,html:nth-of-type(1) > body:nth-of-type(1) > div:nth-of-type(8) > div:nth-of-type(1) > div:nth-of-type(10) > div:nth-of-type(1) > div:nth-of-type(1) > div:nth-of-type(3) > div:nth-of-type(1) > div:nth-of-type(1) > div:nth-of-type(1) > div:nth-of-type(1) > div:nth-of-type(2) > div:nth-of-type(1) > g-scrolling-carousel:nth-of-type(1) > div:nth-of-type(1) > div:nth-of-type(1) > div:nth-of-type(1) > div:nth-of-type(1) > div:nth-of-type(4),dom_screenshot_registered
p031-b4-t6,cell,dd_top,True,0,4,637.2996,194.0,748.917,382.0796,5,vplaurlg4,html:nth-of-type(1) > body:nth-of-type(1) > div:nth-of-type(8) > div:nth-of-type(1) > div:nth-of-type(10) > div:nth-of-type(1) > div:nth-of-type(1) > div:nth-of-type(3) > div:nth-of-type(1) > div:nth-of-type(1) > div:nth-of-type(1) > div:nth-of-type(1) > div:nth-of-type(2) > div:nth-of-type(1) > g-scrolling-carousel:nth-of-type(1) > div:nth-of-type(1) > div:nth-of-type(1) > div:nth-of-type(1) > div:nth-of-type(1) > div:nth-of-type(5),dom_screenshot_registered
p032-b3-t2,parent,dd_top,True,0,,162.0,158.0,748.0,509.0,5,,,typed_parent_unchanged
p032-b3-t2,cell,dd_top,True,0,0,162.0253,194.0,273.6427,500.048,5,vplaurlg0,html:nth-of-type(1) > body:nth-of-type(1) > div:nth-of-type(8) > div:nth-of-type(1) > div:nth-of-type(10) > div:nth-of-type(1) > div:nth-of-type(1) > div:nth-of-type(3) > div:nth-of-type(1) > div:nth-of-type(1) > div:nth-of-type(1) > div:nth-of-type(1) > div:nth-of-type(2) > div:nth-of-type(1) > g-scrolling-carousel:nth-of-type(1) > div:nth-of-type(1) > div:nth-of-type(1) > div:nth-of-type(1) > div:nth-of-type(1) > div:nth-of-type(1),dom_screenshot_registered
p032-b3-t2,cell,dd_top,True,0,1,280.8439,194.0,392.46130000000005,500.048,5,vplaurlg1,html:nth-of-type(1) > body:nth-of-type(1) > div:nth-of-type(8) > div:nth-of-type(1) > div:nth-of-type(10) > div:nth-of-type(1) > div:nth-of-type(1) > div:nth-of-type(3) > div:nth-of-type(1) > div:nth-of-type(1) > div:nth-of-type(1) > div:nth-of-type(1) > div:nth-of-type(2) > div:nth-of-type(1) > g-scrolling-carousel:nth-of-type(1) > div:nth-of-type(1) > div:nth-of-type(1) > div:nth-of-type(1) > div:nth-of-type(1) > div:nth-of-type(2),dom_screenshot_registered
p032-b3-t2,cell,dd_top,True,0,2,399.6624,194.0,511.2798,500.048,5,vplaurlg2,html:nth-of-type(1) > body:nth-of-type(1) > div:nth-of-type(8) > div:nth-of-type(1) > div:nth-of-type(10) > div:nth-of-type(1) > div:nth-of-type(1) > div:nth-of-type(3) > div:nth-of-type(1) > div:nth-of-type(1) > div:nth-of-type(1) > div:nth-of-type(1) > div:nth-of-type(2) > div:nth-of-type(1) > g-scrolling-carousel:nth-of-type(1) > div:nth-of-type(1) > div:nth-of-type(1) > div:nth-of-type(1) > div:nth-of-type(1) > div:nth-of-type(3),dom_screenshot_registered
p032-b3-t2,cell,dd_top,True,0,3,518.481,194.0,630.0984,500.048,5,vplaurlg3,html:nth-of-type(1) > body:nth-of-type(1) > div:nth-of-type(8) > div:nth-of-type(1) > div:nth-of-type(10) > div:nth-of-type(1) > div:nth-of-type(1) > div:nth-of-type(3) > div:nth-of-type(1) > div:nth-of-type(1) > div:nth-of-type(1) > div:nth-of-type(1) > div:nth-of-type(2) > div:nth-of-type(1) > g-scrolling-carousel:nth-of-type(1) > div:nth-of-type(1) > div:nth-of-type(1) > div:nth-of-type(1) > div:nth-of-type(1) > div:nth-of-type(4),dom_screenshot_registered
p032-b3-t2,cell,dd_top,True,0,4,637.2996,194.0,748.917,500.048,5,vplaurlg4,html:nth-of-type(1) > body:nth-of-type(1) > div:nth-of-type(8) > div:nth-of-type(1) > div:nth-of-type(10) > div:nth-of-type(1) > div:nth-of-type(1) > div:nth-of-type(3) > div:nth-of-type(1) > div:nth-of-type(1) > div:nth-of-type(1) > div:nth-of-type(1) > div:nth-of-type(2) > div:nth-of-type(1) > g-scrolling-carousel:nth-of-type(1) > div:nth-of-type(1) > div:nth-of-type(1) > div:nth-of-type(1) > div:nth-of-type(1) > div:nth-of-type(5),dom_screenshot_registered
p033-b1-t8,parent,dd_top,True,0,,162.0,158.0,748.0,540.0,5,,,typed_parent_unchanged
p033-b1-t8,cell,dd_top,True,0,0,162.0253,194.0,273.6427,531.5458,5,vplaurlg0,html:nth-of-type(1) > body:nth-of-type(1) > div:nth-of-type(8) > div:nth-of-type(1) > div:nth-of-type(10) > div:nth-of-type(1) > div:nth-of-type(1) > div:nth-of-type(3) > div:nth-of-type(1) > div:nth-of-type(1) > div:nth-of-type(1) > div:nth-of-type(1) > div:nth-of-type(2) > div:nth-of-type(1) > g-scrolling-carousel:nth-of-type(1) > div:nth-of-type(1) > div:nth-of-type(1) > div:nth-of-type(1) > div:nth-of-type(1) > div:nth-of-type(1),dom_screenshot_registered
p033-b1-t8,cell,dd_top,True,0,1,280.8439,194.0,392.46130000000005,531.5458,5,vplaurlg1,html:nth-of-type(1) > body:nth-of-type(1) > div:nth-of-type(8) > div:nth-of-type(1) > div:nth-of-type(10) > div:nth-of-type(1) > div:nth-of-type(1) > div:nth-of-type(3) > div:nth-of-type(1) > div:nth-of-type(1) > div:nth-of-type(1) > div:nth-of-type(1) > div:nth-of-type(2) > div:nth-of-type(1) > g-scrolling-carousel:nth-of-type(1) > div:nth-of-type(1) > div:nth-of-type(1) > div:nth-of-type(1) > div:nth-of-type(1) > div:nth-of-type(2),dom_screenshot_registered
p033-b1-t8,cell,dd_top,True,0,2,399.6624,194.0,511.2798,531.5458,5,vplaurlg2,html:nth-of-type(1) > body:nth-of-type(1) > div:nth-of-type(8) > div:nth-of-type(1) > div:nth-of-type(10) > div:nth-of-type(1) > div:nth-of-type(1) > div:nth-of-type(3) > div:nth-of-type(1) > div:nth-of-type(1) > div:nth-of-type(1) > div:nth-of-type(1) > div:nth-of-type(2) > div:nth-of-type(1) > g-scrolling-carousel:nth-of-type(1) > div:nth-of-type(1) > div:nth-of-type(1) > div:nth-of-type(1) > div:nth-of-type(1) > div:nth-of-type(3),dom_screenshot_registered
p033-b1-t8,cell,dd_top,True,0,3,518.481,194.0,630.0984,531.5458,5,vplaurlg3,html:nth-of-type(1) > body:nth-of-type(1) > div:nth-of-type(8) > div:nth-of-type(1) > div:nth-of-type(10) > div:nth-of-type(1) > div:nth-of-type(1) > div:nth-of-type(3) > div:nth-of-type(1) > div:nth-of-type(1) > div:nth-of-type(1) > div:nth-of-type(1) > div:nth-of-type(2) > div:nth-of-type(1) > g-scrolling-carousel:nth-of-type(1) > div:nth-of-type(1) > div:nth-of-type(1) > div:nth-of-type(1) > div:nth-of-type(1) > div:nth-of-type(4),dom_screenshot_registered
p033-b1-t8,cell,dd_top,True,0,4,637.2996,194.0,748.917,531.5458,5,vplaurlg4,html:nth-of-type(1) > body:nth-of-type(1) > div:nth-of-type(8) > div:nth-of-type(1) > div:nth-of-type(10) > div:nth-of-type(1) > div:nth-of-type(1) > div:nth-of-type(3) > div:nth-of-type(1) > div:nth-of-type(1) > div:nth-of-type(1) > div:nth-of-type(1) > div:nth-of-type(2) > div:nth-of-type(1) > g-scrolling-carousel:nth-of-type(1) > div:nth-of-type(1) > div:nth-of-type(1) > div:nth-of-type(1) > div:nth-of-type(1) > div:nth-of-type(5),dom_screenshot_registered
p033-b4-t10,parent,dd_top,True,0,,162.0,158.0,748.0,540.0,5,,,typed_parent_unchanged
p033-b4-t10,cell,dd_top,True,0,0,162.0253,194.0,273.6427,531.4756,5,vplaurlg0,html:nth-of-type(1) > body:nth-of-type(1) > div:nth-of-type(8) > div:nth-of-type(1) > div:nth-of-type(10) > div:nth-of-type(1) > div:nth-of-type(1) > div:nth-of-type(3) > div:nth-of-type(1) > div:nth-of-type(1) > div:nth-of-type(1) > div:nth-of-type(1) > div:nth-of-type(2) > div:nth-of-type(1) > g-scrolling-carousel:nth-of-type(1) > div:nth-of-type(1) > div:nth-of-type(1) > div:nth-of-type(1) > div:nth-of-type(1) > div:nth-of-type(1),dom_screenshot_registered
p033-b4-t10,cell,dd_top,True,0,1,280.8439,194.0,392.46130000000005,531.4756,5,vplaurlg1,html:nth-of-type(1) > body:nth-of-type(1) > div:nth-of-type(8) > div:nth-of-type(1) > div:nth-of-type(10) > div:nth-of-type(1) > div:nth-of-type(1) > div:nth-of-type(3) > div:nth-of-type(1) > div:nth-of-type(1) > div:nth-of-type(1) > div:nth-of-type(1) > div:nth-of-type(2) > div:nth-of-type(1) > g-scrolling-carousel:nth-of-type(1) > div:nth-of-type(1) > div:nth-of-type(1) > div:nth-of-type(1) > div:nth-of-type(1) > div:nth-of-type(2),dom_screenshot_registered
p033-b4-t10,cell,dd_top,True,0,2,399.6624,194.0,511.2798,531.4756,5,vplaurlg2,html:nth-of-type(1) > body:nth-of-type(1) > div:nth-of-type(8) > div:nth-of-type(1) > div:nth-of-type(10) > div:nth-of-type(1) > div:nth-of-type(1) > div:nth-of-type(3) > div:nth-of-type(1) > div:nth-of-type(1) > div:nth-of-type(1) > div:nth-of-type(1) > div:nth-of-type(2) > div:nth-of-type(1) > g-scrolling-carousel:nth-of-type(1) > div:nth-of-type(1) > div:nth-of-type(1) > div:nth-of-type(1) > div:nth-of-type(1) > div:nth-of-type(3),dom_screenshot_registered
p033-b4-t10,cell,dd_top,True,0,3,518.481,194.0,630.0984,531.4756,5,vplaurlg3,html:nth-of-type(1) > body:nth-of-type(1) > div:nth-of-type(8) > div:nth-of-type(1) > div:nth-of-type(10) > div:nth-of-type(1) > div:nth-of-type(1) > div:nth-of-type(3) > div:nth-of-type(1) > div:nth-of-type(1) > div:nth-of-type(1) > div:nth-of-type(1) > div:nth-of-type(2) > div:nth-of-type(1) > g-scrolling-carousel:nth-of-type(1) > div:nth-of-type(1) > div:nth-of-type(1) > div:nth-of-type(1) > div:nth-of-type(1) > div:nth-of-type(4),dom_screenshot_registered
p033-b4-t10,cell,dd_top,True,0,4,637.2996,194.0,748.917,531.4756,5,vplaurlg4,html:nth-of-type(1) > body:nth-of-type(1) > div:nth-of-type(8) > div:nth-of-type(1) > div:nth-of-type(10) > div:nth-of-type(1) > div:nth-of-type(1) > div:nth-of-type(3) > div:nth-of-type(1) > div:nth-of-type(1) > div:nth-of-type(1) > div:nth-of-type(1) > div:nth-of-type(2) > div:nth-of-type(1) > g-scrolling-carousel:nth-of-type(1) > div:nth-of-type(1) > div:nth-of-type(1) > div:nth-of-type(1) > div:nth-of-type(1) > div:nth-of-type(5),dom_screenshot_registered
p033-b6-t4,parent,dd_top,True,0,,162.0,158.0,749.0,509.0,4,,,typed_parent_unchanged
p033-b6-t4,cell,dd_top,True,0,0,162.0253,194.0,303.3474,499.9818,4,vplaurlg0,html:nth-of-type(1) > body:nth-of-type(1) > div:nth-of-type(8) > div:nth-of-type(1) > div:nth-of-type(10) > div:nth-of-type(1) > div:nth-of-type(1) > div:nth-of-type(3) > div:nth-of-type(1) > div:nth-of-type(1) > div:nth-of-type(1) > div:nth-of-type(1) > div:nth-of-type(2) > div:nth-of-type(1) > div:nth-of-type(1) > div:nth-of-type(1),dom_screenshot_registered
p033-b6-t4,cell,dd_top,True,0,1,310.5485,194.0,451.87059999999997,499.9818,4,vplaurlg1,html:nth-of-type(1) > body:nth-of-type(1) > div:nth-of-type(8) > div:nth-of-type(1) > div:nth-of-type(10) > div:nth-of-type(1) > div:nth-of-type(1) > div:nth-of-type(3) > div:nth-of-type(1) > div:nth-of-type(1) > div:nth-of-type(1) > div:nth-of-type(1) > div:nth-of-type(2) > div:nth-of-type(1) > div:nth-of-type(1) > div:nth-of-type(2),dom_screenshot_registered
p033-b6-t4,cell,dd_top,True,0,2,459.0717,194.0,600.3938,499.9818,4,vplaurlg2,html:nth-of-type(1) > body:nth-of-type(1) > div:nth-of-type(8) > div:nth-of-type(1) > div:nth-of-type(10) > div:nth-of-type(1) > div:nth-of-type(1) > div:nth-of-type(3) > div:nth-of-type(1) > div:nth-of-type(1) > div:nth-of-type(1) > div:nth-of-type(1) > div:nth-of-type(2) > div:nth-of-type(1) > div:nth-of-type(1) > div:nth-of-type(3),dom_screenshot_registered
p033-b6-t4,cell,dd_top,True,0,3,607.5949,194.0,748.917,499.9818,4,vplaurlg3,html:nth-of-type(1) > body:nth-of-type(1) > div:nth-of-type(8) > div:nth-of-type(1) > div:nth-of-type(10) > div:nth-of-type(1) > div:nth-of-type(1) > div:nth-of-type(3) > div:nth-of-type(1) > div:nth-of-type(1) > div:nth-of-type(1) > div:nth-of-type(1) > div:nth-of-type(2) > div:nth-of-type(1) > div:nth-of-type(1) > div:nth-of-type(4),dom_screenshot_registered
p034-b5-t1,parent,dd_top,True,0,,162.0,158.0,748.0,540.0,5,,,typed_parent_unchanged
p034-b5-t1,cell,dd_top,True,0,0,162.0253,194.0,273.6427,531.5352,5,vplaurlg0,html:nth-of-type(1) > body:nth-of-type(1) > div:nth-of-type(8) > div:nth-of-type(1) > div:nth-of-type(10) > div:nth-of-type(1) > div:nth-of-type(1) > div:nth-of-type(3) > div:nth-of-type(1) > div:nth-of-type(1) > div:nth-of-type(1) > div:nth-of-type(1) > div:nth-of-type(2) > div:nth-of-type(1) > g-scrolling-carousel:nth-of-type(1) > div:nth-of-type(1) > div:nth-of-type(1) > div:nth-of-type(1) > div:nth-of-type(1) > div:nth-of-type(1),dom_screenshot_registered
p034-b5-t1,cell,dd_top,True,0,1,280.8439,194.0,392.46130000000005,531.5352,5,vplaurlg1,html:nth-of-type(1) > body:nth-of-type(1) > div:nth-of-type(8) > div:nth-of-type(1) > div:nth-of-type(10) > div:nth-of-type(1) > div:nth-of-type(1) > div:nth-of-type(3) > div:nth-of-type(1) > div:nth-of-type(1) > div:nth-of-type(1) > div:nth-of-type(1) > div:nth-of-type(2) > div:nth-of-type(1) > g-scrolling-carousel:nth-of-type(1) > div:nth-of-type(1) > div:nth-of-type(1) > div:nth-of-type(1) > div:nth-of-type(1) > div:nth-of-type(2),dom_screenshot_registered
p034-b5-t1,cell,dd_top,True,0,2,399.6624,194.0,511.2798,531.5352,5,vplaurlg2,html:nth-of-type(1) > body:nth-of-type(1) > div:nth-of-type(8) > div:nth-of-type(1) > div:nth-of-type(10) > div:nth-of-type(1) > div:nth-of-type(1) > div:nth-of-type(3) > div:nth-of-type(1) > div:nth-of-type(1) > div:nth-of-type(1) > div:nth-of-type(1) > div:nth-of-type(2) > div:nth-of-type(1) > g-scrolling-carousel:nth-of-type(1) > div:nth-of-type(1) > div:nth-of-type(1) > div:nth-of-type(1) > div:nth-of-type(1) > div:nth-of-type(3),dom_screenshot_registered
p034-b5-t1,cell,dd_top,True,0,3,518.481,194.0,630.0984,531.5352,5,vplaurlg3,html:nth-of-type(1) > body:nth-of-type(1) > div:nth-of-type(8) > div:nth-of-type(1) > div:nth-of-type(10) > div:nth-of-type(1) > div:nth-of-type(1) > div:nth-of-type(3) > div:nth-of-type(1) > div:nth-of-type(1) > div:nth-of-type(1) > div:nth-of-type(1) > div:nth-of-type(2) > div:nth-of-type(1) > g-scrolling-carousel:nth-of-type(1) > div:nth-of-type(1) > div:nth-of-type(1) > div:nth-of-type(1) > div:nth-of-type(1) > div:nth-of-type(4),dom_screenshot_registered
p034-b5-t1,cell,dd_top,True,0,4,637.2996,194.0,748.917,531.5352,5,vplaurlg4,html:nth-of-type(1) > body:nth-of-type(1) > div:nth-of-type(8) > div:nth-of-type(1) > div:nth-of-type(10) > div:nth-of-type(1) > div:nth-of-type(1) > div:nth-of-type(3) > div:nth-of-type(1) > div:nth-of-type(1) > div:nth-of-type(1) > div:nth-of-type(1) > div:nth-of-type(2) > div:nth-of-type(1) > g-scrolling-carousel:nth-of-type(1) > div:nth-of-type(1) > div:nth-of-type(1) > div:nth-of-type(1) > div:nth-of-type(1) > div:nth-of-type(5),dom_screenshot_registered
p038-b2-t1,parent,dd_top,True,0,,162.0,158.0,748.0,493.0,5,,,typed_parent_unchanged
p038-b2-t1,cell,dd_top,True,0,0,162.0253,194.0,273.6427,483.7787,5,vplaurlg0,html:nth-of-type(1) > body:nth-of-type(1) > div:nth-of-type(8) > div:nth-of-type(1) > div:nth-of-type(10) > div:nth-of-type(1) > div:nth-of-type(1) > div:nth-of-type(3) > div:nth-of-type(1) > div:nth-of-type(1) > div:nth-of-type(1) > div:nth-of-type(1) > div:nth-of-type(2) > div:nth-of-type(1) > g-scrolling-carousel:nth-of-type(1) > div:nth-of-type(1) > div:nth-of-type(1) > div:nth-of-type(1) > div:nth-of-type(1) > div:nth-of-type(1),dom_screenshot_registered
p038-b2-t1,cell,dd_top,True,0,1,280.8439,194.0,392.46130000000005,483.7787,5,vplaurlg1,html:nth-of-type(1) > body:nth-of-type(1) > div:nth-of-type(8) > div:nth-of-type(1) > div:nth-of-type(10) > div:nth-of-type(1) > div:nth-of-type(1) > div:nth-of-type(3) > div:nth-of-type(1) > div:nth-of-type(1) > div:nth-of-type(1) > div:nth-of-type(1) > div:nth-of-type(2) > div:nth-of-type(1) > g-scrolling-carousel:nth-of-type(1) > div:nth-of-type(1) > div:nth-of-type(1) > div:nth-of-type(1) > div:nth-of-type(1) > div:nth-of-type(2),dom_screenshot_registered
p038-b2-t1,cell,dd_top,True,0,2,399.6624,194.0,511.2798,483.7787,5,vplaurlg2,html:nth-of-type(1) > body:nth-of-type(1) > div:nth-of-type(8) > div:nth-of-type(1) > div:nth-of-type(10) > div:nth-of-type(1) > div:nth-of-type(1) > div:nth-of-type(3) > div:nth-of-type(1) > div:nth-of-type(1) > div:nth-of-type(1) > div:nth-of-type(1) > div:nth-of-type(2) > div:nth-of-type(1) > g-scrolling-carousel:nth-of-type(1) > div:nth-of-type(1) > div:nth-of-type(1) > div:nth-of-type(1) > div:nth-of-type(1) > div:nth-of-type(3),dom_screenshot_registered
p038-b2-t1,cell,dd_top,True,0,3,518.481,194.0,630.0984,483.7787,5,vplaurlg3,html:nth-of-type(1) > body:nth-of-type(1) > div:nth-of-type(8) > div:nth-of-type(1) > div:nth-of-type(10) > div:nth-of-type(1) > div:nth-of-type(1) > div:nth-of-type(3) > div:nth-of-type(1) > div:nth-of-type(1) > div:nth-of-type(1) > div:nth-of-type(1) > div:nth-of-type(2) > div:nth-of-type(1) > g-scrolling-carousel:nth-of-type(1) > div:nth-of-type(1) > div:nth-of-type(1) > div:nth-of-type(1) > div:nth-of-type(1) > div:nth-of-type(4),dom_screenshot_registered
p038-b2-t1,cell,dd_top,True,0,4,637.2996,194.0,748.917,483.7787,5,vplaurlg4,html:nth-of-type(1) > body:nth-of-type(1) > div:nth-of-type(8) > div:nth-of-type(1) > div:nth-of-type(10) > div:nth-of-type(1) > div:nth-of-type(1) > div:nth-of-type(3) > div:nth-of-type(1) > div:nth-of-type(1) > div:nth-of-type(1) > div:nth-of-type(1) > div:nth-of-type(2) > div:nth-of-type(1) > g-scrolling-carousel:nth-of-type(1) > div:nth-of-type(1) > div:nth-of-type(1) > div:nth-of-type(1) > div:nth-of-type(1) > div:nth-of-type(5),dom_screenshot_registered
p038-b4-t3,parent,dd_top,True,0,,162.0,158.0,749.0,492.0,3,,,typed_parent_unchanged
p038-b4-t3,cell,dd_top,True,0,0,162.0253,194.0,352.8551,483.823,3,vplaurlg0,html:nth-of-type(1) > body:nth-of-type(1) > div:nth-of-type(8) > div:nth-of-type(1) > div:nth-of-type(10) > div:nth-of-type(1) > div:nth-of-type(1) > div:nth-of-type(3) > div:nth-of-type(1) > div:nth-of-type(1) > div:nth-of-type(1) > div:nth-of-type(1) > div:nth-of-type(2) > div:nth-of-type(1) > div:nth-of-type(1) > div:nth-of-type(1),dom_screenshot_registered
p038-b4-t3,cell,dd_top,True,0,1,360.0563,194.0,550.8861,483.823,3,vplaurlg1,html:nth-of-type(1) > body:nth-of-type(1) > div:nth-of-type(8) > div:nth-of-type(1) > div:nth-of-type(10) > div:nth-of-type(1) > div:nth-of-type(1) > div:nth-of-type(3) > div:nth-of-type(1) > div:nth-of-type(1) > div:nth-of-type(1) > div:nth-of-type(1) > div:nth-of-type(2) > div:nth-of-type(1) > div:nth-of-type(1) > div:nth-of-type(2),dom_screenshot_registered
p038-b4-t3,cell,dd_top,True,0,2,558.0872,194.0,748.917,483.823,3,vplaurlg2,html:nth-of-type(1) > body:nth-of-type(1) > div:nth-of-type(8) > div:nth-of-type(1) > div:nth-of-type(10) > div:nth-of-type(1) > div:nth-of-type(1) > div:nth-of-type(3) > div:nth-of-type(1) > div:nth-of-type(1) > div:nth-of-type(1) > div:nth-of-type(1) > div:nth-of-type(2) > div:nth-of-type(1) > div:nth-of-type(1) > div:nth-of-type(3),dom_screenshot_registered
p040-b2-t1,parent,dd_top,True,0,,162.0,158.0,749.0,509.0,4,,,typed_parent_unchanged
p040-b2-t1,cell,dd_top,True,0,0,162.0253,194.0,303.3474,500.0548,4,vplaurlg0,html:nth-of-type(1) > body:nth-of-type(1) > div:nth-of-type(8) > div:nth-of-type(1) > div:nth-of-type(10) > div:nth-of-type(1) > div:nth-of-type(1) > div:nth-of-type(3) > div:nth-of-type(1) > div:nth-of-type(1) > div:nth-of-type(1) > div:nth-of-type(1) > div:nth-of-type(2) > div:nth-of-type(1) > div:nth-of-type(1) > div:nth-of-type(1),dom_screenshot_registered
p040-b2-t1,cell,dd_top,True,0,1,310.5485,194.0,451.87059999999997,500.0548,4,vplaurlg1,html:nth-of-type(1) > body:nth-of-type(1) > div:nth-of-type(8) > div:nth-of-type(1) > div:nth-of-type(10) > div:nth-of-type(1) > div:nth-of-type(1) > div:nth-of-type(3) > div:nth-of-type(1) > div:nth-of-type(1) > div:nth-of-type(1) > div:nth-of-type(1) > div:nth-of-type(2) > div:nth-of-type(1) > div:nth-of-type(1) > div:nth-of-type(2),dom_screenshot_registered
p040-b2-t1,cell,dd_top,True,0,2,459.0717,194.0,600.3938,500.0548,4,vplaurlg2,html:nth-of-type(1) > body:nth-of-type(1) > div:nth-of-type(8) > div:nth-of-type(1) > div:nth-of-type(10) > div:nth-of-type(1) > div:nth-of-type(1) > div:nth-of-type(3) > div:nth-of-type(1) > div:nth-of-type(1) > div:nth-of-type(1) > div:nth-of-type(1) > div:nth-of-type(2) > div:nth-of-type(1) > div:nth-of-type(1) > div:nth-of-type(3),dom_screenshot_registered
p040-b2-t1,cell,dd_top,True,0,3,607.5949,194.0,748.917,500.0548,4,vplaurlg3,html:nth-of-type(1) > body:nth-of-type(1) > div:nth-of-type(8) > div:nth-of-type(1) > div:nth-of-type(10) > div:nth-of-type(1) > div:nth-of-type(1) > div:nth-of-type(3) > div:nth-of-type(1) > div:nth-of-type(1) > div:nth-of-type(1) > div:nth-of-type(1) > div:nth-of-type(2) > div:nth-of-type(1) > div:nth-of-type(1) > div:nth-of-type(4),dom_screenshot_registered
p040-b4-t3,parent,dd_top,True,0,,162.0,158.0,749.0,540.0,3,,,typed_parent_unchanged
p040-b4-t3,cell,dd_top,True,0,0,162.0253,194.0,352.8551,531.4651,3,vplaurlg0,html:nth-of-type(1) > body:nth-of-type(1) > div:nth-of-type(8) > div:nth-of-type(1) > div:nth-of-type(10) > div:nth-of-type(1) > div:nth-of-type(1) > div:nth-of-type(3) > div:nth-of-type(1) > div:nth-of-type(1) > div:nth-of-type(1) > div:nth-of-type(1) > div:nth-of-type(2) > div:nth-of-type(1) > div:nth-of-type(1) > div:nth-of-type(1),dom_screenshot_registered
p040-b4-t3,cell,dd_top,True,0,1,360.0563,194.0,550.8861,531.4651,3,vplaurlg1,html:nth-of-type(1) > body:nth-of-type(1) > div:nth-of-type(8) > div:nth-of-type(1) > div:nth-of-type(10) > div:nth-of-type(1) > div:nth-of-type(1) > div:nth-of-type(3) > div:nth-of-type(1) > div:nth-of-type(1) > div:nth-of-type(1) > div:nth-of-type(1) > div:nth-of-type(2) > div:nth-of-type(1) > div:nth-of-type(1) > div:nth-of-type(2),dom_screenshot_registered
p040-b4-t3,cell,dd_top,True,0,2,558.0872,194.0,748.917,531.4651,3,vplaurlg2,html:nth-of-type(1) > body:nth-of-type(1) > div:nth-of-type(8) > div:nth-of-type(1) > div:nth-of-type(10) > div:nth-of-type(1) > div:nth-of-type(1) > div:nth-of-type(3) > div:nth-of-type(1) > div:nth-of-type(1) > div:nth-of-type(1) > div:nth-of-type(1) > div:nth-of-type(2) > div:nth-of-type(1) > div:nth-of-type(1) > div:nth-of-type(3),dom_screenshot_registered
p041-b3-t10,parent,dd_top,True,0,,162.0,158.0,749.0,407.0,3,,,typed_parent_unchanged
p041-b3-t10,cell,dd_top,True,0,0,162.0253,194.0,352.8551,398.26800000000003,3,vplaurlg0,html:nth-of-type(1) > body:nth-of-type(1) > div:nth-of-type(8) > div:nth-of-type(1) > div:nth-of-type(10) > div:nth-of-type(1) > div:nth-of-type(1) > div:nth-of-type(3) > div:nth-of-type(1) > div:nth-of-type(1) > div:nth-of-type(1) > div:nth-of-type(1) > div:nth-of-type(2) > div:nth-of-type(1) > div:nth-of-type(1) > div:nth-of-type(1),dom_screenshot_registered
p041-b3-t10,cell,dd_top,True,0,1,360.0563,194.0,550.8861,398.26800000000003,3,vplaurlg1,html:nth-of-type(1) > body:nth-of-type(1) > div:nth-of-type(8) > div:nth-of-type(1) > div:nth-of-type(10) > div:nth-of-type(1) > div:nth-of-type(1) > div:nth-of-type(3) > div:nth-of-type(1) > div:nth-of-type(1) > div:nth-of-type(1) > div:nth-of-type(1) > div:nth-of-type(2) > div:nth-of-type(1) > div:nth-of-type(1) > div:nth-of-type(2),dom_screenshot_registered
p041-b3-t10,cell,dd_top,True,0,2,558.0872,194.0,748.917,398.26800000000003,3,vplaurlg2,html:nth-of-type(1) > body:nth-of-type(1) > div:nth-of-type(8) > div:nth-of-type(1) > div:nth-of-type(10) > div:nth-of-type(1) > div:nth-of-type(1) > div:nth-of-type(3) > div:nth-of-type(1) > div:nth-of-type(1) > div:nth-of-type(1) > div:nth-of-type(1) > div:nth-of-type(2) > div:nth-of-type(1) > div:nth-of-type(1) > div:nth-of-type(3),dom_screenshot_registered
p042-b1-t7,parent,dd_top,True,0,,162.0,158.0,749.0,509.0,4,,,typed_parent_unchanged
p042-b1-t7,cell,dd_top,True,0,0,162.0253,194.0,303.3474,499.9664,4,vplaurlg0,html:nth-of-type(1) > body:nth-of-type(1) > div:nth-of-type(8) > div:nth-of-type(1) > div:nth-of-type(10) > div:nth-of-type(1) > div:nth-of-type(1) > div:nth-of-type(3) > div:nth-of-type(1) > div:nth-of-type(1) > div:nth-of-type(1) > div:nth-of-type(1) > div:nth-of-type(2) > div:nth-of-type(1) > div:nth-of-type(1) > div:nth-of-type(1),dom_screenshot_registered
p042-b1-t7,cell,dd_top,True,0,1,310.5485,194.0,451.87059999999997,499.9664,4,vplaurlg1,html:nth-of-type(1) > body:nth-of-type(1) > div:nth-of-type(8) > div:nth-of-type(1) > div:nth-of-type(10) > div:nth-of-type(1) > div:nth-of-type(1) > div:nth-of-type(3) > div:nth-of-type(1) > div:nth-of-type(1) > div:nth-of-type(1) > div:nth-of-type(1) > div:nth-of-type(2) > div:nth-of-type(1) > div:nth-of-type(1) > div:nth-of-type(2),dom_screenshot_registered
p042-b1-t7,cell,dd_top,True,0,2,459.0717,194.0,600.3938,499.9664,4,vplaurlg2,html:nth-of-type(1) > body:nth-of-type(1) > div:nth-of-type(8) > div:nth-of-type(1) > div:nth-of-type(10) > div:nth-of-type(1) > div:nth-of-type(1) > div:nth-of-type(3) > div:nth-of-type(1) > div:nth-of-type(1) > div:nth-of-type(1) > div:nth-of-type(1) > div:nth-of-type(2) > div:nth-of-type(1) > div:nth-of-type(1) > div:nth-of-type(3),dom_screenshot_registered
p042-b1-t7,cell,dd_top,True,0,3,607.5949,194.0,748.917,499.9664,4,vplaurlg3,html:nth-of-type(1) > body:nth-of-type(1) > div:nth-of-type(8) > div:nth-of-type(1) > div:nth-of-type(10) > div:nth-of-type(1) > div:nth-of-type(1) > div:nth-of-type(3) > div:nth-of-type(1) > div:nth-of-type(1) > div:nth-of-type(1) > div:nth-of-type(1) > div:nth-of-type(2) > div:nth-of-type(1) > div:nth-of-type(1) > div:nth-of-type(4),dom_screenshot_registered
p044-b1-t5,parent,dd_top,True,0,,162.0,158.0,748.0,408.0,5,,,typed_parent_unchanged
p044-b1-t5,cell,dd_top,True,0,0,162.0253,194.0,273.6427,398.3289,5,vplaurlg0,html:nth-of-type(1) > body:nth-of-type(1) > div:nth-of-type(8) > div:nth-of-type(1) > div:nth-of-type(10) > div:nth-of-type(1) > div:nth-of-type(1) > div:nth-of-type(3) > div:nth-of-type(1) > div:nth-of-type(1) > div:nth-of-type(1) > div:nth-of-type(1) > div:nth-of-type(2) > div:nth-of-type(1) > g-scrolling-carousel:nth-of-type(1) > div:nth-of-type(1) > div:nth-of-type(1) > div:nth-of-type(1) > div:nth-of-type(1) > div:nth-of-type(1),dom_screenshot_registered
p044-b1-t5,cell,dd_top,True,0,1,280.8439,194.0,392.46130000000005,398.3289,5,vplaurlg1,html:nth-of-type(1) > body:nth-of-type(1) > div:nth-of-type(8) > div:nth-of-type(1) > div:nth-of-type(10) > div:nth-of-type(1) > div:nth-of-type(1) > div:nth-of-type(3) > div:nth-of-type(1) > div:nth-of-type(1) > div:nth-of-type(1) > div:nth-of-type(1) > div:nth-of-type(2) > div:nth-of-type(1) > g-scrolling-carousel:nth-of-type(1) > div:nth-of-type(1) > div:nth-of-type(1) > div:nth-of-type(1) > div:nth-of-type(1) > div:nth-of-type(2),dom_screenshot_registered
p044-b1-t5,cell,dd_top,True,0,2,399.6624,194.0,511.2798,398.3289,5,vplaurlg2,html:nth-of-type(1) > body:nth-of-type(1) > div:nth-of-type(8) > div:nth-of-type(1) > div:nth-of-type(10) > div:nth-of-type(1) > div:nth-of-type(1) > div:nth-of-type(3) > div:nth-of-type(1) > div:nth-of-type(1) > div:nth-of-type(1) > div:nth-of-type(1) > div:nth-of-type(2) > div:nth-of-type(1) > g-scrolling-carousel:nth-of-type(1) > div:nth-of-type(1) > div:nth-of-type(1) > div:nth-of-type(1) > div:nth-of-type(1) > div:nth-of-type(3),dom_screenshot_registered
p044-b1-t5,cell,dd_top,True,0,3,518.481,194.0,630.0984,398.3289,5,vplaurlg3,html:nth-of-type(1) > body:nth-of-type(1) > div:nth-of-type(8) > div:nth-of-type(1) > div:nth-of-type(10) > div:nth-of-type(1) > div:nth-of-type(1) > div:nth-of-type(3) > div:nth-of-type(1) > div:nth-of-type(1) > div:nth-of-type(1) > div:nth-of-type(1) > div:nth-of-type(2) > div:nth-of-type(1) > g-scrolling-carousel:nth-of-type(1) > div:nth-of-type(1) > div:nth-of-type(1) > div:nth-of-type(1) > div:nth-of-type(1) > div:nth-of-type(4),dom_screenshot_registered
p044-b1-t5,cell,dd_top,True,0,4,637.2996,194.0,748.917,398.3289,5,vplaurlg4,html:nth-of-type(1) > body:nth-of-type(1) > div:nth-of-type(8) > div:nth-of-type(1) > div:nth-of-type(10) > div:nth-of-type(1) > div:nth-of-type(1) > div:nth-of-type(3) > div:nth-of-type(1) > div:nth-of-type(1) > div:nth-of-type(1) > div:nth-of-type(1) > div:nth-of-type(2) > div:nth-of-type(1) > g-scrolling-carousel:nth-of-type(1) > div:nth-of-type(1) > div:nth-of-type(1) > div:nth-of-type(1) > div:nth-of-type(1) > div:nth-of-type(5),dom_screenshot_registered
p044-b3-t8,parent,dd_top,True,0,,162.0,158.0,748.0,509.0,5,,,typed_parent_unchanged
p044-b3-t8,cell,dd_top,True,0,0,162.0253,194.0,273.6427,500.0441,5,vplaurlg0,html:nth-of-type(1) > body:nth-of-type(1) > div:nth-of-type(8) > div:nth-of-type(1) > div:nth-of-type(10) > div:nth-of-type(1) > div:nth-of-type(1) > div:nth-of-type(3) > div:nth-of-type(1) > div:nth-of-type(1) > div:nth-of-type(1) > div:nth-of-type(1) > div:nth-of-type(2) > div:nth-of-type(1) > g-scrolling-carousel:nth-of-type(1) > div:nth-of-type(1) > div:nth-of-type(1) > div:nth-of-type(1) > div:nth-of-type(1) > div:nth-of-type(1),dom_screenshot_registered
p044-b3-t8,cell,dd_top,True,0,1,280.8439,194.0,392.46130000000005,500.0441,5,vplaurlg1,html:nth-of-type(1) > body:nth-of-type(1) > div:nth-of-type(8) > div:nth-of-type(1) > div:nth-of-type(10) > div:nth-of-type(1) > div:nth-of-type(1) > div:nth-of-type(3) > div:nth-of-type(1) > div:nth-of-type(1) > div:nth-of-type(1) > div:nth-of-type(1) > div:nth-of-type(2) > div:nth-of-type(1) > g-scrolling-carousel:nth-of-type(1) > div:nth-of-type(1) > div:nth-of-type(1) > div:nth-of-type(1) > div:nth-of-type(1) > div:nth-of-type(2),dom_screenshot_registered
p044-b3-t8,cell,dd_top,True,0,2,399.6624,194.0,511.2798,500.0441,5,vplaurlg2,html:nth-of-type(1) > body:nth-of-type(1) > div:nth-of-type(8) > div:nth-of-type(1) > div:nth-of-type(10) > div:nth-of-type(1) > div:nth-of-type(1) > div:nth-of-type(3) > div:nth-of-type(1) > div:nth-of-type(1) > div:nth-of-type(1) > div:nth-of-type(1) > div:nth-of-type(2) > div:nth-of-type(1) > g-scrolling-carousel:nth-of-type(1) > div:nth-of-type(1) > div:nth-of-type(1) > div:nth-of-type(1) > div:nth-of-type(1) > div:nth-of-type(3),dom_screenshot_registered
p044-b3-t8,cell,dd_top,True,0,3,518.481,194.0,630.0984,500.0441,5,vplaurlg3,html:nth-of-type(1) > body:nth-of-type(1) > div:nth-of-type(8) > div:nth-of-type(1) > div:nth-of-type(10) > div:nth-of-type(1) > div:nth-of-type(1) > div:nth-of-type(3) > div:nth-of-type(1) > div:nth-of-type(1) > div:nth-of-type(1) > div:nth-of-type(1) > div:nth-of-type(2) > div:nth-of-type(1) > g-scrolling-carousel:nth-of-type(1) > div:nth-of-type(1) > div:nth-of-type(1) > div:nth-of-type(1) > div:nth-of-type(1) > div:nth-of-type(4),dom_screenshot_registered
p044-b3-t8,cell,dd_top,True,0,4,637.2996,194.0,748.917,500.0441,5,vplaurlg4,html:nth-of-type(1) > body:nth-of-type(1) > div:nth-of-type(8) > div:nth-of-type(1) > div:nth-of-type(10) > div:nth-of-type(1) > div:nth-of-type(1) > div:nth-of-type(3) > div:nth-of-type(1) > div:nth-of-type(1) > div:nth-of-type(1) > div:nth-of-type(1) > div:nth-of-type(2) > div:nth-of-type(1) > g-scrolling-carousel:nth-of-type(1) > div:nth-of-type(1) > div:nth-of-type(1) > div:nth-of-type(1) > div:nth-of-type(1) > div:nth-of-type(5),dom_screenshot_registered
p045-b2-t6,parent,dd_top,True,0,,162.0,158.0,748.0,493.0,5,,,typed_parent_unchanged
p045-b2-t6,cell,dd_top,True,0,0,162.0253,194.0,273.6427,483.7899,5,vplaurlg0,html:nth-of-type(1) > body:nth-of-type(1) > div:nth-of-type(8) > div:nth-of-type(1) > div:nth-of-type(10) > div:nth-of-type(1) > div:nth-of-type(1) > div:nth-of-type(3) > div:nth-of-type(1) > div:nth-of-type(1) > div:nth-of-type(1) > div:nth-of-type(1) > div:nth-of-type(2) > div:nth-of-type(1) > g-scrolling-carousel:nth-of-type(1) > div:nth-of-type(1) > div:nth-of-type(1) > div:nth-of-type(1) > div:nth-of-type(1) > div:nth-of-type(1),dom_screenshot_registered
p045-b2-t6,cell,dd_top,True,0,1,280.8439,194.0,392.46130000000005,483.7899,5,vplaurlg1,html:nth-of-type(1) > body:nth-of-type(1) > div:nth-of-type(8) > div:nth-of-type(1) > div:nth-of-type(10) > div:nth-of-type(1) > div:nth-of-type(1) > div:nth-of-type(3) > div:nth-of-type(1) > div:nth-of-type(1) > div:nth-of-type(1) > div:nth-of-type(1) > div:nth-of-type(2) > div:nth-of-type(1) > g-scrolling-carousel:nth-of-type(1) > div:nth-of-type(1) > div:nth-of-type(1) > div:nth-of-type(1) > div:nth-of-type(1) > div:nth-of-type(2),dom_screenshot_registered
p045-b2-t6,cell,dd_top,True,0,2,399.6624,194.0,511.2798,483.7899,5,vplaurlg2,html:nth-of-type(1) > body:nth-of-type(1) > div:nth-of-type(8) > div:nth-of-type(1) > div:nth-of-type(10) > div:nth-of-type(1) > div:nth-of-type(1) > div:nth-of-type(3) > div:nth-of-type(1) > div:nth-of-type(1) > div:nth-of-type(1) > div:nth-of-type(1) > div:nth-of-type(2) > div:nth-of-type(1) > g-scrolling-carousel:nth-of-type(1) > div:nth-of-type(1) > div:nth-of-type(1) > div:nth-of-type(1) > div:nth-of-type(1) > div:nth-of-type(3),dom_screenshot_registered
p045-b2-t6,cell,dd_top,True,0,3,518.481,194.0,630.0984,483.7899,5,vplaurlg3,html:nth-of-type(1) > body:nth-of-type(1) > div:nth-of-type(8) > div:nth-of-type(1) > div:nth-of-type(10) > div:nth-of-type(1) > div:nth-of-type(1) > div:nth-of-type(3) > div:nth-of-type(1) > div:nth-of-type(1) > div:nth-of-type(1) > div:nth-of-type(1) > div:nth-of-type(2) > div:nth-of-type(1) > g-scrolling-carousel:nth-of-type(1) > div:nth-of-type(1) > div:nth-of-type(1) > div:nth-of-type(1) > div:nth-of-type(1) > div:nth-of-type(4),dom_screenshot_registered
p045-b2-t6,cell,dd_top,True,0,4,637.2996,194.0,748.917,483.7899,5,vplaurlg4,html:nth-of-type(1) > body:nth-of-type(1) > div:nth-of-type(8) > div:nth-of-type(1) > div:nth-of-type(10) > div:nth-of-type(1) > div:nth-of-type(1) > div:nth-of-type(3) > div:nth-of-type(1) > div:nth-of-type(1) > div:nth-of-type(1) > div:nth-of-type(1) > div:nth-of-type(2) > div:nth-of-type(1) > g-scrolling-carousel:nth-of-type(1) > div:nth-of-type(1) > div:nth-of-type(1) > div:nth-of-type(1) > div:nth-of-type(1) > div:nth-of-type(5),dom_screenshot_registered
p046-b3-t8,parent,dd_top,True,0,,162.0,158.0,748.0,417.0,5,,,typed_parent_unchanged
p046-b3-t8,cell,dd_top,True,0,0,162.0253,194.0,273.6427,407.33000000000004,5,vplaurlg0,html:nth-of-type(1) > body:nth-of-type(1) > div:nth-of-type(8) > div:nth-of-type(1) > div:nth-of-type(10) > div:nth-of-type(1) > div:nth-of-type(1) > div:nth-of-type(3) > div:nth-of-type(1) > div:nth-of-type(1) > div:nth-of-type(1) > div:nth-of-type(1) > div:nth-of-type(2) > div:nth-of-type(1) > g-scrolling-carousel:nth-of-type(1) > div:nth-of-type(1) > div:nth-of-type(1) > div:nth-of-type(1) > div:nth-of-type(1) > div:nth-of-type(1),dom_screenshot_registered
p046-b3-t8,cell,dd_top,True,0,1,280.8439,194.0,392.46130000000005,407.33000000000004,5,vplaurlg1,html:nth-of-type(1) > body:nth-of-type(1) > div:nth-of-type(8) > div:nth-of-type(1) > div:nth-of-type(10) > div:nth-of-type(1) > div:nth-of-type(1) > div:nth-of-type(3) > div:nth-of-type(1) > div:nth-of-type(1) > div:nth-of-type(1) > div:nth-of-type(1) > div:nth-of-type(2) > div:nth-of-type(1) > g-scrolling-carousel:nth-of-type(1) > div:nth-of-type(1) > div:nth-of-type(1) > div:nth-of-type(1) > div:nth-of-type(1) > div:nth-of-type(2),dom_screenshot_registered
p046-b3-t8,cell,dd_top,True,0,2,399.6624,194.0,511.2798,407.33000000000004,5,vplaurlg2,html:nth-of-type(1) > body:nth-of-type(1) > div:nth-of-type(8) > div:nth-of-type(1) > div:nth-of-type(10) > div:nth-of-type(1) > div:nth-of-type(1) > div:nth-of-type(3) > div:nth-of-type(1) > div:nth-of-type(1) > div:nth-of-type(1) > div:nth-of-type(1) > div:nth-of-type(2) > div:nth-of-type(1) > g-scrolling-carousel:nth-of-type(1) > div:nth-of-type(1) > div:nth-of-type(1) > div:nth-of-type(1) > div:nth-of-type(1) > div:nth-of-type(3),dom_screenshot_registered
p046-b3-t8,cell,dd_top,True,0,3,518.481,194.0,630.0984,407.33000000000004,5,vplaurlg3,html:nth-of-type(1) > body:nth-of-type(1) > div:nth-of-type(8) > div:nth-of-type(1) > div:nth-of-type(10) > div:nth-of-type(1) > div:nth-of-type(1) > div:nth-of-type(3) > div:nth-of-type(1) > div:nth-of-type(1) > div:nth-of-type(1) > div:nth-of-type(1) > div:nth-of-type(2) > div:nth-of-type(1) > g-scrolling-carousel:nth-of-type(1) > div:nth-of-type(1) > div:nth-of-type(1) > div:nth-of-type(1) > div:nth-of-type(1) > div:nth-of-type(4),dom_screenshot_registered
p046-b3-t8,cell,dd_top,True,0,4,637.2996,194.0,748.917,407.33000000000004,5,vplaurlg4,html:nth-of-type(1) > body:nth-of-type(1) > div:nth-of-type(8) > div:nth-of-type(1) > div:nth-of-type(10) > div:nth-of-type(1) > div:nth-of-type(1) > div:nth-of-type(3) > div:nth-of-type(1) > div:nth-of-type(1) > div:nth-of-type(1) > div:nth-of-type(1) > div:nth-of-type(2) > div:nth-of-type(1) > g-scrolling-carousel:nth-of-type(1) > div:nth-of-type(1) > div:nth-of-type(1) > div:nth-of-type(1) > div:nth-of-type(1) > div:nth-of-type(5),dom_screenshot_registered
p046-b6-t2,parent,dd_top,True,0,,162.0,158.0,748.0,493.0,5,,,typed_parent_unchanged
p046-b6-t2,cell,dd_top,True,0,0,162.0253,194.0,273.6427,483.7887,5,vplaurlg0,html:nth-of-type(1) > body:nth-of-type(1) > div:nth-of-type(8) > div:nth-of-type(1) > div:nth-of-type(10) > div:nth-of-type(1) > div:nth-of-type(1) > div:nth-of-type(3) > div:nth-of-type(1) > div:nth-of-type(1) > div:nth-of-type(1) > div:nth-of-type(1) > div:nth-of-type(2) > div:nth-of-type(1) > g-scrolling-carousel:nth-of-type(1) > div:nth-of-type(1) > div:nth-of-type(1) > div:nth-of-type(1) > div:nth-of-type(1) > div:nth-of-type(1),dom_screenshot_registered
p046-b6-t2,cell,dd_top,True,0,1,280.8439,194.0,392.46130000000005,483.7887,5,vplaurlg1,html:nth-of-type(1) > body:nth-of-type(1) > div:nth-of-type(8) > div:nth-of-type(1) > div:nth-of-type(10) > div:nth-of-type(1) > div:nth-of-type(1) > div:nth-of-type(3) > div:nth-of-type(1) > div:nth-of-type(1) > div:nth-of-type(1) > div:nth-of-type(1) > div:nth-of-type(2) > div:nth-of-type(1) > g-scrolling-carousel:nth-of-type(1) > div:nth-of-type(1) > div:nth-of-type(1) > div:nth-of-type(1) > div:nth-of-type(1) > div:nth-of-type(2),dom_screenshot_registered
p046-b6-t2,cell,dd_top,True,0,2,399.6624,194.0,511.2798,483.7887,5,vplaurlg2,html:nth-of-type(1) > body:nth-of-type(1) > div:nth-of-type(8) > div:nth-of-type(1) > div:nth-of-type(10) > div:nth-of-type(1) > div:nth-of-type(1) > div:nth-of-type(3) > div:nth-of-type(1) > div:nth-of-type(1) > div:nth-of-type(1) > div:nth-of-type(1) > div:nth-of-type(2) > div:nth-of-type(1) > g-scrolling-carousel:nth-of-type(1) > div:nth-of-type(1) > div:nth-of-type(1) > div:nth-of-type(1) > div:nth-of-type(1) > div:nth-of-type(3),dom_screenshot_registered
p046-b6-t2,cell,dd_top,True,0,3,518.481,194.0,630.0984,483.7887,5,vplaurlg3,html:nth-of-type(1) > body:nth-of-type(1) > div:nth-of-type(8) > div:nth-of-type(1) > div:nth-of-type(10) > div:nth-of-type(1) > div:nth-of-type(1) > div:nth-of-type(3) > div:nth-of-type(1) > div:nth-of-type(1) > div:nth-of-type(1) > div:nth-of-type(1) > div:nth-of-type(2) > div:nth-of-type(1) > g-scrolling-carousel:nth-of-type(1) > div:nth-of-type(1) > div:nth-of-type(1) > div:nth-of-type(1) > div:nth-of-type(1) > div:nth-of-type(4),dom_screenshot_registered
p046-b6-t2,cell,dd_top,True,0,4,637.2996,194.0,748.917,483.7887,5,vplaurlg4,html:nth-of-type(1) > body:nth-of-type(1) > div:nth-of-type(8) > div:nth-of-type(1) > div:nth-of-type(10) > div:nth-of-type(1) > div:nth-of-type(1) > div:nth-of-type(3) > div:nth-of-type(1) > div:nth-of-type(1) > div:nth-of-type(1) > div:nth-of-type(1) > div:nth-of-type(2) > div:nth-of-type(1) > g-scrolling-carousel:nth-of-type(1) > div:nth-of-type(1) > div:nth-of-type(1) > div:nth-of-type(1) > div:nth-of-type(1) > div:nth-of-type(5),dom_screenshot_registered
p048-b3-t6,parent,dd_top,True,0,,162.0,158.0,748.0,454.0,5,,,typed_parent_unchanged
p048-b3-t6,cell,dd_top,True,0,0,162.0253,194.0,273.6427,445.1354,5,vplaurlg0,html:nth-of-type(1) > body:nth-of-type(1) > div:nth-of-type(8) > div:nth-of-type(1) > div:nth-of-type(10) > div:nth-of-type(1) > div:nth-of-type(1) > div:nth-of-type(3) > div:nth-of-type(1) > div:nth-of-type(1) > div:nth-of-type(1) > div:nth-of-type(1) > div:nth-of-type(2) > div:nth-of-type(1) > g-scrolling-carousel:nth-of-type(1) > div:nth-of-type(1) > div:nth-of-type(1) > div:nth-of-type(1) > div:nth-of-type(1) > div:nth-of-type(1),dom_screenshot_registered
p048-b3-t6,cell,dd_top,True,0,1,280.8439,194.0,392.46130000000005,445.1354,5,vplaurlg1,html:nth-of-type(1) > body:nth-of-type(1) > div:nth-of-type(8) > div:nth-of-type(1) > div:nth-of-type(10) > div:nth-of-type(1) > div:nth-of-type(1) > div:nth-of-type(3) > div:nth-of-type(1) > div:nth-of-type(1) > div:nth-of-type(1) > div:nth-of-type(1) > div:nth-of-type(2) > div:nth-of-type(1) > g-scrolling-carousel:nth-of-type(1) > div:nth-of-type(1) > div:nth-of-type(1) > div:nth-of-type(1) > div:nth-of-type(1) > div:nth-of-type(2),dom_screenshot_registered
p048-b3-t6,cell,dd_top,True,0,2,399.6624,194.0,511.2798,445.1354,5,vplaurlg2,html:nth-of-type(1) > body:nth-of-type(1) > div:nth-of-type(8) > div:nth-of-type(1) > div:nth-of-type(10) > div:nth-of-type(1) > div:nth-of-type(1) > div:nth-of-type(3) > div:nth-of-type(1) > div:nth-of-type(1) > div:nth-of-type(1) > div:nth-of-type(1) > div:nth-of-type(2) > div:nth-of-type(1) > g-scrolling-carousel:nth-of-type(1) > div:nth-of-type(1) > div:nth-of-type(1) > div:nth-of-type(1) > div:nth-of-type(1) > div:nth-of-type(3),dom_screenshot_registered
p048-b3-t6,cell,dd_top,True,0,3,518.481,194.0,630.0984,445.1354,5,vplaurlg3,html:nth-of-type(1) > body:nth-of-type(1) > div:nth-of-type(8) > div:nth-of-type(1) > div:nth-of-type(10) > div:nth-of-type(1) > div:nth-of-type(1) > div:nth-of-type(3) > div:nth-of-type(1) > div:nth-of-type(1) > div:nth-of-type(1) > div:nth-of-type(1) > div:nth-of-type(2) > div:nth-of-type(1) > g-scrolling-carousel:nth-of-type(1) > div:nth-of-type(1) > div:nth-of-type(1) > div:nth-of-type(1) > div:nth-of-type(1) > div:nth-of-type(4),dom_screenshot_registered
p048-b3-t6,cell,dd_top,True,0,4,637.2996,194.0,748.917,445.1354,5,vplaurlg4,html:nth-of-type(1) > body:nth-of-type(1) > div:nth-of-type(8) > div:nth-of-type(1) > div:nth-of-type(10) > div:nth-of-type(1) > div:nth-of-type(1) > div:nth-of-type(3) > div:nth-of-type(1) > div:nth-of-type(1) > div:nth-of-type(1) > div:nth-of-type(1) > div:nth-of-type(2) > div:nth-of-type(1) > g-scrolling-carousel:nth-of-type(1) > div:nth-of-type(1) > div:nth-of-type(1) > div:nth-of-type(1) > div:nth-of-type(1) > div:nth-of-type(5),dom_screenshot_registered
p048-b5-t9,parent,dd_top,True,0,,162.0,158.0,748.0,493.0,5,,,typed_parent_unchanged
p048-b5-t9,cell,dd_top,True,0,0,162.0253,194.0,273.6427,483.8078,5,vplaurlg0,html:nth-of-type(1) > body:nth-of-type(1) > div:nth-of-type(8) > div:nth-of-type(1) > div:nth-of-type(10) > div:nth-of-type(1) > div:nth-of-type(1) > div:nth-of-type(3) > div:nth-of-type(1) > div:nth-of-type(1) > div:nth-of-type(1) > div:nth-of-type(1) > div:nth-of-type(2) > div:nth-of-type(1) > g-scrolling-carousel:nth-of-type(1) > div:nth-of-type(1) > div:nth-of-type(1) > div:nth-of-type(1) > div:nth-of-type(1) > div:nth-of-type(1),dom_screenshot_registered
p048-b5-t9,cell,dd_top,True,0,1,280.8439,194.0,392.46130000000005,483.8078,5,vplaurlg1,html:nth-of-type(1) > body:nth-of-type(1) > div:nth-of-type(8) > div:nth-of-type(1) > div:nth-of-type(10) > div:nth-of-type(1) > div:nth-of-type(1) > div:nth-of-type(3) > div:nth-of-type(1) > div:nth-of-type(1) > div:nth-of-type(1) > div:nth-of-type(1) > div:nth-of-type(2) > div:nth-of-type(1) > g-scrolling-carousel:nth-of-type(1) > div:nth-of-type(1) > div:nth-of-type(1) > div:nth-of-type(1) > div:nth-of-type(1) > div:nth-of-type(2),dom_screenshot_registered
p048-b5-t9,cell,dd_top,True,0,2,399.6624,194.0,511.2798,483.8078,5,vplaurlg2,html:nth-of-type(1) > body:nth-of-type(1) > div:nth-of-type(8) > div:nth-of-type(1) > div:nth-of-type(10) > div:nth-of-type(1) > div:nth-of-type(1) > div:nth-of-type(3) > div:nth-of-type(1) > div:nth-of-type(1) > div:nth-of-type(1) > div:nth-of-type(1) > div:nth-of-type(2) > div:nth-of-type(1) > g-scrolling-carousel:nth-of-type(1) > div:nth-of-type(1) > div:nth-of-type(1) > div:nth-of-type(1) > div:nth-of-type(1) > div:nth-of-type(3),dom_screenshot_registered
p048-b5-t9,cell,dd_top,True,0,3,518.481,194.0,630.0984,483.8078,5,vplaurlg3,html:nth-of-type(1) > body:nth-of-type(1) > div:nth-of-type(8) > div:nth-of-type(1) > div:nth-of-type(10) > div:nth-of-type(1) > div:nth-of-type(1) > div:nth-of-type(3) > div:nth-of-type(1) > div:nth-of-type(1) > div:nth-of-type(1) > div:nth-of-type(1) > div:nth-of-type(2) > div:nth-of-type(1) > g-scrolling-carousel:nth-of-type(1) > div:nth-of-type(1) > div:nth-of-type(1) > div:nth-of-type(1) > div:nth-of-type(1) > div:nth-of-type(4),dom_screenshot_registered
p048-b5-t9,cell,dd_top,True,0,4,637.2996,194.0,748.917,483.8078,5,vplaurlg4,html:nth-of-type(1) > body:nth-of-type(1) > div:nth-of-type(8) > div:nth-of-type(1) > div:nth-of-type(10) > div:nth-of-type(1) > div:nth-of-type(1) > div:nth-of-type(3) > div:nth-of-type(1) > div:nth-of-type(1) > div:nth-of-type(1) > div:nth-of-type(1) > div:nth-of-type(2) > div:nth-of-type(1) > g-scrolling-carousel:nth-of-type(1) > div:nth-of-type(1) > div:nth-of-type(1) > div:nth-of-type(1) > div:nth-of-type(1) > div:nth-of-type(5),dom_screenshot_registered
p049-b6-t8,parent,dd_top,True,0,,162.0,158.0,749.0,400.0,3,,,typed_parent_unchanged
p049-b6-t8,cell,dd_top,True,0,0,162.0253,194.0,352.8551,391.1214,3,vplaurlg0,html:nth-of-type(1) > body:nth-of-type(1) > div:nth-of-type(8) > div:nth-of-type(1) > div:nth-of-type(10) > div:nth-of-type(1) > div:nth-of-type(1) > div:nth-of-type(3) > div:nth-of-type(1) > div:nth-of-type(1) > div:nth-of-type(1) > div:nth-of-type(1) > div:nth-of-type(2) > div:nth-of-type(1) > div:nth-of-type(1) > div:nth-of-type(1),dom_screenshot_registered
p049-b6-t8,cell,dd_top,True,0,1,360.0563,194.0,550.8861,391.1214,3,vplaurlg1,html:nth-of-type(1) > body:nth-of-type(1) > div:nth-of-type(8) > div:nth-of-type(1) > div:nth-of-type(10) > div:nth-of-type(1) > div:nth-of-type(1) > div:nth-of-type(3) > div:nth-of-type(1) > div:nth-of-type(1) > div:nth-of-type(1) > div:nth-of-type(1) > div:nth-of-type(2) > div:nth-of-type(1) > div:nth-of-type(1) > div:nth-of-type(2),dom_screenshot_registered
p049-b6-t8,cell,dd_top,True,0,2,558.0872,194.0,748.917,391.1214,3,vplaurlg2,html:nth-of-type(1) > body:nth-of-type(1) > div:nth-of-type(8) > div:nth-of-type(1) > div:nth-of-type(10) > div:nth-of-type(1) > div:nth-of-type(1) > div:nth-of-type(3) > div:nth-of-type(1) > div:nth-of-type(1) > div:nth-of-type(1) > div:nth-of-type(1) > div:nth-of-type(2) > div:nth-of-type(1) > div:nth-of-type(1) > div:nth-of-type(3),dom_screenshot_registered
p050-b3-t10,parent,dd_top,True,0,,162.0,158.0,749.0,540.0,4,,,typed_parent_unchanged
p050-b3-t10,cell,dd_top,True,0,0,162.0253,194.0,303.3474,531.4639999999999,4,vplaurlg0,html:nth-of-type(1) > body:nth-of-type(1) > div:nth-of-type(8) > div:nth-of-type(1) > div:nth-of-type(10) > div:nth-of-type(1) > div:nth-of-type(1) > div:nth-of-type(3) > div:nth-of-type(1) > div:nth-of-type(1) > div:nth-of-type(1) > div:nth-of-type(1) > div:nth-of-type(2) > div:nth-of-type(1) > div:nth-of-type(1) > div:nth-of-type(1),dom_screenshot_registered
p050-b3-t10,cell,dd_top,True,0,1,310.5485,194.0,451.87059999999997,531.4639999999999,4,vplaurlg1,html:nth-of-type(1) > body:nth-of-type(1) > div:nth-of-type(8) > div:nth-of-type(1) > div:nth-of-type(10) > div:nth-of-type(1) > div:nth-of-type(1) > div:nth-of-type(3) > div:nth-of-type(1) > div:nth-of-type(1) > div:nth-of-type(1) > div:nth-of-type(1) > div:nth-of-type(2) > div:nth-of-type(1) > div:nth-of-type(1) > div:nth-of-type(2),dom_screenshot_registered
p050-b3-t10,cell,dd_top,True,0,2,459.0717,194.0,600.3938,531.4639999999999,4,vplaurlg2,html:nth-of-type(1) > body:nth-of-type(1) > div:nth-of-type(8) > div:nth-of-type(1) > div:nth-of-type(10) > div:nth-of-type(1) > div:nth-of-type(1) > div:nth-of-type(3) > div:nth-of-type(1) > div:nth-of-type(1) > div:nth-of-type(1) > div:nth-of-type(1) > div:nth-of-type(2) > div:nth-of-type(1) > div:nth-of-type(1) > div:nth-of-type(3),dom_screenshot_registered
p050-b3-t10,cell,dd_top,True,0,3,607.5949,194.0,748.917,531.4639999999999,4,vplaurlg3,html:nth-of-type(1) > body:nth-of-type(1) > div:nth-of-type(8) > div:nth-of-type(1) > div:nth-of-type(10) > div:nth-of-type(1) > div:nth-of-type(1) > div:nth-of-type(3) > div:nth-of-type(1) > div:nth-of-type(1) > div:nth-of-type(1) > div:nth-of-type(1) > div:nth-of-type(2) > div:nth-of-type(1) > div:nth-of-type(1) > div:nth-of-type(4),dom_screenshot_registered
