{
  "attribution": "typed",
  "n_trials": 2452,
  "n_records": 6340,
  "per_position": {
    "0": {
      "n": 1488,
      "median": 27.931223162603764,
      "q25": 12.98282725271646,
      "q75": 57.021305266252355,
      "ci95_lo": 25.971960795393237,
      "ci95_hi": 30.46946595639891
    },
    "1": {
      "n": 1035,
      "median": 21.542944590357767,
      "q25": 8.886224679806205,
      "q75": 43.147107145338126,
      "ci95_lo": 19.48201596167458,
      "ci95_hi": 23.345197039048298
    },
    "2": {
      "n": 841,
      "median": 17.833161232633216,
      "q25": 7.410649602575248,
      "q75": 39.54332574326025,
      "ci95_lo": 16.381219424757372,
      "ci95_hi": 19.709844403887164
    },
    "3": {
      "n": 692,
      "median": 17.0054138112634,
      "q25": 7.344849278997616,
      "q75": 36.87826865222029,
      "ci95_lo": 15.394113141625699,
      "ci95_hi": 18.860064082759703
    },
    "4": {
      "n": 639,
      "median": 17.181397564682065,
      "q25": 7.594213962216589,
      "q75": 37.364649881865915,
      "ci95_lo": 15.405623460949606,
      "ci95_hi": 19.614695466235723
    },
    "5": {
      "n": 403,
      "median": 15.375859252521586,
      "q25": 6.208146962135466,
      "q75": 32.34802321455686,
      "ci95_lo": 12.9593146431506,
      "ci95_hi": 16.542807158336196
    },
    "6": {
      "n": 322,
      "median": 12.827821623157096,
      "q25": 5.695500799672818,
      "q75": 30.59375760631356,
      "ci95_lo": 11.02671745024122,
      "ci95_hi": 15.437793897703603
    },
    "7": {
      "n": 223,
      "median": 15.479877708831276,
      "q25": 6.023265066092581,
      "q75": 34.98337530467934,
      "ci95_lo": 12.06180501367434,
      "ci95_hi": 17.542002933738846
    },
    "8": {
      "n": 177,
      "median": 16.374158673777103,
      "q25": 5.085947031622366,
      "q75": 30.852714168450646,
      "ci95_lo": 12.423232723783403,
      "ci95_hi": 17.889780772521352
    },
    "9": {
      "n": 156,
      "median": 12.858970259442136,
      "q25": 6.114956271198468,
      "q75": 32.40953247446234,
      "ci95_lo": 10.291388270781782,
      "ci95_hi": 15.386381889099248
    },
    "10": {
      "n": 116,
      "median": 15.3895361684229,
      "q25": 5.833869748001555,
      "q75": 32.89438335427536,
      "ci95_lo": 10.256349243918578,
      "ci95_hi": 22.383853554667876
    },
    "11": {
      "n": 118,
      "median": 11.129566041339345,
      "q25": 5.029401335294674,
      "q75": 24.69483573954657,
      "ci95_lo": 7.755035352007869,
      "ci95_hi": 15.508330459122869
    },
    "12": {
      "n": 74,
      "median": 17.27385543411044,
      "q25": 7.339993164645417,
      "q75": 29.266035541931707,
      "ci95_lo": 11.819682342968498,
      "ci95_hi": 24.763875320360384
    },
    "13": {
      "n": 34,
      "median": 12.038917949529795,
      "q25": 5.817359953393911,
      "q75": 36.179535944956704,
      "ci95_lo": 7.975543582096178,
      "ci95_hi": 29.62357287891988
    },
    "14": {
      "n": 13,
      "median": 12.481208300887335,
      "q25": 6.529929430837233,
      "q75": 34.08113767418461,
      "ci95_lo": 6.529929430837233,
      "ci95_hi": 34.08113767418461
    },
    "15": {
      "n": 8,
      "median": 13.787838765421268,
      "q25": 4.894178081872969,
      "q75": 22.30997291657692,
      "ci95_lo": 1.9289663179219447,
      "ci95_hi": 30.491394098602655
    },
    "16": {
      "n": 1,
      "median": 1.5081748522166136,
      "q25": 1.5081748522166136,
      "q75": 1.5081748522166136,
      "ci95_lo": NaN,
      "ci95_hi": NaN
    }
  },
  "cross_trial_spearman": {
    "full": {
      "n": 17,
      "rho": -0.7647058823529413,
      "p": 0.00034961095004698475
    },
    "steep_P0_P3": {
      "n": 4,
      "rho": -1.0,
      "p": 0.0
    },
    "plateau_P4_P10": {
      "n": 7,
      "rho": -0.21428571428571433,
      "p": 0.6445115810207203
    }
  },
  "cap10_spearman": {
    "full": {
      "rho": -0.732843137254902,
      "p": 0.0008187010454083449
    },
    "steep_P0_P3": {
      "rho": -1.0,
      "p": 0.0
    },
    "plateau_P4_P10": {
      "rho": -0.5,
      "p": 0.25316999510032256
    }
  },
  "pooled_steep_vs_plateau_mw": {
    "steep_n": 4056,
    "plateau_n": 2036,
    "steep_median": 22.154724401057138,
    "plateau_median": 15.414621023953629,
    "mann_whitney_u": 4798635.0,
    "mw_p_one_sided_greater": 2.294427662510908e-25
  },
  "per_trial_spearman": {
    "min_segments_3": {
      "n_trials": 1078,
      "median_rho": -0.39999999999999997,
      "pct_negative": 61.781076066790355
    },
    "min_segments_5": {
      "n_trials": 264,
      "median_rho": -0.19999999999999998,
      "pct_negative": 62.5
    },
    "min_segments_7": {
      "n_trials": 47,
      "median_rho": -0.14285714285714288,
      "pct_negative": 61.702127659574465
    }
  }
}