{
  "feature_mode": "text_m4_vp",
  "label_distributions": {
    "g10_pre": {
      "0": 2115,
      "1": 2115,
      "2": 2115,
      "3": 2115,
      "4": 2115,
      "5": 2115,
      "6": 2115,
      "7": 2115,
      "8": 2115,
      "9": 2115
    },
    "g10_full": {
      "0": 2115,
      "1": 2115,
      "2": 2115,
      "3": 2115,
      "4": 2115,
      "5": 2115,
      "6": 2115,
      "7": 2115,
      "8": 2115,
      "9": 2115
    }
  },
  "clicked_by_bucket": {
    "g10_pre": {
      "0": 47,
      "1": 12,
      "2": 19,
      "3": 20,
      "4": 63,
      "5": 79,
      "6": 138,
      "7": 224,
      "8": 567,
      "9": 946
    },
    "g10_full": {
      "0": 46,
      "1": 13,
      "2": 21,
      "3": 20,
      "4": 63,
      "5": 75,
      "6": 138,
      "7": 226,
      "8": 563,
      "9": 950
    }
  },
  "baseline_google": {
    "mrr": 0.4924351758039701,
    "ndcg": 0.6166256064903796
  },
  "rungs": {
    "R3_3grade": {
      "mrr": 0.6769768096363841,
      "ndcg": 0.7587851113551252,
      "mrr_per_p": {
        "p004": 0.7145390070921985,
        "p005": 0.5623333333333334,
        "p006": 0.6968085106382979,
        "p007": 0.5912698412698413,
        "p008": 0.626736111111111,
        "p009": 0.6847442680776014,
        "p010": 0.6411949685534591,
        "p011": 0.6348484848484848,
        "p012": 0.6438405797101449,
        "p013": 0.8383838383838383,
        "p014": 0.75,
        "p015": 0.575503663003663,
        "p016": 0.7789115646258503,
        "p017": 0.8270833333333332,
        "p018": 0.5742753623188406,
        "p019": 0.8089430894308944,
        "p020": 0.7081632653061225,
        "p021": 0.6819727891156464,
        "p022": 0.6872807017543859,
        "p023": 0.7388888888888889,
        "p024": 0.6735507246376811,
        "p025": 0.6407407407407406,
        "p026": 0.7017543859649121,
        "p027": 0.576797385620915,
        "p028": 0.6813333333333333,
        "p029": 0.6951754385964911,
        "p030": 0.8125,
        "p031": 0.6683673469387755,
        "p032": 0.7962962962962963,
        "p033": 0.7402482269503545,
        "p034": 0.6939814814814814,
        "p035": 0.6512345679012346,
        "p036": 0.7347222222222222,
        "p037": 0.711190476190476,
        "p038": 0.622093023255814,
        "p039": 0.7022435897435899,
        "p040": 0.6329931972789116,
        "p041": 0.5433229813664596,
        "p042": 0.71268115942029,
        "p043": 0.5683333333333334,
        "p044": 0.6896296296296297,
        "p045": 0.7661600810536981,
        "p046": 0.7052083333333333,
        "p047": 0.7373873873873874,
        "p048": 0.6253086419753087,
        "p049": 0.6675675675675675,
        "p050": 0.5752873563218391
      },
      "ndcg_per_p": {
        "p004": 0.7876135209560629,
        "p005": 0.673022270774978,
        "p006": 0.77368482376761,
        "p007": 0.6954850369083635,
        "p008": 0.7220100493497537,
        "p009": 0.7644786180804017,
        "p010": 0.7314683412286455,
        "p011": 0.7273163858976628,
        "p012": 0.7342121421434358,
        "p013": 0.8802253948052019,
        "p014": 0.8143158109762827,
        "p015": 0.682690021781649,
        "p016": 0.8358414116997982,
        "p017": 0.8708580443438269,
        "p018": 0.6828396683836812,
        "p019": 0.8580089702961736,
        "p020": 0.7818703231827973,
        "p021": 0.7631555686050053,
        "p022": 0.766156943202684,
        "p023": 0.8049560379292489,
        "p024": 0.7551388247945787,
        "p025": 0.7319033107486186,
        "p026": 0.7771579938949512,
        "p027": 0.6847349156983263,
        "p028": 0.7619801006837547,
        "p029": 0.7720912553366275,
        "p030": 0.860610365327387,
        "p031": 0.7527939945176225,
        "p032": 0.847595264090097,
        "p033": 0.8066029985942351,
        "p034": 0.7715427559833324,
        "p035": 0.7396443502356777,
        "p036": 0.8018046498299888,
        "p037": 0.7841475201075262,
        "p038": 0.7177485283041318,
        "p039": 0.7773894524957197,
        "p040": 0.7254584521034108,
        "p041": 0.6555556369375269,
        "p042": 0.7857136692397084,
        "p043": 0.6768821504975475,
        "p044": 0.7683572565409549,
        "p045": 0.8253477273069227,
        "p046": 0.7795111333228264,
        "p047": 0.8042636933674046,
        "p048": 0.7197367415336319,
        "p049": 0.7510250492343576,
        "p050": 0.682710764782514
      }
    },
    "R4a_10grade_pre": {
      "mrr": 0.6559118541033434,
      "ndcg": 0.7410015003576699,
      "mrr_per_p": {
        "p004": 0.6574721377912867,
        "p005": 0.6638888888888889,
        "p006": 0.6574468085106383,
        "p007": 0.6385487528344671,
        "p008": 0.7289930555555554,
        "p009": 0.6878600823045267,
        "p010": 0.6276355196166516,
        "p011": 0.6348484848484851,
        "p012": 0.5775362318840579,
        "p013": 0.70496632996633,
        "p014": 0.6711805555555556,
        "p015": 0.6801282051282052,
        "p016": 0.6989795918367347,
        "p017": 0.6054861111111112,
        "p018": 0.6610507246376811,
        "p019": 0.7278455284552846,
        "p020": 0.5793326854551344,
        "p021": 0.5533041788143829,
        "p022": 0.4889619883040935,
        "p023": 0.6092047930283224,
        "p024": 0.6196169772256729,
        "p025": 0.6900529100529101,
        "p026": 0.6951754385964911,
        "p027": 0.7874183006535947,
        "p028": 0.6560238095238096,
        "p029": 0.6578947368421052,
        "p030": 0.69375,
        "p031": 0.6068027210884354,
        "p032": 0.7320987654320987,
        "p033": 0.7033096926713946,
        "p034": 0.759755291005291,
        "p035": 0.6651234567901235,
        "p036": 0.7264660493827161,
        "p037": 0.6675555555555556,
        "p038": 0.7242524916943521,
        "p039": 0.7078525641025641,
        "p040": 0.652089407191448,
        "p041": 0.526923740510697,
        "p042": 0.6232142857142857,
        "p043": 0.6605555555555556,
        "p044": 0.6290035273368606,
        "p045": 0.652127659574468,
        "p046": 0.5667534722222222,
        "p047": 0.6375375375375376,
        "p048": 0.6913580246913581,
        "p049": 0.6391891891891891,
        "p050": 0.6380747126436781
      },
      "ndcg_per_p": {
        "p004": 0.7406867938974678,
        "p005": 0.7482642632112809,
        "p006": 0.743837407453926,
        "p007": 0.726743215468142,
        "p008": 0.7978582029409083,
        "p009": 0.7652794482562425,
        "p010": 0.7157630986763076,
        "p011": 0.7255028070578325,
        "p012": 0.6819947770121371,
        "p013": 0.7774999685424745,
        "p014": 0.7523514966873527,
        "p015": 0.7611773552573411,
        "p016": 0.7751276206393594,
        "p017": 0.7044403152319605,
        "p018": 0.7463711724819,
        "p019": 0.7951323622086505,
        "p020": 0.6816041636439476,
        "p021": 0.6611305914531765,
        "p022": 0.6137708409600677,
        "p023": 0.7070056820622804,
        "p024": 0.7130987401351973,
        "p025": 0.7658065259250068,
        "p026": 0.7732042053243352,
        "p027": 0.8417279116614715,
        "p028": 0.7416731333873166,
        "p029": 0.7418560252858185,
        "p030": 0.7704150289154676,
        "p031": 0.7046730553399712,
        "p032": 0.7999393467419431,
        "p033": 0.7780001339340389,
        "p034": 0.8191184975808584,
        "p035": 0.7495099311304974,
        "p036": 0.7949535687050165,
        "p037": 0.7496145825211046,
        "p038": 0.7911002161175533,
        "p039": 0.7803336636235406,
        "p040": 0.7356017125583083,
        "p041": 0.6414244863856865,
        "p042": 0.7170857334166061,
        "p043": 0.7447623300998831,
        "p044": 0.7169696287600881,
        "p045": 0.7385246770619062,
        "p046": 0.6727942185691427,
        "p047": 0.7246360984361399,
        "p048": 0.7705718137249519,
        "p049": 0.7280172739472619,
        "p050": 0.7272841223213763
      }
    },