{
  "n_records": 19774,
  "n_participants": 47,
  "click_rate": 0.13118236067563468,
  "M1_auc": 0.6650358286293345,
  "M2_auc": 0.7609414310628181,
  "M3_auc": 0.8707371178945233,
  "M4_auc": 0.8708119076619009,
  "M3_ap": 0.5493257150648256,
  "M3_brier": 0.1420130880203751,
  "leakage_delta": {
    "M2": 0.0012779670646777541,
    "M3": 0.0006498833611728871,
    "M4": 0.0005699774620935294
  },
  "M3_per_part_auc": [
    [
      "p004",
      0.9369905956112853
    ],
    [
      "p005",
      0.8554567901234568
    ],
    [
      "p006",
      0.9158865886588659
    ],
    [
      "p007",
      0.8318395405499478
    ],
    [
      "p008",
      0.8374613003095975
    ],
    [
      "p009",
      0.9485695823297892
    ],
    [
      "p010",
      0.880650892580163
    ],
    [
      "p011",
      0.887445166305736
    ],
    [
      "p012",
      0.8410783055198973
    ],
    [
      "p013",
      0.9369165913881361
    ],
    [
      "p014",
      0.8770920502092049
    ],
    [
      "p015",
      0.9276485788113695
    ],
    [
      "p016",
      0.8828502415458936
    ],
    [
      "p017",
      0.7566967702433798
    ],
    [
      "p018",
      0.8189350554404776
    ],
    [
      "p019",
      0.8585565378018208
    ],
    [
      "p020",
      0.9024515159792407
    ],
    [
      "p021",
      0.8354707792207792
    ],
    [
      "p022",
      0.8966457023060797
    ],
    [
      "p023",
      0.9249182472204054
    ],
    [
      "p024",
      0.8355877616747182
    ],
    [
      "p025",
      0.896507498026835
    ],
    [
      "p026",
      0.8792717086834734
    ],
    [
      "p027",
      0.8622098725073553
    ],
    [
      "p028",
      0.8221657083886186
    ],
    [
      "p029",
      0.8398087268380156
    ],
    [
      "p030",
      0.8983388704318938
    ],
    [
      "p031",
      0.8659799232669365
    ],
    [
      "p032",
      0.8490735975295934
    ],
    [
      "p033",
      0.8904880187025132
    ],
    [
      "p034",
      0.8981542020821807
    ],
    [
      "p035",
      0.9230861244019138
    ],
    [
      "p036",
      0.8542043399638337
    ],
    [
      "p037",
      0.888867149285854
    ],
    [
      "p038",
      0.8411680911680912
    ],
    [
      "p039",
      0.856812834224599
    ],
    [
      "p040",
      0.9378051655049332
    ],
    [
      "p041",
      0.8247011952191236
    ],
    [
      "p042",
      0.8635540929658577
    ],
    [
      "p043",
      0.848244968090329
    ],
    [
      "p044",
      0.8298863636363637
    ],
    [
      "p045",
      0.891826923076923
    ],
    [
      "p046",
      0.8342151675485009
    ],
    [
      "p047",
      0.8131408244402594
    ],
    [
      "p048",
      0.9302096985583224
    ],
    [
      "p049",
      0.8571325855622663
    ],
    [
      "p050",
      0.8733280284945625
    ]
  ],
  "M3_features": [
    "position",
    "total_dwell_ms",
    "min_dist",
    "mean_dist",
    "final_dist",
    "retreat_dist",
    "dwell_in_proximity_ms",
    "mean_approach_velocity",
    "max_approach_velocity",
    "direction_changes",
    "frac_decreasing"
  ],
  "M3_coefs": [
    -0.11631907849249237,
    -0.031195751980388115,
    -0.8174137210513179,
    0.5794219099876632,
    -0.952257213156995,
    -0.2740148887072136,
    0.8411155974200274,
    0.06711251856174605,
    0.27573405256922723,
    0.039984775557439504,
    0.048162259503250794
  ],
  "etype_breakdown": {
    "dd_top": {
      "n": 1581,
      "n_clicked": 271,
      "click_rate": 0.17141049968374447
    },
    "image_pack": {
      "n": 846,
      "n_clicked": 56,
      "click_rate": 0.06619385342789598
    },
    "knowledge_panel": {
      "n": 398,
      "n_clicked": 23,
      "click_rate": 0.05778894472361809
    },
    "native_ad": {
      "n": 3660,
      "n_clicked": 186,
      "click_rate": 0.05081967213114754
    },
    "organic": {
      "n": 12712,
      "n_clicked": 2021,
      "click_rate": 0.1589836375078666
    },
    "other_widget": {
      "n": 31,
      "n_clicked": 1,
      "click_rate": 0.03225806451612903
    },
    "paa": {
      "n": 357,
      "n_clicked": 27,
      "click_rate": 0.07563025210084033
    },
    "top_places": {
      "n": 48,
      "n_clicked": 2,
      "click_rate": 0.041666666666666664
    },
    "unknown_widget": {
      "n": 141,
      "n_clicked": 7,
      "click_rate": 0.04964539007092199
    }
  }
}