{
  "n_records": 19908,
  "n_participants": 47,
  "click_rate": 0.13034960819770947,
  "M1_auc": 0.6671148246714939,
  "M2_auc": 0.7618754859941859,
  "M3_auc": 0.8701402612468807,
  "M4_auc": 0.8702537558788117,
  "M3_ap": 0.5480065600572827,
  "M3_brier": 0.14215692468306781,
  "leakage_delta": {
    "M2": 0.001223367073446724,
    "M3": 0.0008606138347930781,
    "M4": 0.00067115191931999
  },
  "M3_per_part_auc": [
    [
      "p004",
      0.9367003367003367
    ],
    [
      "p005",
      0.8567380044952604
    ],
    [
      "p006",
      0.9167487684729064
    ],
    [
      "p007",
      0.8328568953568953
    ],
    [
      "p008",
      0.8379945680099831
    ],
    [
      "p009",
      0.949036941631052
    ],
    [
      "p010",
      0.86689118312814
    ],
    [
      "p011",
      0.8868670886075949
    ],
    [
      "p012",
      0.8411329528640878
    ],
    [
      "p013",
      0.9369165913881361
    ],
    [
      "p014",
      0.8642043774031352
    ],
    [
      "p015",
      0.9280550223928343
    ],
    [
      "p016",
      0.8841727975853612
    ],
    [
      "p017",
      0.7584346504559271
    ],
    [
      "p018",
      0.8197822141560799
    ],
    [
      "p019",
      0.859403530127815
    ],
    [
      "p020",
      0.9027847930767416
    ],
    [
      "p021",
      0.8363834247017091
    ],
    [
      "p022",
      0.8964360587002096
    ],
    [
      "p023",
      0.9250490516677566
    ],
    [
      "p024",
      0.8336691410392364
    ],
    [
      "p025",
      0.8963692125049466
    ],
    [
      "p026",
      0.8794584500466853
    ],
    [
      "p027",
      0.8626364673293139
    ],
    [
      "p028",
      0.8221757322175732
    ],
    [
      "p029",
      0.8490451388888889
    ],
    [
      "p030",
      0.8983388704318936
    ],
    [
      "p031",
      0.8661997595776931
    ],
    [
      "p032",
      0.8483015954709213
    ],
    [
      "p033",
      0.8908852840619771
    ],
    [
      "p034",
      0.8987062481195467
    ],
    [
      "p035",
      0.9239731437598737
    ],
    [
      "p036",
      0.8539029535864979
    ],
    [
      "p037",
      0.8895482699354671
    ],
    [
      "p038",
      0.8428571428571427
    ],
    [
      "p039",
      0.8577240940877304
    ],
    [
      "p040",
      0.9261981770067628
    ],
    [
      "p041",
      0.824648098233004
    ],
    [
      "p042",
      0.8631664964249234
    ],
    [
      "p043",
      0.8488542174549
    ],
    [
      "p044",
      0.8323852017103551
    ],
    [
      "p045",
      0.8919259692889628
    ],
    [
      "p046",
      0.831689677843524
    ],
    [
      "p047",
      0.7984299822739933
    ],
    [
      "p048",
      0.9297217353198948
    ],
    [
      "p049",
      0.857204486626402
    ],
    [
      "p050",
      0.8743064927275452
    ]
  ],
  "M3_features": [
    "position",
    "total_dwell_ms",
    "min_dist",
    "mean_dist",
    "final_dist",
    "retreat_dist",
    "dwell_in_proximity_ms",
    "mean_approach_velocity",
    "max_approach_velocity",
    "direction_changes",
    "frac_decreasing"
  ],
  "M3_coefs": [
    -0.11241981747102184,
    -0.027087638598468196,
    -0.8119473176371661,
    0.5762323746103367,
    -0.9462518991004635,
    -0.27175524154417197,
    0.8355247345403214,
    0.059799421715455686,
    0.2725378050877313,
    0.04371032709491495,
    0.049948156926256114
  ],
  "etype_breakdown": {
    "dd_top": {
      "n": 1581,
      "n_clicked": 271,
      "click_rate": 0.17141049968374447
    },
    "native_ad": {
      "n": 3670,
      "n_clicked": 190,
      "click_rate": 0.051771117166212535
    },
    "organic": {
      "n": 14657,
      "n_clicked": 2134,
      "click_rate": 0.14559596097427852
    }
  }
}