{
  "rows": [
    {
      "label": "all (full population)",
      "n_records": 4450,
      "n_HH": 1040,
      "n_HL": 1185,
      "n_LH": 1192,
      "n_LL": 1033,
      "rate_HH_pp": 33.94230769230769,
      "rate_HL_pp": 25.569620253164555,
      "rate_LH_pp": 25.587248322147648,
      "rate_LL_pp": 19.748305905130685,
      "lift_pp": 14.194001787177008,
      "lift_ci95_pp": [
        10.578391248870279,
        18.02933658145437
      ],
      "rate_HH_ci95_pp": [
        31.09529171297442,
        36.948642785019686
      ],
      "rate_LL_ci95_pp": [
        17.437268841494475,
        22.25405593158031
      ]
    },
    {
      "label": "will_regress = True (regressive subset)",
      "n_records": 2541,
      "n_HH": 610,
      "n_HL": 661,
      "n_LH": 661,
      "n_LL": 609,
      "rate_HH_pp": 34.91803278688524,
      "rate_HL_pp": 27.53403933434191,
      "rate_LH_pp": 29.34947049924357,
      "rate_LL_pp": 22.660098522167488,
      "lift_pp": 12.257934264717754,
      "lift_ci95_pp": [
        7.095986642936382,
        17.102245741953272
      ],
      "rate_HH_ci95_pp": [
        31.270128824476654,
        38.76914670041218
      ],
      "rate_LL_ci95_pp": [
        19.387713890079457,
        26.190973050321965
      ]
    },
    {
      "label": "will_regress = False (non-regressive subset)",
      "n_records": 1909,
      "n_HH": 430,
      "n_HL": 525,
      "n_LH": 526,
      "n_LL": 428,
      "rate_HH_pp": 32.55813953488372,
      "rate_HL_pp": 23.238095238095237,
      "rate_LH_pp": 21.292775665399237,
      "rate_LL_pp": 14.953271028037381,
      "lift_pp": 17.60486850684634,
      "lift_ci95_pp": [
        11.669968828272445,
        22.646352040200313
      ],
      "rate_HH_ci95_pp": [
        28.045977011494255,
        36.60902036048063
      ],
      "rate_LL_ci95_pp": [
        11.805555555555555,
        18.79548469105781
      ]
    }
  ]
}