{
  "n_trials_absolute": 2719,
  "n_trials_organic": 2650,
  "n_intersection": 2650,
  "n_abs_only": 69,
  "full_abs": {
    "label": "ABSOLUTE (full)",
    "n_records": 6112,
    "n_wr": 3990,
    "n_nr": 2122,
    "lfhf": {
      "d": 0.012343968752460029,
      "p": 0.0009768004961808545,
      "median_wr": 20.8367475,
      "median_nr": 18.354806
    },
    "ripa2": {
      "d": -0.05511607980645608,
      "p": 0.011578065603624652,
      "median_wr": 0.000408,
      "median_nr": 0.0004215
    }
  },
  "full_org": {
    "label": "ORGANIC  (full)",
    "n_records": 4134,
    "n_wr": 3075,
    "n_nr": 1059,
    "lfhf": {
      "d": 0.04118219689346626,
      "p": 0.001130316030088078,
      "median_wr": 20.171295,
      "median_nr": 17.264413
    },
    "ripa2": {
      "d": 0.0063855968687169615,
      "p": 0.8025980083543975,
      "median_wr": 0.000414,
      "median_nr": 0.000409
    }
  },
  "int_abs": {
    "label": "ABSOLUTE (intersection)",
    "n_records": 6042,
    "n_wr": 3968,
    "n_nr": 2074,
    "lfhf": {
      "d": 0.010727710860364776,
      "p": 0.0006383840949198637,
      "median_wr": 20.6739235,
      "median_nr": 18.121629499999997
    },
    "ripa2": {
      "d": -0.05543477686642143,
      "p": 0.012932145254380856,
      "median_wr": 0.000408,
      "median_nr": 0.0004205
    }
  },
  "int_org": {
    "label": "ORGANIC  (intersection)",
    "n_records": 4134,
    "n_wr": 3075,
    "n_nr": 1059,
    "lfhf": {
      "d": 0.04118219689346626,
      "p": 0.001130316030088078,
      "median_wr": 20.171295,
      "median_nr": 17.264413
    },
    "ripa2": {
      "d": 0.0063855968687169615,
      "p": 0.8025980083543975,
      "median_wr": 0.000414,
      "median_nr": 0.000409
    }
  },
  "drop_abs": {
    "label": "ABSOLUTE (dropped trials only)",
    "n_records": 70,
    "n_wr": 22,
    "n_nr": 48,
    "lfhf": {
      "d": 0.4723367091852951,
      "p": 0.03408496482127844,
      "median_wr": 46.098949,
      "median_nr": 27.7045025
    },
    "ripa2": {
      "d": -0.043162232281736095,
      "p": 0.5228922200138024,
      "median_wr": 0.0004635,
      "median_nr": 0.000431
    }
  }
}