{
  "by_etype": {
    "organic": {
      "n_sacc": 134961,
      "pct_horiz": 37.44044575840428,
      "pct_vert": 39.186876208682506,
      "pct_oblique": 23.37267803291321,
      "mean_k": 0.04859541201650982,
      "median_k": 0.0881343750868955,
      "n_fixations_with_k": 137823
    },
    "native_ad": {
      "n_sacc": 30011,
      "pct_horiz": 34.1074939188964,
      "pct_vert": 42.06124421045617,
      "pct_oblique": 23.831261870647428,
      "mean_k": -0.08058564869947224,
      "median_k": 0.011750848057234364,
      "n_fixations_with_k": 30625
    },
    "dd_top": {
      "n_sacc": 41775,
      "pct_horiz": 38.86774386594853,
      "pct_vert": 36.73967684021544,
      "pct_oblique": 24.392579293836025,
      "mean_k": 0.021975905435647453,
      "median_k": -0.008057286547381692,
      "n_fixations_with_k": 42811
    }
  },
  "by_etype_pos": {
    "organic/0": {
      "n_sacc": 15583,
      "pct_horiz": 39.79336456394789,
      "pct_vert": 36.1226978117179,
      "mean_k": -0.07912871298266336,
      "median_k": -0.06671931132598613
    },
    "organic/2": {
      "n_sacc": 21090,
      "pct_horiz": 39.17022285443338,
      "pct_vert": 37.472735893788524,
      "mean_k": 0.08176455132223862,
      "median_k": 0.11676964580582308
    },
    "organic/4": {
      "n_sacc": 16295,
      "pct_horiz": 37.778459650199444,
      "pct_vert": 38.99355630561522,
      "mean_k": 0.10344215706782972,
      "median_k": 0.1394055197174885
    },
    "organic/1": {
      "n_sacc": 28035,
      "pct_horiz": 39.297306937756375,
      "pct_vert": 36.64704833244159,
      "mean_k": 0.040134194030233,
      "median_k": 0.06838634452187575
    },
    "native_ad/0": {
      "n_sacc": 8936,
      "pct_horiz": 33.94136078782453,
      "pct_vert": 42.121754700089525,
      "mean_k": -0.17488480926746985,
      "median_k": -0.1017750034073383
    },
    "native_ad/1": {
      "n_sacc": 8621,
      "pct_horiz": 34.23036770676256,
      "pct_vert": 40.8421296833314,
      "mean_k": 0.009233256946179366,
      "median_k": 0.03324103313470597
    },
    "native_ad/2": {
      "n_sacc": 4568,
      "pct_horiz": 33.64711033274956,
      "pct_vert": 42.53502626970228,
      "mean_k": 0.03491619825269804,
      "median_k": 0.054485863466272016
    },
    "organic/5": {
      "n_sacc": 10491,
      "pct_horiz": 35.144409493851875,
      "pct_vert": 42.2838623582118,
      "mean_k": 0.085306704266629,
      "median_k": 0.13584697537855095
    },
    "organic/6": {
      "n_sacc": 7917,
      "pct_horiz": 34.44486547934824,
      "pct_vert": 41.93507641783504,
      "mean_k": 0.08704119373276581,
      "median_k": 0.13607892114526704
    },
    "organic/3": {
      "n_sacc": 18360,
      "pct_horiz": 38.131808278867105,
      "pct_vert": 38.709150326797385,
      "mean_k": 0.09400233302052431,
      "median_k": 0.12415424685101309
    },
    "dd_top/0": {
      "n_sacc": 41755,
      "pct_horiz": 38.86720153275057,
      "pct_vert": 36.73093042749371,
      "mean_k": 0.022164244125224906,
      "median_k": -0.007753845407636684
    },
    "native_ad/3": {
      "n_sacc": 2110,
      "pct_horiz": 38.43601895734597,
      "pct_vert": 38.34123222748815,
      "mean_k": 0.03497612865408346,
      "median_k": 0.09145317508226625
    },
    "organic/7": {
      "n_sacc": 5616,
      "pct_horiz": 34.116809116809115,
      "pct_vert": 44.72934472934473,
      "mean_k": -0.00908730456341978,
      "median_k": 0.08182562093836734
    },
    "native_ad/10": {
      "n_sacc": 971,
      "pct_horiz": 31.71987641606591,
      "pct_vert": 45.417095777548916,
      "mean_k": -0.214891681399101,
      "median_k": 0.06166113641812798
    },
    "native_ad/11": {
      "n_sacc": 1291,
      "pct_horiz": 32.37800154918668,
      "pct_vert": 45.468628969790856,
      "mean_k": -0.24873247375029411,
      "median_k": 0.1753729450570217
    },
    "native_ad/12": {
      "n_sacc": 1139,
      "pct_horiz": 32.92361720807726,
      "pct_vert": 43.98595258999122,
      "mean_k": -0.13283846540182573,
      "median_k": 0.15435418275076135
    },
    "native_ad/8": {
      "n_sacc": 204,
      "pct_horiz": 37.745098039215684,
      "pct_vert": 40.19607843137255,
      "mean_k": 0.03702649321987983,
      "median_k": 0.22583246788234695
    },
    "native_ad/9": {
      "n_sacc": 660,
      "pct_horiz": 34.24242424242424,
      "pct_vert": 41.81818181818182,
      "mean_k": -0.17551125135572387,
      "median_k": -0.003502367549903518
    },
    "organic/9": {
      "n_sacc": 3100,
      "pct_horiz": 29.64516129032258,
      "pct_vert": 47.03225806451613,
      "mean_k": -0.017107274920242364,
      "median_k": 0.10316494337052862
    },
    "organic/10": {
      "n_sacc": 1937,
      "pct_horiz": 28.60092927207021,
      "pct_vert": 45.79246257098606,
      "mean_k": 0.013302505461764338,
      "median_k": 0.16069454525577148
    },
    "organic/12": {
      "n_sacc": 498,
      "pct_horiz": 27.309236947791163,
      "pct_vert": 52.40963855421687,
      "mean_k": -0.0837383694669155,
      "median_k": 0.07361260456155089
    },
    "native_ad/15": {
      "n_sacc": 155,
      "pct_horiz": 33.54838709677419,
      "pct_vert": 45.16129032258065,
      "mean_k": -0.7732654491398134,
      "median_k": -0.07481331594070273
    },
    "organic/8": {
      "n_sacc": 4761,
      "pct_horiz": 33.0812854442344,
      "pct_vert": 44.654484352026884,
      "mean_k": 0.0040599746245473765,
      "median_k": 0.10114101342322768
    },
    "native_ad/13": {
      "n_sacc": 729,
      "pct_horiz": 33.19615912208505,
      "pct_vert": 44.44444444444444,
      "mean_k": -0.13262145063887085,
      "median_k": 0.12227171791438832
    },
    "organic/11": {
      "n_sacc": 967,
      "pct_horiz": 28.645294725956568,
      "pct_vert": 49.53464322647363,
      "mean_k": 0.019219842673079593,
      "median_k": 0.1328740397466332
    },
    "native_ad/14": {
      "n_sacc": 388,
      "pct_horiz": 34.79381443298969,
      "pct_vert": 46.134020618556704,
      "mean_k": -0.2479147568873705,
      "median_k": 0.193577616886149
    },
    "organic/13": {
      "n_sacc": 193,
      "pct_horiz": 34.715025906735754,
      "pct_vert": 41.45077720207254,
      "mean_k": 0.03222287095357578,
      "median_k": 0.21195538640312625
    },
    "organic/15": {
      "n_sacc": 33,
      "pct_horiz": 27.272727272727273,
      "pct_vert": 45.45454545454545,
      "mean_k": 0.5629658507138242,
      "median_k": 0.5246119652877831
    },
    "organic/16": {
      "n_sacc": 12,
      "pct_horiz": 33.333333333333336,
      "pct_vert": 41.666666666666664,
      "mean_k": -0.19420920884654588,
      "median_k": 0.646665526123684
    },
    "organic/17": {
      "n_sacc": 7,
      "pct_horiz": 14.285714285714286,
      "pct_vert": 85.71428571428571,
      "mean_k": 0.2519634914003272,
      "median_k": 0.2687001800025073
    },
    "organic/18": {
      "n_sacc": 1,
      "pct_horiz": 0.0,
      "pct_vert": 100.0,
      "mean_k": 0.36579589909400506,
      "median_k": 0.36579589909400506
    },
    "native_ad/20": {
      "n_sacc": 2,
      "pct_horiz": 0.0,
      "pct_vert": 100.0,
      "mean_k": 0.9520813168413689,
      "median_k": 1.0587191977493837
    },
    "native_ad/21": {
      "n_sacc": 4,
      "pct_horiz": 0.0,
      "pct_vert": 100.0,
      "mean_k": -1.0739376692456615,
      "median_k": -0.17388714675565395
    },
    "organic/14": {
      "n_sacc": 65,
      "pct_horiz": 33.84615384615385,
      "pct_vert": 52.30769230769231,
      "mean_k": 0.1680240185727906,
      "median_k": 0.39990972375677797
    },
    "native_ad/4": {
      "n_sacc": 25,
      "pct_horiz": 36.0,
      "pct_vert": 44.0,
      "mean_k": -0.3522474385308142,
      "median_k": 0.04329299019425026
    },
    "native_ad/5": {
      "n_sacc": 21,
      "pct_horiz": 14.285714285714286,
      "pct_vert": 71.42857142857143,
      "mean_k": -0.4894630175145614,
      "median_k": -0.36133175006069407
    },
    "native_ad/6": {
      "n_sacc": 33,