{
  "grid": [
    25,
    50,
    100,
    200,
    400
  ],
  "rows": [
    {
      "center_tol": 25,
      "pooled": 0.8142058407122118,
      "per_p_mean": 0.8272011171701664,
      "per_p_sd": 0.11901293939229525,
      "per_p": [
        0.7443932411674348,
        0.8371459694989107,
        0.7531034482758621,
        0.8679347826086956,
        0.49029126213592233,
        0.9003623188405797,
        0.8251582278481012,
        0.8232142857142857,
        0.823076923076923,
        0.8212719298245614,
        0.6969339622641509,
        0.9520697167755992,
        0.8584905660377358,
        0.7914285714285715,
        0.9260869565217392,
        0.9662288930581613,
        0.8658008658008658,
        0.9046511627906977,
        0.8020833333333333,
        0.6523809523809524,
        0.5876623376623377,
        0.9191176470588236,
        0.8875000000000001,
        0.8615384615384616,
        0.8154761904761905,
        0.9705882352941176,
        0.9545454545454546,
        0.8235294117647058,
        0.6990740740740741,
        0.6419753086419753,
        0.8888888888888888,
        0.8205128205128206,
        0.9134199134199134,
        0.9440000000000001,
        0.85,
        0.7678571428571428,
        0.95,
        0.8076923076923077,
        0.8970588235294118,
        1.0,
        0.9666666666666667,
        0.8974358974358975,
        0.9166666666666666,
        0.75,
        0.65625,
        0.8888888888888888,
        0.5
      ]
    },
    {
      "center_tol": 50,
      "pooled": 0.8140390660619585,
      "per_p_mean": 0.8309188508643294,
      "per_p_sd": 0.11293718563163843,
      "per_p": [
        0.7474654377880184,
        0.8349673202614379,
        0.7443678160919541,
        0.871195652173913,
        0.49029126213592233,
        0.9012681159420289,
        0.8259493670886076,
        0.8223214285714285,
        0.823076923076923,
        0.8245614035087718,
        0.6910377358490566,
        0.9542483660130718,
        0.8584905660377358,
        0.7885714285714285,
        0.9260869565217392,
        0.9662288930581613,
        0.8679653679653679,
        0.9069767441860465,
        0.8020833333333333,
        0.6523809523809524,
        0.577922077922078,
        0.9191176470588235,
        0.8875000000000001,
        0.8564102564102565,
        0.8125,
        0.9705882352941176,
        0.9545454545454546,
        0.838235294117647,
        0.6990740740740741,
        0.6419753086419753,
        0.8888888888888888,
        0.8012820512820512,
        0.9047619047619048,
        0.9440000000000001,
        0.85,
        0.7678571428571428,
        0.95,
        0.8076923076923077,
        0.8970588235294118,
        1.0,
        0.9666666666666667,
        0.8974358974358975,
        0.9166666666666666,
        0.8333333333333334,
        0.65625,
        0.8888888888888888,
        0.625
      ]
    },
    {
      "center_tol": 100,
      "pooled": 0.8142946272166631,
      "per_p_mean": 0.8281556574306671,
      "per_p_sd": 0.11438346344176321,
      "per_p": [
        0.7502304147465437,
        0.8371459694989107,
        0.7526436781609196,
        0.8722826086956521,
        0.49029126213592233,
        0.9003623188405797,
        0.8227848101265822,
        0.8196428571428571,
        0.8201923076923077,
        0.8201754385964912,
        0.6910377358490566,
        0.9520697167755992,
        0.8584905660377358,
        0.7428571428571428,
        0.9260869565217392,
        0.9662288930581613,
        0.8658008658008658,
        0.9023255813953488,
        0.7937500000000001,
        0.6507936507936508,
        0.5909090909090909,
        0.9227941176470589,
        0.8812500000000001,
        0.8615384615384616,
        0.7976190476190476,
        0.9705882352941176,
        0.9595959595959597,
        0.8529411764705882,
        0.6898148148148149,
        0.6296296296296297,
        0.8950617283950617,
        0.8333333333333334,
        0.9047619047619048,
        0.9440000000000001,
        0.85,
        0.7678571428571428,
        0.95,
        0.7884615384615384,
        0.8970588235294118,
        1.0,
        0.9666666666666667,
        0.8974358974358975,
        0.9166666666666666,
        0.75,
        0.65625,
        0.8888888888888888,
        0.625
      ]
    },
    {
      "center_tol": 200,
      "pooled": 0.8140462649677249,
      "per_p_mean": 0.8277479812751298,
      "per_p_sd": 0.11395874108593088,
      "per_p": [
        0.7508448540706605,
        0.8366013071895425,
        0.7517241379310345,
        0.8701086956521739,
        0.49029126213592233,
        0.9012681159420289,
        0.8235759493670886,
        0.8178571428571428,
        0.8163461538461538,
        0.8212719298245614,
        0.6922169811320755,
        0.9520697167755992,
        0.8584905660377358,
        0.7799999999999999,
        0.9239130434782609,
        0.9662288930581613,
        0.8658008658008658,
        0.9046511627906977,
        0.7958333333333334,
        0.6555555555555556,
        0.5909090909090909,
        0.9172794117647058,
        0.8812500000000001,
        0.8615384615384616,
        0.8035714285714286,
        0.9705882352941176,
        0.9595959595959597,
        0.838235294117647,
        0.6898148148148149,
        0.6419753086419753,
        0.8950617283950617,
        0.826923076923077,
        0.9004329004329004,
        0.9440000000000001,
        0.85,
        0.7678571428571428,
        0.95,
        0.7884615384615384,
        0.8823529411764706,
        1.0,
        0.9666666666666667,
        0.8974358974358975,
        0.9166666666666666,
        0.75,
        0.625,
        0.8888888888888888,
        0.625
      ]
    },
    {
      "center_tol": 400,
      "pooled": 0.8150889064862141,
      "per_p_mean": 0.8309240051244291,
      "per_p_sd": 0.11260930650741939,
      "per_p": [
        0.7502304147465437,
        0.8398692810457518,
        0.7572413793103449,
        0.871195652173913,
        0.49029126213592233,
        0.9003623188405797,
        0.8259493670886076,
        0.825,
        0.8192307692307692,
        0.8256578947368421,
        0.6898584905660378,
        0.9542483660130718,
        0.8616352201257862,
        0.7828571428571428,
        0.923913043478261,
        0.9662288930581614,
        0.8744588744588745,
        0.9046511627906977,
        0.80625,
        0.6650793650793652,
        0.5876623376623377,
        0.9191176470588235,
        0.8812500000000001,
        0.882051282051282,
        0.8095238095238095,
        0.9764705882352941,
        0.9545454545454546,
        0.8529411764705882,
        0.6898148148148149,
        0.6481481481481481,
        0.8950617283950617,
        0.8333333333333333,
        0.8961038961038961,
        0.9440000000000001,
        0.85,
        0.7678571428571428,
        0.95,
        0.7980769230769231,
        0.8823529411764706,
        1.0,
        0.9666666666666667,
        0.8974358974358975,
        0.9166666666666666,
        0.75,
        0.65625,
        0.8888888888888888,
        0.625
      ]
    }
  ],
  "pooled_spread": 0.0010498404242555992
}