{
  "participants": {
    "p004": {
      "n_trials": 59,
      "events_per_sec": 18.568534773801485,
      "path_per_sec": 207.58628688847557,
      "dir_changes_per_sec": 0.6246096189881324,
      "active_fraction": 0.3146067415730337,
      "median_duration_s": 10.267
    },
    "p005": {
      "n_trials": 60,
      "events_per_sec": 12.990355324260825,
      "path_per_sec": 143.88942569162162,
      "dir_changes_per_sec": 0.4708540334829304,
      "active_fraction": 0.25858879492600423,
      "median_duration_s": 21.161
    },
    "p006": {
      "n_trials": 60,
      "events_per_sec": 9.94040755059685,
      "path_per_sec": 136.30782801052658,
      "dir_changes_per_sec": 0.47302767166839027,
      "active_fraction": 0.2109126984126984,
      "median_duration_s": 18.1725
    },
    "p007": {
      "n_trials": 58,
      "events_per_sec": 10.401329592698886,
      "path_per_sec": 97.67486101744319,
      "dir_changes_per_sec": 0.5506085723788747,
      "active_fraction": 0.28821912876074174,
      "median_duration_s": 33.7065
    },
    "p008": {
      "n_trials": 58,
      "events_per_sec": 14.758035585567608,
      "path_per_sec": 107.65120399224148,
      "dir_changes_per_sec": 0.604169120083757,
      "active_fraction": 0.3370789341377577,
      "median_duration_s": 23.7055
    },
    "p009": {
      "n_trials": 59,
      "events_per_sec": 11.528624087865795,
      "path_per_sec": 177.79662792041125,
      "dir_changes_per_sec": 0.6770480704129994,
      "active_fraction": 0.22624434389140272,
      "median_duration_s": 41.296
    },
    "p010": {
      "n_trials": 60,
      "events_per_sec": 9.798773937183405,
      "path_per_sec": 158.23488799038827,
      "dir_changes_per_sec": 0.6081735627153859,
      "active_fraction": 0.22841131969739423,
      "median_duration_s": 19.499499999999998
    },
    "p011": {
      "n_trials": 59,
      "events_per_sec": 15.163662983232822,
      "path_per_sec": 230.95187400236318,
      "dir_changes_per_sec": 0.8396918695922019,
      "active_fraction": 0.3103448275862069,
      "median_duration_s": 27.959
    },
    "p012": {
      "n_trials": 59,
      "events_per_sec": 9.440505548705302,
      "path_per_sec": 128.92755891850493,
      "dir_changes_per_sec": 0.46915317851278443,
      "active_fraction": 0.2138728323699422,
      "median_duration_s": 19.713
    },
    "p013": {
      "n_trials": 60,
      "events_per_sec": 44.43546967937212,
      "path_per_sec": 224.9213811182306,
      "dir_changes_per_sec": 0.5417821324403915,
      "active_fraction": 0.6594202898550725,
      "median_duration_s": 3.1915
    },
    "p014": {
      "n_trials": 60,
      "events_per_sec": 8.01196783689132,
      "path_per_sec": 142.122326648983,
      "dir_changes_per_sec": 0.39323485816281567,
      "active_fraction": 0.16766826923076922,
      "median_duration_s": 19.6005
    },
    "p015": {
      "n_trials": 60,
      "events_per_sec": 32.89462375616002,
      "path_per_sec": 215.37320948770875,
      "dir_changes_per_sec": 1.1881768941461566,
      "active_fraction": 0.5904977375565611,
      "median_duration_s": 20.5435
    },
    "p016": {
      "n_trials": 59,
      "events_per_sec": 8.943574177462192,
      "path_per_sec": 108.03898733900928,
      "dir_changes_per_sec": 0.48783131877066505,
      "active_fraction": 0.17142857142857143,
      "median_duration_s": 14.528
    },
    "p017": {
      "n_trials": 60,
      "events_per_sec": 13.770350713619738,
      "path_per_sec": 199.3123330059497,
      "dir_changes_per_sec": 0.544888455111878,
      "active_fraction": 0.23765182186234818,
      "median_duration_s": 8.8105
    },
    "p018": {
      "n_trials": 58,
      "events_per_sec": 12.280732884771712,
      "path_per_sec": 116.26818491756984,
      "dir_changes_per_sec": 0.4259710294015316,
      "active_fraction": 0.25238988653622796,
      "median_duration_s": 12.1475
    },
    "p019": {
      "n_trials": 59,
      "events_per_sec": 28.93483633733197,
      "path_per_sec": 260.58578412864756,
      "dir_changes_per_sec": 1.685226183788785,
      "active_fraction": 0.45864661654135336,
      "median_duration_s": 18.247
    },
    "p020": {
      "n_trials": 59,
      "events_per_sec": 7.947844559205948,
      "path_per_sec": 92.08886122912155,
      "dir_changes_per_sec": 0.33772374197906113,
      "active_fraction": 0.17058823529411765,
      "median_duration_s": 32.783
    },
    "p021": {
      "n_trials": 60,
      "events_per_sec": 10.705578123775378,
      "path_per_sec": 148.25007800415625,
      "dir_changes_per_sec": 0.3745703119276197,
      "active_fraction": 0.2188943894389439,
      "median_duration_s": 18.7395
    },
    "p022": {
      "n_trials": 59,
      "events_per_sec": 22.867904223836426,
      "path_per_sec": 130.51588447249839,
      "dir_changes_per_sec": 0.46264168401572975,
      "active_fraction": 0.35,
      "median_duration_s": 7.959
    },
    "p023": {
      "n_trials": 60,
      "events_per_sec": 15.07550484297061,
      "path_per_sec": 202.04123199899192,
      "dir_changes_per_sec": 0.6510862715742374,
      "active_fraction": 0.24400345125107853,
      "median_duration_s": 10.123000000000001
    },
    "p024": {
      "n_trials": 60,
      "events_per_sec": 13.66096849395594,
      "path_per_sec": 171.02076896930004,
      "dir_changes_per_sec": 0.7634893597150132,
      "active_fraction": 0.28703182202196564,
      "median_duration_s": 14.773
    },
    "p025": {
      "n_trials": 58,
      "events_per_sec": 20.071700645118273,
      "path_per_sec": 213.80587001974322,
      "dir_changes_per_sec": 0.7360523037644078,
      "active_fraction": 0.3691337258200168,
      "median_duration_s": 12.72
    },
    "p026": {
      "n_trials": 52,
      "events_per_sec": 55.30857545843411,
      "path_per_sec": 469.8057744779428,
      "dir_changes_per_sec": 2.669341728229104,
      "active_fraction": 0.6695454545454546,
      "median_duration_s": 3.6905
    },
    "p027": {
      "n_trials": 60,
      "events_per_sec": 14.8642864165095,
      "path_per_sec": 130.3288106906212,
      "dir_changes_per_sec": 0.5900419605603472,
      "active_fraction": 0.27140124342419897,
      "median_duration_s": 12.839500000000001
    },
    "p028": {
      "n_trials": 60,
      "events_per_sec": 15.898660430723389,
      "path_per_sec": 158.66258223998267,
      "dir_changes_per_sec": 0.890843853127145,
      "active_fraction": 0.3156008300320694,
      "median_duration_s": 26.603
    },
    "p029": {
      "n_trials": 60,
      "events_per_sec": 35.48135920784115,
      "path_per_sec": 205.84397792764605,
      "dir_changes_per_sec": 1.1616498766031476,
      "active_fraction": 0.5317275747508305,
      "median_duration_s": 5.895
    },
    "p030": {
      "n_trials": 60,
      "events_per_sec": 23.470352167727782,
      "path_per_sec": 133.8052157384273,
      "dir_changes_per_sec": 0.929511674721637,
      "active_fraction": 0.4104794520547945,
      "median_duration_s": 7.074999999999999
    },
    "p031": {
      "n_trials": 60,
      "events_per_sec": 30.179146622319912,
      "path_per_sec": 276.0186695061782,
      "dir_changes_per_sec": 1.1765988894880097,
      "active_fraction": 0.5223374551256481,
      "median_duration_s": 8.322
    },
    "p032": {
      "n_trials": 60,
      "events_per_sec": 51.55720364552788,
      "path_per_sec": 184.59975248901702,
      "dir_changes_per_sec": 0.9463375409637091,
      "active_fraction": 0.7940900562851783,
      "median_duration_s": 6.3629999999999995
    },
    "p033": {
      "n_trials": 60,
      "events_per_sec": 28.688183029563817,
      "path_per_sec": 246.84733683120976,
      "dir_changes_per_sec": 1.1923400027463873,
      "active_fraction": 0.4896005509641873,
      "median_duration_s": 13.019
    },
    "p034": {
      "n_trials": 59,
      "events_per_sec": 14.568546880836756,
      "path_per_sec": 197.39461957492108,
      "dir_changes_per_sec": 0.5895067793279624,
      "active_fraction": 0.2863636363636364,