{
  "participants": {
    "p004": {
      "n_trials": 59,
      "median_lag_ms": -950.0,
      "lag_sd": 1334.3402666267798,
      "median_tti_s": 5.942,
      "regression_rate": 0.5423728813559322,
      "mean_fixations": 69.98305084745763,
      "mean_duration_s": 18.827406779661015,
      "mean_click_pos": 5.513446327683615,
      "mean_lhipa": 0.05088632793511847,
      "mean_orientation_ms": 0.0
    },
    "p005": {
      "n_trials": 60,
      "median_lag_ms": -675.0,
      "lag_sd": 1222.8754251989676,
      "median_tti_s": 4.052,
      "regression_rate": 0.9166666666666666,
      "mean_fixations": 100.23333333333333,
      "mean_duration_s": 25.890666666666668,
      "mean_click_pos": 4.595333333333333,
      "mean_lhipa": 0.037500396185711445,
      "mean_orientation_ms": 0.0
    },
    "p006": {
      "n_trials": 60,
      "median_lag_ms": -500.0,
      "lag_sd": 1330.7265286070326,
      "median_tti_s": 7.366,
      "regression_rate": 0.7666666666666667,
      "mean_fixations": 106.75,
      "mean_duration_s": 25.783683333333336,
      "mean_click_pos": 5.118888888888889,
      "mean_lhipa": 0.04440055334167827,
      "mean_orientation_ms": 0.0
    },
    "p007": {
      "n_trials": 58,
      "median_lag_ms": 0.0,
      "lag_sd": 1444.5271681750119,
      "median_tti_s": 6.2485,
      "regression_rate": 0.7586206896551724,
      "mean_fixations": 94.60344827586206,
      "mean_duration_s": 37.26468965517242,
      "mean_click_pos": 6.793448275862069,
      "mean_lhipa": 0.03621329241579489,
      "mean_orientation_ms": 0.0
    },
    "p008": {
      "n_trials": 58,
      "median_lag_ms": -800.0,
      "lag_sd": 1360.6791250444567,
      "median_tti_s": 9.484,
      "regression_rate": 0.3275862068965517,
      "mean_fixations": 94.60344827586206,
      "mean_duration_s": 27.364758620689653,
      "mean_click_pos": 4.005747126436781,
      "mean_lhipa": 0.03774556728859663,
      "mean_orientation_ms": 0.0
    },
    "p009": {
      "n_trials": 59,
      "median_lag_ms": -450.0,
      "lag_sd": 1239.3557138545605,
      "median_tti_s": 5.423,
      "regression_rate": 0.9830508474576272,
      "mean_fixations": 140.64406779661016,
      "mean_duration_s": 41.93300000000001,
      "mean_click_pos": 4.073333333333333,
      "mean_lhipa": 0.03510502834350219,
      "mean_orientation_ms": 0.0
    },
    "p010": {
      "n_trials": 60,
      "median_lag_ms": 925.0,
      "lag_sd": 1355.743697098468,
      "median_tti_s": 4.646,
      "regression_rate": 0.75,
      "mean_fixations": 86.76666666666667,
      "mean_duration_s": 22.742833333333333,
      "mean_click_pos": 6.664666666666665,
      "mean_lhipa": 0.038122316078446454,
      "mean_orientation_ms": 0.0
    },
    "p011": {
      "n_trials": 59,
      "median_lag_ms": -450.0,
      "lag_sd": 1408.643343822275,
      "median_tti_s": 6.906,
      "regression_rate": 0.9322033898305084,
      "mean_fixations": 144.77966101694915,
      "mean_duration_s": 31.73286440677966,
      "mean_click_pos": 6.578983050847459,
      "mean_lhipa": 0.03770019656531415,
      "mean_orientation_ms": 0.0
    },
    "p012": {
      "n_trials": 59,
      "median_lag_ms": -400.0,
      "lag_sd": 1556.181897176077,
      "median_tti_s": 5.4915,
      "regression_rate": 0.8135593220338984,
      "mean_fixations": 98.10169491525424,
      "mean_duration_s": 23.166271186440678,
      "mean_click_pos": 5.687118644067796,
      "mean_lhipa": 0.04408685697236138,
      "mean_orientation_ms": 0.0
    },
    "p013": {
      "n_trials": 60,
      "median_lag_ms": -1125.0,
      "lag_sd": 587.8982101993129,
      "median_tti_s": 1.939,
      "regression_rate": 0.03333333333333333,
      "mean_fixations": 23.183333333333334,
      "mean_duration_s": 5.68935,
      "mean_click_pos": 4.078777777777778,
      "mean_lhipa": 0.07514296663831638,
      "mean_orientation_ms": 0.0
    },
    "p014": {
      "n_trials": 60,
      "median_lag_ms": 250.0,
      "lag_sd": 1544.5324715121906,
      "median_tti_s": 6.777,
      "regression_rate": 0.5333333333333333,
      "mean_fixations": 117.55,
      "mean_duration_s": 25.169433333333334,
      "mean_click_pos": 6.868,
      "mean_lhipa": 0.04339392362002825,
      "mean_orientation_ms": 0.0
    },
    "p015": {
      "n_trials": 60,
      "median_lag_ms": -825.0,
      "lag_sd": 1080.3471664238307,
      "median_tti_s": 4.3315,
      "regression_rate": 0.8333333333333334,
      "mean_fixations": 112.75,
      "mean_duration_s": 24.661466666666666,
      "mean_click_pos": 5.6371111111111105,
      "mean_lhipa": 0.03834423156103612,
      "mean_orientation_ms": 0.0
    },
    "p016": {
      "n_trials": 59,
      "median_lag_ms": -700.0,
      "lag_sd": 1482.0437330372401,
      "median_tti_s": 6.2645,
      "regression_rate": 0.5084745762711864,
      "mean_fixations": 67.54237288135593,
      "mean_duration_s": 20.76520338983051,
      "mean_click_pos": 5.064180790960451,
      "mean_lhipa": 0.04566531700885047,
      "mean_orientation_ms": 0.0
    },
    "p017": {
      "n_trials": 60,
      "median_lag_ms": -1575.0,
      "lag_sd": 1509.1524019204364,
      "median_tti_s": 4.9405,
      "regression_rate": 0.2,
      "mean_fixations": 41.15,
      "mean_duration_s": 11.509400000000003,
      "mean_click_pos": 6.546000000000001,
      "mean_lhipa": 0.06413144850568468,
      "mean_orientation_ms": 0.0
    },
    "p018": {
      "n_trials": 58,
      "median_lag_ms": -350.0,
      "lag_sd": 1431.7159262438086,
      "median_tti_s": 13.871,
      "regression_rate": 0.3793103448275862,
      "mean_fixations": 97.29310344827586,
      "mean_duration_s": 27.042051724137927,
      "mean_click_pos": 4.9513793103448265,
      "mean_lhipa": 0.03759319411329069,
      "mean_orientation_ms": 0.0
    },
    "p019": {
      "n_trials": 59,
      "median_lag_ms": -300.0,
      "lag_sd": 928.5645466028191,
      "median_tti_s": 4.6865,
      "regression_rate": 0.6440677966101694,
      "mean_fixations": 83.16949152542372,
      "mean_duration_s": 23.499288135593222,
      "mean_click_pos": 5.866436781609195,
      "mean_lhipa": 0.048808407569777154,
      "mean_orientation_ms": 0.0
    },
    "p020": {
      "n_trials": 59,
      "median_lag_ms": -1150.0,
      "lag_sd": 1272.4067588899966,
      "median_tti_s": 11.015,
      "regression_rate": 0.6440677966101694,
      "mean_fixations": 157.8135593220339,
      "mean_duration_s": 38.61832203389831,
      "mean_click_pos": 6.88813559322034,
      "mean_lhipa": 0.035297452000073275,
      "mean_orientation_ms": 0.0
    },
    "p021": {
      "n_trials": 60,
      "median_lag_ms": -1825.0,
      "lag_sd": 1395.1749279810983,
      "median_tti_s": 5.937,
      "regression_rate": 0.55,
      "mean_fixations": 95.08333333333333,
      "mean_duration_s": 23.668783333333334,
      "mean_click_pos": 6.770333333333334,
      "mean_lhipa": 0.04319017517317823,
      "mean_orientation_ms": 0.0
    },
    "p022": {
      "n_trials": 60,
      "median_lag_ms": -1275.0,
      "lag_sd": 1166.8437365626794,
      "median_tti_s": 6.463,
      "regression_rate": 0.2,
      "mean_fixations": 62.78333333333333,
      "mean_duration_s": 15.88035,
      "mean_click_pos": 5.504999999999999,
      "mean_lhipa": 0.05766880942833559,
      "mean_orientation_ms": 0.0
    },
    "p023": {
      "n_trials": 60,
      "median_lag_ms": -850.0,
      "lag_sd": 853.7706399001758,
      "median_tti_s": 1.164,
      "regression_rate": 0.5833333333333334,
      "mean_fixations": 25.866666666666667,
      "mean_duration_s": 11.826433333333334,
      "mean_click_pos": 4.525333333333334,
      "mean_lhipa": 0.0664999564177172,
      "mean_orientation_ms": 0.0
    },
    "p024": {
      "n_trials": 60,
      "median_lag_ms": 375.0,
      "lag_sd": 1456.8907150351242,
      "median_tti_s": 3.066,
      "regression_rate": 0.6666666666666666,
      "mean_fixations": 59.71666666666667,
      "mean_duration_s": 17.650800000000004,
      "mean_click_pos": 6.496,