{
  "n": 47,
  "mean": 0.723836604314218,
  "median": 0.7277777777777777,
  "std": 0.1254415734762876,
  "min": 0.45806451612903226,
  "max": 0.9347826086956522,
  "q25": 0.6397058823529411,
  "q75": 0.818918918918919,
  "iqr": 0.17921303656597787,
  "skewness": -0.1530392649263456,
  "kurtosis_excess": -0.8370826556625026,
  "simple_dip_stat": 0.14557668713505884,
  "shapiro_W": 0.968560160834128,
  "shapiro_p": 0.2333696277075243,
  "gmm": {
    "k1": {
      "bic": -55.06630102905103,
      "aic": -58.76659623247115,
      "log_likelihood": 31.383298116235576,
      "means": [
        0.7238366043142184
      ],
      "stds": [
        0.1241039427413454
      ],
      "weights": [
        1.0
      ]
    },
    "k2": {
      "bic": -45.72352820379137,
      "aic": -54.97426621234166,
      "log_likelihood": 32.48713310617083,
      "means": [
        0.6347637199107438,
        0.8210380238464453
      ],
      "stds": [
        0.08721782182384011,
        0.07616978851952179
      ],
      "weights": [
        0.5218187236699022,
        0.47818127633009766
      ]
    },
    "delta_bic_k1_minus_k2": -9.342772825259665,
    "preferred": "k1"
  }
}