{
  "attribution": "typed",
  "n_records_total": 16653,
  "n_paired": 2652,
  "obs_level": {
    "mean_delta": -7.972834569014484e-05,
    "median_delta": 8.187834794038388e-06,
    "pct_negative": 48.56711915535445,
    "p_two_sided": 0.16395973100013417,
    "p_less_than_zero": 0.9180201344999329,
    "p_greater_than_zero": 0.08197986550006708
  },
  "participant_level": {
    "n_participants": 46,
    "mean_of_means_delta": -3.333433909845151e-05,
    "median_of_means_delta": -6.462674558065878e-06,
    "pct_negative": 56.52173913043478,
    "p_two_sided": 0.4350899118340976,
    "p_less_than_zero": 0.2175449559170488
  },
  "per_rank": {
    "0": {
      "n": 976,
      "median_delta": -3.58491861542228e-05,
      "mean_delta": 2.802822574434182e-05,
      "pct_negative": 55.635245901639344,
      "p_two_sided": 0.00021135994438484826,
      "p_less_than_zero": 0.00010567997219242413
    },
    "1": {
      "n": 544,
      "median_delta": 2.126199404919448e-05,
      "mean_delta": 9.513728219597668e-05,
      "pct_negative": 46.32352941176471,
      "p_two_sided": 0.023572544385405896,
      "p_less_than_zero": 0.9882137278072971
    },
    "2": {
      "n": 355,
      "median_delta": 3.369273288034115e-05,
      "mean_delta": 9.938694493356799e-06,
      "pct_negative": 40.845070422535215,
      "p_two_sided": 0.011875064574288071,
      "p_less_than_zero": 0.994062467712856
    },
    "3": {
      "n": 258,
      "median_delta": -3.1413837210403847e-06,
      "mean_delta": -0.001204387422571109,
      "pct_negative": 50.3875968992248,
      "p_two_sided": 0.393154338116971,
      "p_less_than_zero": 0.8034228309415146
    },
    "4": {
      "n": 212,
      "median_delta": 3.5315516743321374e-05,
      "mean_delta": 3.465441456619869e-05,
      "pct_negative": 42.45283018867924,
      "p_two_sided": 0.010781712713925612,
      "p_less_than_zero": 0.9946091436430372
    },
    "5": {
      "n": 98,
      "median_delta": 0.00010163299861929622,
      "mean_delta": 0.00014684672410867827,
      "pct_negative": 35.714285714285715,
      "p_two_sided": 0.022801265553363363,
      "p_less_than_zero": 0.9885993672233183
    },
    "6": {
      "n": 69,
      "median_delta": 4.013982794715898e-05,
      "mean_delta": -8.94218749298366e-05,
      "pct_negative": 39.130434782608695,
      "p_two_sided": 0.13576545380935756,
      "p_less_than_zero": 0.9321172730953212
    },
    "7": {
      "n": 46,
      "median_delta": 6.893238677807597e-06,
      "mean_delta": -7.9206730331217e-05,
      "pct_negative": 47.82608695652174,
      "p_two_sided": 0.8625543424075204,
      "p_less_than_zero": 0.5729720988010172
    },
    "8": {
      "n": 35,
      "median_delta": 1.715171168063551e-05,
      "mean_delta": 9.390946758925524e-05,
      "pct_negative": 42.857142857142854,
      "p_two_sided": 0.2317970542353578,
      "p_less_than_zero": 0.8872852129861712
    },
    "9": {
      "n": 20,
      "median_delta": -7.31587128635385e-06,
      "mean_delta": 9.220989620151154e-06,
      "pct_negative": 55.00000000000001,
      "p_two_sided": 0.7285060882568359,
      "p_less_than_zero": 0.36425304412841797
    },
    "10": {
      "n": 15,
      "median_delta": 7.079040181304306e-06,
      "mean_delta": 5.6899816729449843e-05,
      "pct_negative": 46.666666666666664,
      "p_two_sided": 0.5614013671875,
      "p_less_than_zero": 0.737762451171875
    },
    "11": {
      "n": 17,
      "median_delta": 5.4541565651237674e-05,
      "mean_delta": -9.28539842151735e-06,
      "pct_negative": 47.05882352941176,
      "p_two_sided": 0.7466583251953125,
      "p_less_than_zero": 0.37332916259765625
    }
  }
}