{
  "attributions": {
    "absolute": {
      "n_trials": 2229,
      "median": 1,
      "mean": 1.4104979811574698,
      "p25": 1,
      "p75": 2,
      "distribution": {
        "-1": 6,
        "0": 315,
        "1": 992,
        "2": 700,
        "3": 168,
        "4": 23,
        "5": 9,
        "6": 6,
        "7": 4,
        "8": 3,
        "9": 1,
        "10": 2
      }
    },
    "organic": {
      "n_trials": 2229,
      "median": 0,
      "mean": 0.5271422162404665,
      "p25": -1,
      "p75": 1,
      "distribution": {
        "-1": 576,
        "0": 797,
        "1": 400,
        "2": 231,
        "3": 115,
        "4": 63,
        "5": 23,
        "6": 7,
        "7": 6,
        "8": 7,
        "9": 3,
        "10": 1
      }
    },
    "organic_hybrid": {
      "n_trials": 2229,
      "median": 2,
      "mean": 1.8784208165096457,
      "p25": 1,
      "p75": 3,
      "distribution": {
        "-1": 1,
        "0": 317,
        "1": 762,
        "2": 534,
        "3": 317,
        "4": 192,
        "5": 65,
        "6": 17,
        "7": 8,
        "8": 5,
        "9": 5,
        "11": 3,
        "12": 2,
        "14": 1
      }
    },
    "typed": {
      "n_trials": 2229,
      "median": 2,
      "mean": 1.8788694481830417,
      "p25": 1,
      "p75": 3,
      "distribution": {
        "-1": 1,
        "0": 317,
        "1": 762,
        "2": 534,
        "3": 317,
        "4": 192,
        "5": 65,
        "6": 17,
        "7": 8,
        "8": 5,
        "9": 5,
        "11": 2,
        "12": 3,
        "14": 1
      }
    }
  },
  "n_common_trials": 2229,
  "by_hybrid_p0_etype": {
    "dd_top": {
      "absolute": {
        "n": 1306,
        "median": 1,
        "mean": 1.268759571209801,
        "p25": 1,
        "p75": 2
      },
      "organic": {
        "n": 1306,
        "median": 0,
        "mean": 0.08039816232771822,
        "p25": -1,
        "p75": 0
      },
      "organic_hybrid": {
        "n": 1306,
        "median": 1,
        "mean": 1.4724349157733538,
        "p25": 1,
        "p75": 2
      },
      "typed": {
        "n": 1306,
        "median": 1,
        "mean": 1.4732006125574273,
        "p25": 1,
        "p75": 2
      }
    },
    "native_ad": {
      "absolute": {
        "n": 452,
        "median": 1,
        "mean": 1.4115044247787611,
        "p25": 1,
        "p75": 2
      },
      "organic": {
        "n": 452,
        "median": 0,
        "mean": 0.06637168141592921,
        "p25": -1,
        "p75": 1
      },
      "organic_hybrid": {
        "n": 452,
        "median": 3,
        "mean": 2.646017699115044,
        "p25": 1,
        "p75": 4
      },
      "typed": {
        "n": 452,
        "median": 3,
        "mean": 2.646017699115044,
        "p25": 1,
        "p75": 4
      }
    },
    "organic": {
      "absolute": {
        "n": 459,
        "median": 2,
        "mean": 1.7821350762527233,
        "p25": 1,
        "p75": 2
      },
      "organic": {
        "n": 459,
        "median": 2,
        "mean": 2.2026143790849675,
        "p25": 1,
        "p75": 3
      },
      "organic_hybrid": {
        "n": 459,
        "median": 2,
        "mean": 2.2265795206971677,
        "p25": 1,
        "p75": 3
      },
      "typed": {
        "n": 459,
        "median": 2,
        "mean": 2.2265795206971677,
        "p25": 1,
        "p75": 3
      }
    },
    "unknown": {
      "absolute": {
        "n": 12,
        "median": 2,
        "mean": 2.5833333333333335,
        "p25": 1,
        "p75": 3
      },
      "organic": {
        "n": 12,
        "median": 1,
        "mean": 2.4166666666666665,
        "p25": 0,
        "p75": 4
      },
      "organic_hybrid": {
        "n": 12,
        "median": 3,
        "mean": 3.8333333333333335,
        "p25": 2,
        "p75": 5
      },
      "typed": {
        "n": 12,
        "median": 3,
        "mean": 3.8333333333333335,
        "p25": 2,
        "p75": 5
      }
    }
  }
}