trial_id,onset_rule,approach_ms,press_ms,onset_ms,earlier_matched_s,earlier_gaze_on_cursor_off_pct_matched,approach_matched_s,approach_gaze_on_cursor_off_pct_matched
p004-b1-t1,local_max,3372,1671196604653,1671196601281,1.439,26.40722724113968,1.786,39.193729003359465
p004-b1-t10,local_max,1797,1671196831498,1671196829701,6.192,3.439922480620155,1.224,44.19934640522876
p004-b1-t2,median_fallback,2241,1671196630682,1671196628441,0.285,100.0,1.587,2.58349086326402
p004-b1-t3,median_fallback,986,1671196653933,1671196652947,0.0,,0.798,19.674185463659146
p004-b1-t4,median_fallback,493,1671196673517,1671196673024,0.274,100.0,0.267,0.0
p004-b1-t5,local_max,1629,1671196704181,1671196702552,4.999,31.40628125625125,1.231,10.804224207961008
p004-b1-t6,median_fallback,1799,1671196729936,1671196728137,0.178,100.0,1.387,11.968276856524874
p004-b1-t7,median_fallback,429,1671196748242,1671196747813,0.252,20.634920634920636,0.424,0.0
p004-b1-t8,median_fallback,827,1671196769866,1671196769039,0.314,0.0,0.691,0.0
p004-b1-t9,local_max,12682,1671196803313,1671196790631,3.17,0.0,2.331,27.06992706992707
p004-b2-t1,median_fallback,644,1671197045321,1671197044677,0.234,2.5641025641025643,0.586,1.7064846416382253
p004-b2-t10,local_max,3412,1671197368613,1671197365201,8.445,16.69626998223801,1.911,0.0
p004-b2-t2,local_max,1731,1671197073599,1671197071868,5.065,15.360315893385982,1.343,0.0
p004-b2-t3,local_max,1839,1671197107278,1671197105439,1.612,0.0,1.193,35.37300922045264
p004-b2-t4,local_max,875,1671197134187,1671197133312,0.614,33.876221498371336,0.58,0.0
p004-b2-t5,local_max,1572,1671197181837,1671197180265,5.453,39.262791124151846,1.166,0.0
p004-b2-t6,local_max,3028,1671197225761,1671197222733,10.101,12.058212058212058,1.19,23.277310924369747
p004-b2-t7,median_fallback,491,1671197260262,1671197259771,1.701,76.48442092886538,0.289,5.190311418685121
p004-b2-t8,local_max,1396,1671197287074,1671197285678,1.362,100.0,1.033,7.55082284607938
p004-b2-t9,local_max,3008,1671197334842,1671197331834,11.316,7.5556733828207845,2.063,39.89335918565196
p004-b3-t1,local_max,3459,1671197570690,1671197567231,1.346,32.986627043090635,2.157,1.4371812702828002
p004-b3-t10,local_max,1192,1671197909739,1671197908547,8.363,15.96317111084539,0.899,50.16685205784205
p004-b3-t2,local_max,3620,1671197611268,1671197607648,2.811,84.56065457132694,2.359,9.36837643069097
p004-b3-t3,local_max,12606,1671197638866,1671197626260,0.01,0.0,3.632,2.8083700440528636
p004-b3-t4,local_max,2462,1671197692485,1671197690023,0.237,0.0,1.368,0.0
p004-b3-t5,local_max,3061,1671197738635,1671197735574,7.757,6.00747711744231,1.804,0.0
p004-b3-t6,local_max,780,1671197779939,1671197779159,2.004,97.60479041916167,0.76,0.0
p004-b3-t7,local_max,11689,1671197816074,1671197804385,2.878,50.93815149409312,2.922,5.441478439425051
p004-b3-t8,local_max,5238,1671197845928,1671197840690,4.571,7.306935025158609,2.35,41.02127659574468
p004-b4-t1,local_max,1471,1671198148589,1671198147118,0.314,0.0,1.02,0.0
p004-b4-t10,local_max,3844,1671198483329,1671198479485,5.452,0.0,1.919,17.61334028139656
p004-b4-t2,median_fallback,3549,1671198172468,1671198168919,2.565,0.0,1.799,24.73596442468038
p004-b4-t3,local_max,9668,1671198213499,1671198203831,6.584,6.713244228432564,3.05,4.557377049180328
p004-b4-t4,local_max,7392,1671198239430,1671198232038,1.19,0.0,1.679,6.4324002382370455
p004-b4-t5,local_max,21481,1671198284158,1671198262677,0.41,0.0,2.744,0.0
p004-b4-t6,local_max,7153,1671198320097,1671198312944,4.271,2.3179583235776167,2.502,0.0
p004-b4-t7,local_max,765,1671198356555,1671198355790,3.207,6.049267227938883,0.551,0.0
p004-b4-t8,local_max,4247,1671198407376,1671198403129,4.465,12.721164613661815,3.298,0.0
p004-b4-t9,local_max,576,1671198451039,1671198450463,14.595,5.851318944844125,0.188,0.0
p004-b5-t1,median_fallback,475,1671198729007,1671198728532,0.126,0.0,0.234,0.0
p004-b5-t10,median_fallback,601,1671198985430,1671198984829,0.286,41.95804195804196,0.422,0.0
p004-b5-t2,local_max,1242,1671198763675,1671198762433,3.726,8.239398819108963,0.859,14.90104772991851
p004-b5-t3,local_max,1569,1671198792011,1671198790442,1.767,0.0,1.11,21.71171171171171
p004-b5-t4,median_fallback,448,1671198810678,1671198810230,0.327,36.08562691131498,0.322,0.0
p004-b5-t5,local_max,1245,1671198835724,1671198834479,3.61,17.34072022160665,0.755,31.39072847682119
p004-b5-t6,median_fallback,6071,1671198865558,1671198859487,1.787,37.66088416340235,2.766,0.0
p004-b5-t7,median_fallback,869,1671198885582,1671198884713,1.825,15.616438356164384,0.75,0.0
p004-b5-t8,local_max,4761,1671198927210,1671198922449,6.349,0.09450307134981886,3.549,4.1420118343195265
p004-b5-t9,local_max,1167,1671198954572,1671198953405,5.134,24.11375146084924,0.886,26.297968397291196
p004-b6-t1,median_fallback,561,1671199154964,1671199154403,0.183,0.0,0.186,0.0
p004-b6-t10,local_max,3826,1671199390386,1671199386560,6.644,1.9566526189042746,2.338,30.367835757057314
p004-b6-t2,local_max,3448,1671199192572,1671199189124,1.574,51.65184243964422,2.435,0.0
p004-b6-t3,local_max,6831,1671199228811,1671199221980,4.588,9.45945945945946,3.327,0.0
p004-b6-t4,median_fallback,1250,1671199248604,1671199247354,1.836,63.23529411764706,0.885,13.333333333333334
p004-b6-t5,median_fallback,912,1671199269810,1671199268898,1.212,0.0,0.565,0.0
p004-b6-t6,median_fallback,1027,1671199289587,1671199288560,1.036,29.343629343629345,0.785,8.280254777070065
p004-b6-t7,median_fallback,395,1671199310011,1671199309616,0.127,0.0,0.32,0.0
p004-b6-t8,local_max,5097,1671199330907,1671199325810,0.106,0.0,1.891,8.93707033315706
p004-b6-t9,median_fallback,1821,1671199352589,1671199350768,0.776,94.84536082474227,1.533,3.3268101761252447
p005-b1-t1,local_max,6785,1671203787083,1671203780298,2.866,0.0,2.712,14.196165191740413
p005-b1-t10,local_max,1357,1671204132856,1671204131499,10.662,42.721815794410055,0.928,31.357758620689655
p005-b1-t2,local_max,7691,1671203822527,1671203814836,4.549,0.0,2.193,10.761513907888737
p005-b1-t3,local_max,2251,1671203860127,1671203857876,8.171,16.326031085546443,0.973,30.832476875642342
p005-b1-t4,local_max,1366,1671203896689,1671203895323,8.548,4.1881141787552645,0.924,45.12987012987013
p005-b1-t5,local_max,2130,1671203935641,1671203933511,9.272,16.544434857635892,0.958,16.38830897703549
p005-b1-t7,local_max,9540,1671204016113,1671204006573,4.713,14.788881816252918,0.862,0.0
p005-b1-t8,local_max,4441,1671204059148,1671204054707,8.067,16.276186934424196,3.417,5.355575065847234
p005-b1-t9,local_max,1824,1671204098188,1671204096364,8.425,5.258160237388724,1.301,8.378170637970792
p005-b2-t1,local_max,3659,1671204334549,1671204330890,7.968,0.8283132530120482,2.668,47.338830584707644
p005-b2-t10,median_fallback,8554,1671204705570,1671204697016,3.747,0.0,3.409,37.107656204165444
p005-b2-t2,local_max,2804,1671204378128,1671204375324,15.277,5.825751129148393,1.817,0.0
p005-b2-t3,local_max,8978,1671204413077,1671204404099,5.681,23.305756028868156,2.508,0.0
p005-b2-t4,local_max,4092,1671204456941,1671204452849,12.624,0.0,3.062,4.147615937295885
p005-b2-t5,local_max,7216,1671204494803,1671204487587,7.496,2.974919957310566,4.086,8.076358296622614
p005-b2-t6,local_max,3273,1671204539371,1671204536098,16.49,7.089144936325045,1.931,0.0
p005-b2-t7,local_max,6151,1671204585356,1671204579205,14.295,0.09793634137810424,4.54,0.0
p005-b2-t8,local_max,3724,1671204630813,1671204627089,11.248,17.798719772403985,2.858,0.5948215535339398
p005-b2-t9,local_max,4062,1671204672821,1671204668759,5.878,8.557332425995236,1.999,0.0
p005-b3-t1,local_max,1477,1671204869217,1671204867740,13.987,13.105026095660255,0.927,0.0
p005-b3-t10,local_max,3735,1671205245828,1671205242093,3.037,2.107342772472835,2.729,0.0
p005-b3-t2,local_max,3504,1671204920881,1671204917377,11.757,3.521306455728502,2.834,0.0
p005-b3-t3,local_max,1094,1671204960551,1671204959457,6.003,6.363484924204564,0.677,0.0
p005-b3-t4,local_max,1816,1671205008793,1671205006977,5.535,1.2466124661246611,0.881,16.00454029511918
p005-b3-t5,local_max,1321,1671205059230,1671205057909,10.193,48.5234965172177,0.793,40.605296343001264
p005-b3-t6,local_max,3233,1671205103844,1671205100611,8.343,0.0,2.238,0.0
p005-b3-t7,local_max,3956,1671205135129,1671205131173,5.704,0.0,1.794,0.0
p005-b3-t8,local_max,1545,1671205165462,1671205163917,6.092,0.0,1.258,0.0
p005-b3-t9,local_max,29507,1671205214252,1671205184745,0.842,0.0,1.838,16.430903155603918
p005-b4-t1,local_max,6697,1671205479139,1671205472442,9.639,9.295570079883806,5.007,0.0
p005-b4-t10,local_max,1572,1671205806818,1671205805246,6.026,0.0,1.007,25.620655412115195
p005-b4-t2,local_max,1836,1671205519961,1671205518125,7.934,16.486009579026973,1.307,33.05279265493497
p005-b4-t3,local_max,1900,1671205554504,1671205552604,3.843,0.0,1.438,46.31432545201669
p005-b4-t4,local_max,9701,1671205594095,1671205584394,4.267,9.327396297164285,1.941,0.0
p005-b4-t5,local_max,2449,1671205633917,1671205631468,7.997,0.0,1.757,5.634604439385316
p005-b4-t6,local_max,17915,1671205671381,1671205653466,2.694,22.420193021529325,5.579,15.361175837963792
p005-b4-t7,local_max,19252,1671205712492,1671205693240,2.891,0.0,2.064,7.025193798449612
p005-b4-t8,local_max,5394,1671205750696,1671205745302,8.318,7.441692714594854,3.306,4.869933454325468
p005-b4-t9,median_fallback,627,1671205773762,1671205773135,1.524,0.0,0.515,0.0
p005-b5-t1,local_max,9767,1671205957723,1671205947956,1.731,0.0,2.703,9.618941916389197
p005-b5-t10,median_fallback,14076,1671206279621,1671206265545,0.584,0.0,2.273,10.558732952045755
p005-b5-t2,local_max,2304,1671205998739,1671205996435,5.98,0.0,1.726,27.172653534183084
p005-b5-t3,local_max,9013,1671206035175,1671206026162,3.704,58.04535637149028,3.771,0.0
p005-b5-t4,local_max,880,1671206074997,1671206074117,2.394,0.0,0.812,18.96551724137931
p005-b5-t5,local_max,11160,1671206102983,1671206091823,1.18,0.0,2.277,0.0
p005-b5-t6,local_max,3171,1671206134580,1671206131409,4.951,11.290648353867905,2.042,8.32517140058766
p005-b5-t7,local_max,1604,1671206190260,1671206188656,11.478,6.8740198640878205,1.181,0.0
p005-b5-t8,local_max,1981,1671206222232,1671206220251,5.081,0.0,1.404,0.0
p005-b5-t9,local_max,3452,1671206248750,1671206245298,2.837,0.0,2.475,7.313131313131313
p005-b6-t1,local_max,3162,1671206572952,1671206569790,4.805,3.2049947970863686,2.377,0.0
p005-b6-t10,local_max,2764,1671206936761,1671206933997,12.034,17.999002825328237,1.899,6.477093206951027
p005-b6-t2,local_max,3271,1671206621177,1671206617906,13.889,0.0,1.903,0.0
p005-b6-t3,local_max,884,1671206652498,1671206651614,4.54,2.0704845814977975,0.84,0.0
p005-b6-t4,local_max,4457,1671206691592,1671206687135,3.65,0.0,0.375,0.0
p005-b6-t6,local_max,3420,1671206773391,1671206769971,7.066,0.0,2.482,0.0
p005-b6-t7,local_max,19556,1671206809201,1671206789645,0.188,0.0,6.544,0.0
p005-b6-t8,local_max,2826,1671206844057,1671206841231,6.929,3.0018761726078798,1.779,7.419898819561552
p005-b6-t9,local_max,36170,1671206896393,1671206860223,0.022,0.0,5.499,16.912165848336063
p006-b1-t1,local_max,1674,1671629448572,1671629446898,15.939,8.877595834117573,1.256,45.22292993630573
p006-b1-t10,local_max,2936,1671629840032,1671629837096,10.492,5.594738848646588,1.966,12.258392675483215
p006-b1-t2,local_max,903,1671629489286,1671629488383,11.754,18.563893142759913,0.74,0.0
p006-b1-t3,local_max,8728,1671629530468,1671629521740,1.281,7.884465261514442,3.129,11.53723234260147
p006-b1-t4,local_max,2433,1671629568820,1671629566387,2.782,25.017972681524082,1.409,0.0
p006-b1-t5,median_fallback,21065,1671629617124,1671629596059,2.489,0.0,2.242,0.0
p006-b1-t6,local_max,10593,1671629672482,1671629661889,7.368,9.649837133550488,4.646,62.41928540680155
p006-b1-t7,local_max,3035,1671629728436,1671629725401,3.524,30.476730987514188,2.397,0.0
p006-b1-t8,local_max,4153,1671629779817,1671629775664,8.736,18.017399267399266,1.738,13.003452243958574
p006-b2-t1,local_max,2914,1671630066743,1671630063829,14.37,7.453027139874739,2.117,0.0
p006-b2-t10,local_max,3130,1671630446871,1671630443741,10.3,3.533980582524272,2.612,0.0
p006-b2-t3,local_max,3688,1671630153358,1671630149670,8.584,2.4697110904007458,2.51,18.08764940239044
p006-b2-t4,local_max,827,1671630191984,1671630191157,5.919,12.113532691332995,0.662,39.879154078549846
p006-b2-t5,local_max,6424,1671630235838,1671630229414,5.438,50.55167340934167,4.453,0.0
p006-b2-t6,local_max,3601,1671630284038,1671630280437,13.627,4.513098994642988,2.494,0.0
p006-b2-t7,local_max,10091,1671630328920,1671630318829,8.846,9.936694551209586,5.21,13.550863723608446
p006-b2-t8,local_max,6072,1671630370893,1671630364821,4.588,3.204010462074978,3.004,4.826897470039947
p006-b2-t9,local_max,17673,1671630404446,1671630386773,0.121,0.0,8.636,13.80268642890227
p006-b3-t1,local_max,2016,1671630691411,1671630689395,6.349,0.0,1.566,0.0
p006-b3-t10,local_max,1443,1671631043996,1671631042553,6.839,2.5149875712823513,1.162,16.609294320137693
p006-b3-t2,local_max,14413,1671630738163,1671630723750,0.702,0.0,8.576,10.984141791044776
p006-b3-t3,median_fallback,3427,1671630774318,1671630770891,1.3,0.0,1.804,0.0
p006-b3-t4,local_max,585,1671630801995,1671630801410,0.832,0.0,0.577,0.0
p006-b3-t7,local_max,1426,1671630932979,1671630931553,10.083,23.157790340176536,0.949,12.750263435194942
p006-b3-t8,local_max,2057,1671630960491,1671630958434,1.277,0.0,1.353,16.33407243163341
p006-b3-t9,local_max,15242,1671631011860,1671630996618,9.048,9.946949602122016,3.303,4.450499545867394
p006-b4-t1,local_max,3517,1671631160826,1671631157309,9.713,4.478533923607536,1.309,11.077158135981666
p006-b4-t10,local_max,1410,1671631548392,1671631546982,7.754,13.941191643022956,0.867,0.0
p006-b4-t2,median_fallback,2588,1671631183938,1671631181350,0.692,24.13294797687861,1.596,22.18045112781955
p006-b4-t3,local_max,11586,1671631243220,1671631231634,5.022,0.0,3.861,19.917119917119916
p006-b4-t5,local_max,9634,1671631337017,1671631327383,9.937,0.6138673643956929,3.717,61.339790153349476
p006-b4-t6,local_max,5847,1671631375809,1671631369962,4.781,0.0,3.722,13.272434175174638
p006-b4-t7,local_max,8011,1671631434962,1671631426951,15.484,11.327822268147765,2.733,16.90450054884742
p006-b4-t8,local_max,1353,1671631472689,1671631471336,3.587,55.61750766657374,0.897,0.0
p006-b4-t9,local_max,3282,1671631509946,1671631506664,4.894,9.072333469554557,2.102,0.0
p006-b5-t1,local_max,15452,1671632219621,1671632204169,4.352,0.0,2.907,0.0
p006-b5-t10,local_max,1249,1671632484952,1671632483703,2.496,34.294871794871796,0.933,0.0
p006-b5-t3,local_max,1849,1671632280364,1671632278515,3.761,3.0842860941239034,1.141,18.755477651183174
p006-b5-t4,median_fallback,508,1671632311205,1671632310697,1.998,0.0,0.313,0.0
p006-b5-t5,local_max,5258,1671632339197,1671632333939,0.015,100.0,2.42,15.661157024793388
p006-b5-t6,median_fallback,1458,1671632370235,1671632368777,1.716,57.634032634032636,1.175,0.0
p006-b5-t8,local_max,7589,1671632436411,1671632428822,9.129,4.4692737430167595,3.431,34.4797435150102
p006-b5-t9,local_max,7112,1671632460496,1671632453384,0.5,0.0,3.818,34.834992142482974
p006-b6-t1,local_max,861,1671632816963,1671632816102,2.196,19.854280510018214,0.642,19.937694704049843
p006-b6-t10,local_max,5339,1671633092356,1671633087017,11.749,19.45697506170738,3.574,0.0
p006-b6-t2,local_max,3102,1671632849126,1671632846024,7.014,20.402053036783574,1.286,0.0
p006-b6-t3,local_max,1150,1671632869716,1671632868566,1.262,0.0,0.677,47.41506646971935
p006-b6-t4,local_max,12089,1671632897684,1671632885595,0.039,0.0,2.564,9.67238689547582
p006-b6-t5,local_max,326,1671632920275,1671632919949,0.801,28.339575530586767,0.178,47.19101123595506
p006-b6-t6,local_max,1928,1671632953101,1671632951173,5.944,8.395020188425303,1.489,0.0
p006-b6-t7,local_max,6819,1671632986973,1671632980154,5.612,17.94369208838204,1.709,0.0
p006-b6-t8,local_max,6314,1671633018731,1671633012417,7.128,8.515712682379348,2.06,16.650485436893202
p006-b6-t9,local_max,1090,1671633046180,1671633045090,4.327,10.723364917957014,0.774,0.0
p007-b1-t1,local_max,1192,1671704037893,1671704036701,9.239,6.624093516614352,0.787,28.716645489199493
p007-b1-t10,local_max,1393,1671704470452,1671704469059,7.689,37.976329821823384,1.137,0.0
p007-b1-t2,local_max,8789,1671704081872,1671704073083,4.05,35.160493827160494,4.974,15.480498592681947
p007-b1-t3,local_max,1305,1671704119588,1671704118283,7.695,44.964262508122154,0.367,0.0
p007-b1-t4,local_max,13946,1671704165445,1671704151499,4.783,52.60296884800334,3.632,11.618942731277533
p007-b1-t5,local_max,14475,1671704219758,1671704205283,5.059,0.0,7.757,42.01366507670491
p007-b1-t6,local_max,2956,1671704275277,1671704272321,15.731,6.78914245756786,2.123,0.0
p007-b1-t7,local_max,22350,1671704320756,1671704298406,3.57,61.23249299719888,10.464,10.263761467889909
p007-b1-t8,local_max,4332,1671704373165,1671704368833,10.123,8.851131087622246,3.45,18.72463768115942
p007-b2-t1,local_max,5233,1671704667276,1671704662043,6.494,10.301817061903295,2.988,28.848728246318608
p007-b2-t10,local_max,11936,1671705145207,1671705133271,7.533,14.204168326032125,6.534,4.224058769513315
p007-b2-t2,local_max,2387,1671704704149,1671704701762,9.502,6.8511892233214065,1.524,4.2650918635170605
p007-b2-t3,local_max,3818,1671704742156,1671704738338,6.225,0.0,2.902,25.155065472088214
p007-b2-t4,local_max,2546,1671704789283,1671704786737,10.458,5.383438515968637,1.312,0.0
p007-b2-t5,local_max,1507,1671704858772,1671704857265,29.48,16.23134328358209,1.171,15.20068317677199
p007-b2-t6,local_max,4620,1671704909354,1671704904734,16.09,5.537600994406463,3.147,5.94216714331109
p007-b2-t7,local_max,6099,1671704966692,1671704960593,22.623,13.87525969146444,3.839,3.125814014066163
p007-b2-t9,local_max,1081,1671705103687,1671705102606,22.151,2.2707778429867727,0.85,9.294117647058824
p007-b3-t1,local_max,4485,1671705270740,1671705266255,11.741,0.0,2.711,6.1600885282183695
p007-b3-t10,local_max,843,1671705682124,1671705681281,21.591,5.39113519522023,0.669,0.0
p007-b3-t2,local_max,2561,1671705328165,1671705325604,21.099,3.9338357268116972,1.712,0.0
p007-b3-t3,local_max,3113,1671705389524,1671705386411,21.49,0.9958120055839925,2.441,53.87136419500205
p007-b3-t4,local_max,3760,1671705425540,1671705421780,10.411,15.109019306502738,3.081,12.625770853618954
p007-b3-t5,local_max,11147,1671705469853,1671705458706,4.93,12.352941176470589,2.945,9.67741935483871
p007-b3-t6,local_max,3441,1671705512797,1671705509356,11.762,36.736949498384625,1.899,12.638230647709321
p007-b3-t7,local_max,3745,1671705543331,1671705539586,8.906,61.01504603637997,2.949,18.175652763648696
p007-b3-t8,local_max,4734,1671705596612,1671705591878,22.161,13.30716122918641,1.7,0.8235294117647058
p007-b3-t9,local_max,1937,1671705626620,1671705624683,8.627,2.3298945172133996,1.534,0.0
p007-b4-t1,local_max,3569,1671705858611,1671705855042,8.37,32.951015531660694,1.893,48.01901743264659
p007-b4-t10,local_max,2505,1671706378070,1671706375565,34.366,6.570447535354711,1.431,0.0
p007-b4-t3,local_max,1566,1671706000571,1671705999005,20.261,8.084497310103155,0.743,0.0
p007-b4-t4,local_max,11095,1671706062898,1671706051803,23.992,13.975491830610203,5.51,0.0
p007-b4-t5,local_max,3129,1671706093983,1671706090854,6.394,34.48545511416953,2.491,10.036130068245685
p007-b4-t6,local_max,3903,1671706148236,1671706144333,24.456,6.423781485116127,1.74,30.74712643678161
p007-b4-t7,local_max,3797,1671706208090,1671706204293,24.731,9.025110185597024,2.474,14.187550525464834
p007-b4-t8,local_max,1185,1671706255942,1671706254757,14.643,4.9784880147510755,1.185,51.983122362869196
p007-b4-t9,local_max,3819,1671706303104,1671706299285,15.78,6.14702154626109,2.357,3.0123037759864233
p007-b5-t1,local_max,8681,1671706908443,1671706899762,13.499,0.0,3.61,0.44321329639889195
p007-b5-t10,local_max,14202,1671707370203,1671707356001,18.803,15.252885177897143,9.326,15.022517692472658
p007-b5-t2,local_max,4056,1671706937803,1671706933747,4.048,26.136363636363637,3.131,10.699457042478441
p007-b5-t3,local_max,2092,1671706991581,1671706989489,20.823,13.653171973298756,1.543,0.0
p007-b5-t4,local_max,17457,1671707043195,1671707025738,8.767,22.835633626097867,8.921,0.20177110189440645
p007-b5-t5,local_max,1214,1671707090636,1671707089422,14.527,4.887450953397122,0.482,1.2448132780082988
p007-b5-t6,local_max,4273,1671707160083,1671707155810,27.701,28.87260387711635,2.985,0.8375209380234506
p007-b5-t7,local_max,15995,1671707209948,1671707193953,9.99,10.37037037037037,7.425,0.0
p007-b5-t8,local_max,7123,1671707284701,1671707277578,27.591,6.462252183683085,2.0,49.45
p007-b5-t9,local_max,2705,1671707309603,1671707306898,4.949,27.13679531218428,1.373,37.509104151493084
p007-b6-t1,local_max,3218,1671707531507,1671707528289,23.248,15.992773571920166,2.433,0.0
p007-b6-t10,local_max,1151,1671707958560,1671707957409,10.333,11.051969418368335,0.82,28.414634146341463
p007-b6-t3,local_max,2340,1671707641411,1671707639071,8.549,0.0,0.913,0.0
p007-b6-t4,local_max,2893,1671707675666,1671707672773,11.517,6.130068594251975,1.932,3.8819875776397517
p007-b6-t5,local_max,2952,1671707731507,1671707728555,19.446,13.174946004319654,2.407,11.591192355629413
p007-b6-t6,local_max,2842,1671707794874,1671707792032,20.702,18.76147232151483,1.719,0.0
p007-b6-t7,local_max,4201,1671707856387,1671707852186,19.744,2.648905996758509,2.725,55.30275229357798
p007-b6-t8,local_max,3938,1671707887106,1671707883168,4.929,0.0,2.158,0.0
p007-b6-t9,local_max,5795,1671707923785,1671707917990,6.588,0.18214936247723132,3.422,0.0
p008-b1-t1,local_max,5530,1671716508979,1671716503449,11.997,58.272901558723014,3.546,0.0
p008-b1-t10,local_max,5633,1671717075690,1671717070057,11.709,21.863523785122556,4.236,17.32766761095373
p008-b1-t2,local_max,8439,1671716551746,1671716543307,8.445,1.6577856719952635,3.903,5.816038944401742
p008-b1-t3,local_max,4068,1671716624411,1671716620343,28.589,16.31746475917311,1.047,0.0
p008-b1-t4,local_max,8045,1671716694035,1671716685990,13.658,4.209986820910822,5.379,14.296337609221045
p008-b1-t6,local_max,17834,1671716829575,1671716811741,5.907,27.289656339935668,4.94,4.048582995951417
p008-b1-t9,local_max,4724,1671717034667,1671717029943,15.461,5.245456309423711,2.783,0.0
p008-b2-t1,local_max,1970,1671717286990,1671717285020,12.078,12.303361483689352,1.414,27.43988684582744
p008-b2-t10,local_max,3163,1671717646845,1671717643682,13.748,60.55426243817283,2.362,4.8264182895850976
p008-b2-t3,local_max,6612,1671717379268,1671717372656,7.419,40.760210270926,4.215,5.148279952550415
p008-b2-t4,local_max,4636,1671717426044,1671717421408,14.585,11.964346931779225,2.222,0.0
p008-b2-t5,local_max,2716,1671717458383,1671717455667,6.837,30.56896299546585,1.91,0.0
p008-b2-t6,local_max,1145,1671717495021,1671717493876,10.824,74.2609016999261,0.622,60.77170418006431
p008-b2-t7,local_max,2328,1671717531181,1671717528853,9.931,31.064343973416573,1.916,5.167014613778706
p008-b2-t9,local_max,1155,1671717605381,1671717604226,13.386,29.613028537277753,1.135,0.0
p008-b3-t1,local_max,4002,1671717754483,1671717750481,13.656,56.114528412419446,2.895,0.0
p008-b3-t3,local_max,3427,1671717841324,1671717837897,12.56,66.13057324840764,1.98,19.393939393939394
p008-b3-t4,local_max,3172,1671717887003,1671717883831,16.495,6.5292512882691724,1.741,0.0
p008-b3-t5,local_max,7731,1671717933114,1671717925383,15.654,78.57416634725949,5.841,24.122581749700394
p008-b3-t6,local_max,2613,1671717974530,1671717971917,15.125,7.292561983471074,2.029,0.0
p008-b3-t8,local_max,2253,1671718060258,1671718058005,13.028,20.340804421246546,1.699,21.247792819305474
p008-b4-t1,local_max,793,1671718269297,1671718268504,12.73,53.723487824037704,0.72,0.0
p008-b4-t10,local_max,2457,1671718621688,1671718619231,7.595,64.8584595128374,1.819,10.06047278724574
p008-b4-t2,local_max,4099,1671718302011,1671718297912,8.079,3.37913108057928,3.162,0.0
p008-b4-t3,local_max,7403,1671718342098,1671718334695,11.387,10.31878457890577,4.326,0.0
p008-b4-t4,local_max,3430,1671718383209,1671718379779,10.999,0.0,2.388,11.222780569514239
p008-b4-t5,local_max,2589,1671718416089,1671718413500,9.442,38.98538445244652,2.087,0.0
p008-b4-t7,local_max,4188,1671718495362,1671718491174,5.481,0.0,2.773,0.0
p008-b4-t8,local_max,3675,1671718534236,1671718530561,11.138,1.795654516071108,2.741,0.0
p008-b5-t1,local_max,6075,1671718784679,1671718778604,13.566,62.280701754385966,4.664,48.90651801029159
p008-b5-t10,local_max,2643,1671719111635,1671719108992,9.882,37.52276867030965,1.654,86.03385731559855
p008-b5-t2,local_max,2131,1671718822206,1671718820075,12.898,6.745231818886649,1.175,43.06382978723404
p008-b5-t3,local_max,5490,1671718863517,1671718858027,7.008,57.948059360730596,3.197,0.0
p008-b5-t4,local_max,1211,1671718894644,1671718893433,8.072,38.986620416253714,0.954,27.9874213836478
p008-b5-t5,local_max,11097,1671718938484,1671718927387,7.23,0.0,6.636,8.363471971066907
p008-b5-t6,local_max,2995,1671718973468,1671718970473,7.746,38.135812032016524,2.45,6.775510204081633
p008-b5-t7,local_max,3774,1671719009468,1671719005694,4.767,62.97461715963919,2.722,0.0
p008-b5-t8,local_max,3025,1671719044474,1671719041449,9.016,10.381543921916593,2.497,0.0
p008-b6-t1,local_max,3537,1671719451496,1671719447959,8.176,0.0,2.704,0.0
p008-b6-t10,local_max,2045,1671719773743,1671719771698,2.625,36.19047619047619,1.536,7.356770833333333
p008-b6-t2,local_max,3657,1671719488918,1671719485261,7.239,12.653681447713772,2.992,3.943850267379679
p008-b6-t3,local_max,1945,1671719520479,1671719518534,3.595,1.1126564673157162,1.595,11.473354231974922
p008-b6-t4,local_max,6244,1671719559983,1671719553739,11.364,51.52235128475889,4.595,11.49075081610446
p008-b6-t5,local_max,27922,1671719603303,1671719575381,0.535,0.0,4.151,5.637195856420139
p008-b6-t6,local_max,3273,1671719634552,1671719631279,6.51,12.058371735791091,2.567,0.0
p008-b6-t7,local_max,643,1671719666961,1671719666318,5.058,3.538948200869909,0.22,0.0
p008-b6-t9,local_max,5181,1671719739592,1671719734411,6.883,78.93360453290717,3.518,0.0
p009-b1-t1,local_max,1336,1671723202751,1671723201415,13.374,9.8100792582623,0.793,26.229508196721312
p009-b1-t2,local_max,1010,1671723259255,1671723258245,16.993,22.891778967810275,0.738,0.0
p009-b1-t3,local_max,2785,1671723316312,1671723313527,3.88,0.0,1.804,0.0
p009-b1-t4,local_max,2693,1671723364687,1671723361994,13.992,18.54631217838765,1.929,15.50025920165889
p009-b1-t5,local_max,17440,1671723413349,1671723395909,8.234,21.957736215691035,5.782,5.638187478381183
p009-b1-t6,local_max,7073,1671723456087,1671723449014,12.155,33.65693130399013,2.279,2.89600702062308
p009-b1-t7,local_max,2370,1671723513262,1671723510892,17.942,16.68710288708059,2.081,0.0
p009-b1-t8,local_max,693,1671723566517,1671723565824,16.155,15.834107087588981,0.633,28.90995260663507
p009-b1-t9,local_max,7789,1671723625845,1671723618056,17.253,6.225004347070075,1.876,0.0
p009-b2-t1,local_max,2634,1671723840454,1671723837820,16.959,8.82717141340881,1.88,0.0
p009-b2-t10,local_max,4633,1671724323917,1671724319284,27.58,14.873096446700508,3.436,0.0
p009-b2-t2,local_max,6177,1671723895741,1671723889564,10.172,0.8552890287062525,3.884,18.28012358393409
p009-b2-t5,local_max,2405,1671724039502,1671724037097,5.907,19.485356356864738,1.755,0.0
p009-b2-t7,local_max,1577,1671724164308,1671724162731,23.238,28.56528100525002,1.184,0.0
p009-b2-t8,local_max,3075,1671724218045,1671724214970,15.532,1.3391707442698944,2.207,19.120978704123246
p009-b2-t9,local_max,795,1671724261765,1671724260970,12.749,19.358381049494078,0.355,0.0
p009-b3-t1,local_max,3646,1671724443540,1671724439894,8.21,1.46163215590743,2.656,0.0
p009-b3-t10,local_max,4843,1671724972636,1671724967793,12.784,2.2058823529411766,3.618,5.555555555555555
p009-b3-t2,local_max,4822,1671724505861,1671724501039,16.145,16.61195416537628,2.37,9.789029535864978
p009-b3-t3,local_max,6467,1671724566958,1671724560491,19.685,3.0734061468122937,2.083,19.059049447911665
p009-b3-t4,local_max,4094,1671724619244,1671724615150,14.11,40.963855421686745,2.674,0.0
p009-b3-t5,local_max,2459,1671724674323,1671724671864,17.039,21.292329362051763,1.704,14.37793427230047
p009-b3-t6,local_max,24245,1671724742411,1671724718166,13.573,3.07227584174464,6.865,0.0
p009-b3-t7,local_max,1164,1671724808916,1671724807752,24.787,10.630572477508371,0.971,0.2059732234809475
p009-b3-t8,local_max,1412,1671724854499,1671724853087,9.22,0.0,1.189,24.64255677039529
p009-b3-t9,local_max,5737,1671724922275,1671724916538,20.858,6.481925400326014,1.804,0.0
p009-b4-t1,local_max,14477,1671725237383,1671725222906,7.142,20.806496779613553,4.204,3.6631779257849666
p009-b4-t10,local_max,2653,1671725717686,1671725715033,19.941,3.720976881801314,2.06,0.0
p009-b4-t2,local_max,4981,1671725307615,1671725302634,10.692,8.511036288814067,3.878,6.395048994326973
p009-b4-t4,local_max,666,1671725423651,1671725422985,9.828,3.0321530321530323,0.247,0.0
p009-b4-t5,local_max,1570,1671725478426,1671725476856,17.191,25.129428189168753,0.97,0.0
p009-b4-t6,local_max,4500,1671725536580,1671725532080,13.642,34.540389972144844,2.992,2.606951871657754
p009-b4-t8,local_max,2134,1671725626865,1671725624731,9.366,30.279735212470637,1.574,24.841168996188056
p009-b4-t9,local_max,1319,1671725661504,1671725660185,7.294,20.839045791061146,0.799,16.896120150187734
p009-b5-t1,local_max,17730,1671725840485,1671725822755,8.131,23.256671996064444,2.575,8.077669902912621
p009-b5-t10,local_max,2364,1671726351576,1671726349212,7.791,2.6569118213323066,1.852,0.0
p009-b5-t2,local_max,2643,1671725903798,1671725901155,23.554,44.90532393648637,1.619,21.494749845583694
p009-b5-t3,local_max,2195,1671725967207,1671725965012,12.989,25.937331588266996,1.586,10.466582597730138
p009-b5-t5,local_max,1170,1671726077996,1671726076826,8.988,48.164218958611485,0.881,25.425652667423382
p009-b5-t6,local_max,1310,1671726126066,1671726124756,9.196,45.70465419747716,0.802,6.234413965087282
p009-b5-t7,local_max,1960,1671726181116,1671726179156,14.683,15.426002860450861,1.479,0.0
p009-b5-t8,local_max,1201,1671726240530,1671726239329,6.451,0.0,0.856,35.51401869158879
p009-b5-t9,local_max,2068,1671726299915,1671726297847,16.317,26.855426855426856,1.122,0.0
p009-b6-t1,local_max,735,1671726516090,1671726515355,12.527,30.438253372714936,0.726,0.0
p009-b6-t2,local_max,3164,1671726575017,1671726571853,12.139,43.397314441057745,2.342,0.0
p009-b6-t3,local_max,868,1671726642313,1671726641445,20.693,30.38225486879621,0.519,31.984585741811177
p009-b6-t4,local_max,4273,1671726701894,1671726697621,15.94,27.30865746549561,2.861,0.0
p009-b6-t6,local_max,3187,1671726811759,1671726808572,8.945,40.2012297372834,2.561,0.0
p009-b6-t7,local_max,1346,1671726858133,1671726856787,8.708,26.56178226917777,0.91,45.824175824175825
p009-b6-t8,local_max,6900,1671726908573,1671726901673,12.747,7.672393504353965,3.092,18.434670116429494
p009-b6-t9,local_max,7105,1671726953463,1671726946358,13.005,50.24221453287197,4.111,0.0
p010-b1-t1,local_max,4372,1674726440916,1674726436544,4.871,3.03839047423527,1.412,3.4702549575070822
p010-b1-t10,local_max,6867,1674726875142,1674726868275,3.876,0.0,3.205,3.7441497659906395
p010-b1-t2,local_max,3715,1674726488660,1674726484945,5.57,4.685816876122082,1.743,0.0
p010-b1-t3,local_max,12242,1674726550810,1674726538568,4.885,22.579324462640738,2.868,16.03905160390516
p010-b1-t5,local_max,1114,1674726654599,1674726653485,10.42,8.771593090211132,0.303,25.742574257425744
p010-b1-t6,local_max,4361,1674726711127,1674726706766,10.423,9.38309507819246,1.841,14.502987506789788
p010-b1-t7,local_max,11233,1674726750999,1674726739766,3.777,3.177124702144559,1.842,14.92942453854506
p010-b1-t8,local_max,4698,1674726787294,1674726782596,7.256,18.61907386990077,2.731,0.0
p010-b1-t9,local_max,1407,1674726836495,1674726835088,5.638,1.6495211067754523,1.096,0.0
p010-b2-t1,local_max,15249,1674727015581,1674727000332,0.557,0.0,3.087,4.146420472951085
p010-b2-t10,local_max,12945,1674727380324,1674727367379,6.989,2.8616397195593075,3.019,18.383570718781055
p010-b2-t2,local_max,9012,1674727049813,1674727040801,1.852,0.0,2.286,0.0
p010-b2-t3,local_max,7362,1674727092669,1674727085307,3.822,9.392987964416536,1.578,10.963244613434728
p010-b2-t4,local_max,4706,1674727128845,1674727124139,4.934,6.120794487231455,1.446,0.0
p010-b2-t5,local_max,1254,1674727163957,1674727162703,7.198,0.6251736593498194,0.872,0.0
p010-b2-t6,local_max,1625,1674727211773,1674727210148,9.395,5.343267695582757,0.644,0.0
p010-b2-t7,local_max,801,1674727247604,1674727246803,5.429,10.922821882482962,0.439,0.0
p010-b2-t8,local_max,2977,1674727288028,1674727285051,8.316,45.5026455026455,2.148,8.426443202979517
p010-b2-t9,local_max,1607,1674727331467,1674727329860,11.008,7.757994186046512,1.231,31.112916328188465
p010-b3-t1,local_max,886,1674727559011,1674727558125,12.598,31.274805524686457,0.728,0.0
p010-b3-t10,local_max,1097,1674727861974,1674727860877,3.558,19.168071950534006,0.488,0.0
p010-b3-t2,local_max,1089,1674727593986,1674727592897,6.293,12.823772445574448,0.874,0.0
p010-b3-t3,local_max,17482,1674727632114,1674727614632,1.512,0.0,3.147,0.0
p010-b3-t4,local_max,6250,1674727664811,1674727658561,3.901,0.0,3.071,37.64246173884728
p010-b3-t5,local_max,1297,1674727695776,1674727694479,6.673,1.498576352465158,0.905,11.933701657458563
p010-b3-t6,local_max,3443,1674727729433,1674727725990,5.517,10.186695667935473,1.856,12.28448275862069
p010-b3-t7,local_max,2745,1674727767032,1674727764287,5.737,16.419731567021092,1.623,0.0
p010-b3-t8,local_max,2586,1674727806359,1674727803773,7.852,0.7641365257259297,1.492,0.0
p010-b3-t9,local_max,9823,1674727835969,1674727826146,1.695,52.21238938053097,2.766,11.207519884309471
p010-b4-t1,local_max,5588,1674728008375,1674728002787,1.009,0.0,1.83,0.0
p010-b4-t10,local_max,2286,1674728287327,1674728285041,4.432,0.0,1.515,0.0
p010-b4-t2,local_max,2522,1674728037166,1674728034644,5.099,10.237301431653265,1.722,5.400696864111498
p010-b4-t3,local_max,1447,1674728063463,1674728062016,2.758,11.022480058013054,0.998,0.0
p010-b4-t4,local_max,1634,1674728096630,1674728094996,4.075,13.104294478527608,0.733,6.002728512960436
p010-b4-t5,local_max,5236,1674728129184,1674728123948,3.35,5.7611940298507465,2.175,1.0114942528735633
p010-b4-t6,local_max,3138,1674728160302,1674728157164,5.266,4.082795290543107,1.45,19.862068965517242
p010-b4-t7,local_max,978,1674728192671,1674728191693,5.66,1.7667844522968197,0.333,0.0
p010-b4-t8,local_max,817,1674728225823,1674728225006,6.112,0.44175392670157065,0.475,0.0
p010-b4-t9,local_max,12545,1674728256470,1674728243925,0.685,0.0,2.861,0.0
p010-b5-t1,local_max,1097,1674728431373,1674728430276,7.17,4.658298465829847,0.787,0.0
p010-b5-t10,local_max,3537,1674728775026,1674728771489,10.555,5.476077688299384,2.758,0.0
p010-b5-t2,local_max,1691,1674728461606,1674728459915,3.617,15.01244124965441,0.949,29.29399367755532
p010-b5-t3,local_max,2123,1674728497727,1674728495604,6.079,4.161868728409278,1.45,10.275862068965518
p010-b5-t4,local_max,1456,1674728541244,1674728539788,4.126,11.29423170140572,0.763,0.0
p010-b5-t5,local_max,1456,1674728584003,1674728582547,7.086,12.207169065763477,0.946,37.9492600422833
p010-b5-t6,local_max,8330,1674728619996,1674728611666,4.179,0.0,3.718,23.776223776223777
p010-b5-t7,local_max,8361,1674728661452,1674728653091,6.927,6.019922044174968,3.804,8.911671924290221
p010-b5-t8,local_max,947,1674728693668,1674728692721,3.347,3.9139527935464593,0.539,9.647495361781075
p010-b5-t9,local_max,1047,1674728728435,1674728727388,5.799,0.4655975168132437,0.851,15.628672150411282
p010-b6-t1,local_max,1475,1674728924402,1674728922927,7.214,6.667590795675077,0.796,21.984924623115578
p010-b6-t10,local_max,967,1674729226801,1674729225834,3.686,0.0,0.3,0.0
p010-b6-t2,local_max,3851,1674728944754,1674728940903,0.839,0.0,2.161,11.938917167977788
p010-b6-t3,local_max,2520,1674728988801,1674728986281,9.769,5.282014535776436,1.742,21.526980482204362
p010-b6-t4,local_max,1232,1674729026399,1674729025167,7.154,18.199608610567516,0.214,0.0
p010-b6-t5,local_max,3034,1674729058201,1674729055167,4.698,7.364836100468285,1.662,5.354993983152828
p010-b6-t6,local_max,754,1674729099137,1674729098383,7.874,17.500635001270002,0.366,0.0
p010-b6-t7,local_max,1683,1674729133049,1674729131366,3.426,8.34792761237595,1.115,18.654708520179373
p010-b6-t8,local_max,11417,1674729172640,1674729161223,2.606,0.0,2.355,3.694267515923567
p010-b6-t9,local_max,688,1674729197964,1674729197276,5.185,14.946962391513983,0.299,0.0
p011-b1-t1,local_max,5331,1674741662393,1674741657062,11.677,6.328680311723902,2.352,0.0
p011-b1-t2,local_max,2171,1674741736639,1674741734468,22.605,14.717982747179828,1.366,10.76134699853587
p011-b1-t3,local_max,5307,1674741778832,1674741773525,7.645,2.537606278613473,2.13,0.0
p011-b1-t5,local_max,782,1674741867871,1674741867089,13.552,4.818476977567887,0.521,26.871401151631478
p011-b1-t6,local_max,1274,1674741922192,1674741920918,16.139,16.556168287998016,0.898,69.26503340757239
p011-b1-t7,local_max,1074,1674741969463,1674741968389,13.74,14.272197962154294,0.523,46.845124282982795
p011-b1-t8,local_max,570,1674742033080,1674742032510,26.325,1.637226970560304,0.328,0.0
p011-b1-t9,local_max,3739,1674742102024,1674742098285,16.914,16.294194158685112,2.194,4.6946216955332725
p011-b2-t1,local_max,2862,1674742428862,1674742426000,16.875,28.34962962962963,1.378,9.143686502177069
p011-b2-t10,local_max,1530,1674742800629,1674742799099,13.093,11.807836248376995,1.324,0.0
p011-b2-t2,local_max,2285,1674742467871,1674742465586,11.449,5.948117739540571,1.633,11.451316595223515
p011-b2-t3,local_max,13376,1674742508277,1674742494901,4.524,4.089301503094607,4.004,0.0
p011-b2-t4,local_max,600,1674742562692,1674742562092,15.189,10.17183488050563,0.495,0.0
p011-b2-t5,local_max,4726,1674742614230,1674742609504,8.803,30.591843689651256,3.581,0.0
p011-b2-t6,local_max,1704,1674742645029,1674742643325,6.597,22.13127179020767,1.06,0.0
p011-b2-t7,local_max,692,1674742679789,1674742679097,7.841,4.4892233133528885,0.449,15.144766146993318
p011-b2-t8,local_max,411,1674742728151,1674742727740,15.493,4.389078938875621,0.214,0.0
p011-b2-t9,local_max,18252,1674742762277,1674742744025,0.013,0.0,2.993,0.0
p011-b3-t1,local_max,1965,1674742940340,1674742938375,18.271,7.760932625472059,1.405,0.0
p011-b3-t10,local_max,635,1674743282532,1674743281897,9.668,3.0926768721555646,0.166,0.0
p011-b3-t2,local_max,1970,1674742971101,1674742969131,7.278,8.25776312173674,1.014,10.552268244575936
p011-b3-t3,local_max,6475,1674743035558,1674743029083,18.265,19.14590747330961,3.981,44.78774177342376
p011-b3-t4,local_max,710,1674743073957,1674743073247,5.789,12.178269131110728,0.552,0.0
p011-b3-t5,local_max,691,1674743104060,1674743103369,8.17,19.265605875153,0.321,36.137071651090345
p011-b3-t6,local_max,2010,1674743135204,1674743133194,9.416,20.08283772302464,1.164,21.04810996563574
p011-b3-t7,local_max,1813,1674743177708,1674743175895,12.561,15.850648833691585,1.202,31.61397670549085
p011-b3-t8,local_max,14112,1674743214581,1674743200469,3.85,0.0,6.018,19.990029910269193
p011-b3-t9,local_max,964,1674743247884,1674743246920,7.278,1.195383347073372,0.743,0.0
p011-b4-t1,local_max,841,1674743565035,1674743564194,8.289,24.466159971045965,0.495,50.303030303030305
p011-b4-t10,local_max,3143,1674743959722,1674743956579,6.721,5.579526856122601,1.757,3.528742174160501
p011-b4-t3,local_max,639,1674743652722,1674743652083,7.149,17.47097496153308,0.383,75.45691906005221
p011-b4-t4,local_max,1249,1674743683211,1674743681962,3.034,4.152933421226104,0.725,0.0
p011-b4-t5,local_max,1254,1674743728828,1674743727574,16.959,18.981071997169643,0.949,26.975763962065333
p011-b4-t6,local_max,2129,1674743779514,1674743777385,19.554,12.314615935358495,1.38,5.144927536231884
p011-b4-t7,local_max,4775,1674743825050,1674743820275,11.394,8.671230472178339,3.023,4.068805822031095
p011-b4-t8,local_max,3689,1674743869729,1674743866040,13.748,7.448356124527204,2.622,84.47749809305873
p011-b4-t9,local_max,5130,1674743925346,1674743920216,9.747,20.970555042577203,3.549,37.95435333896872
p011-b5-t1,local_max,2570,1674744287353,1674744284783,19.854,15.150599375440716,2.112,0.0
p011-b5-t10,local_max,566,1674744688529,1674744687963,16.977,7.692760794015433,0.34,0.0
p011-b5-t2,local_max,746,1674744324521,1674744323775,12.284,4.656463692608271,0.574,0.0
p011-b5-t3,local_max,5778,1674744351033,1674744345255,0.039,100.0,2.446,77.02371218315618
p011-b5-t4,local_max,2970,1674744396553,1674744393583,12.175,4.254620123203286,1.899,5.529225908372828
p011-b5-t5,local_max,4092,1674744444489,1674744440397,20.165,13.037441110835607,2.283,0.0
p011-b5-t6,local_max,605,1674744490984,1674744490379,13.357,3.9155498989294,0.442,21.71945701357466
p011-b5-t7,local_max,1052,1674744534434,1674744533382,12.32,11.785714285714286,0.686,17.638483965014576
p011-b5-t9,local_max,3760,1674744646256,1674744642496,12.144,15.29973649538867,2.711,0.0
p011-b6-t1,local_max,1473,1674745078631,1674745077158,10.433,10.380523339403815,1.145,0.0
p011-b6-t10,local_max,785,1674745529846,1674745529061,29.149,6.905897286356307,0.751,0.0
p011-b6-t2,local_max,4486,1674745136966,1674745132480,24.447,2.0043359103366467,2.789,17.31803513804231
p011-b6-t3,local_max,2127,1674745172359,1674745170232,12.833,16.028987765915996,1.347,36.74832962138085
p011-b6-t4,local_max,12324,1674745215512,1674745203188,9.302,0.0,6.453,10.92515109251511
p011-b6-t5,local_max,2558,1674745272257,1674745269699,19.082,2.3844460748349228,1.218,46.22331691297209
p011-b6-t6,local_max,785,1674745318967,1674745318182,9.65,17.533678756476682,0.506,0.0
p011-b6-t7,local_max,2560,1674745367662,1674745365102,13.196,5.054561988481358,1.917,32.70735524256651
p011-b6-t9,local_max,794,1674745465535,1674745464741,17.28,23.912037037037038,0.61,0.0
p012-b1-t1,local_max,865,1675178165293,1675178164428,6.343,0.0,0.52,0.0
p012-b1-t10,local_max,418,1675178441064,1675178440646,8.763,11.035033664270227,0.264,30.303030303030305
p012-b1-t2,local_max,7708,1675178193758,1675178186050,2.012,0.0,2.091,0.0
p012-b1-t3,local_max,4474,1675178228844,1675178224370,1.711,18.351841028638223,1.202,0.0
p012-b1-t4,local_max,15129,1675178260925,1675178245796,1.443,0.0,5.236,0.0
p012-b1-t5,local_max,857,1675178290595,1675178289738,4.19,0.7398568019093079,0.46,0.0
p012-b1-t6,local_max,3905,1675178319842,1675178315937,5.746,0.0,2.249,10.36016007114273
p012-b1-t7,local_max,9921,1675178353787,1675178343866,5.736,27.615062761506277,1.97,0.0
p012-b1-t8,local_max,1643,1675178388353,1675178386710,8.698,10.347206254311336,1.104,54.619565217391305
p012-b1-t9,local_max,7054,1675178409152,1675178402098,0.144,0.0,4.387,13.08411214953271
p012-b2-t1,local_max,1076,1675178604117,1675178603041,4.652,0.0,0.671,7.153502235469449
p012-b2-t10,local_max,873,1675178943220,1675178942347,5.79,4.766839378238342,0.578,0.0
p012-b2-t2,local_max,3250,1675178635334,1675178632084,7.269,3.06782225890769,2.195,6.970387243735763
p012-b2-t3,local_max,3450,1675178675414,1675178671964,8.418,3.528153955808981,1.812,9.98896247240618
p012-b2-t4,local_max,8999,1675178715757,1675178706758,4.281,0.0,1.772,0.0
p012-b2-t5,local_max,5019,1675178747287,1675178742268,5.094,6.164114644680016,2.434,0.5751848808545604
p012-b2-t6,median_fallback,1571,1675178774606,1675178773035,1.811,7.454445057979017,1.008,0.0
p012-b2-t7,local_max,1331,1675178808390,1675178807059,8.423,0.0,1.087,0.0
p012-b2-t8,local_max,597,1675178850172,1675178849575,13.072,0.0,0.263,34.98098859315589
p012-b2-t9,local_max,2291,1675178905318,1675178903027,19.819,5.413996669862254,1.609,11.746426351771287
p012-b3-t1,local_max,865,1675179164819,1675179163954,3.692,6.690140845070423,0.596,0.0
p012-b3-t10,local_max,2714,1675179540393,1675179537679,6.863,18.694448491913157,2.226,0.0
p012-b3-t2,local_max,825,1675179192700,1675179191875,5.578,12.56722839727501,0.523,0.0
p012-b3-t3,local_max,9763,1675179233172,1675179223409,9.739,9.333607146524283,4.396,19.26751592356688
p012-b3-t4,local_max,2762,1675179271162,1675179268400,5.077,22.37541855426433,1.624,76.35467980295566
p012-b3-t5,local_max,1217,1675179316355,1675179315138,13.747,0.33461846220993674,0.539,28.94248608534323
p012-b3-t6,local_max,3536,1675179355873,1675179352337,6.218,15.294306851077517,2.572,0.0
p012-b3-t7,local_max,1926,1675179404529,1675179402603,20.209,2.7413528625859764,1.493,0.0
p012-b3-t8,local_max,16868,1675179455748,1675179438880,4.713,0.0,1.298,0.0
p012-b3-t9,local_max,490,1675179497970,1675179497480,9.004,13.271879164815637,0.362,1.9337016574585635
p012-b4-t1,local_max,5577,1675179822657,1675179817080,1.924,0.0,3.218,0.0
p012-b4-t10,median_fallback,418,1675180151576,1675180151158,2.872,14.658774373259053,0.256,0.0
p012-b4-t2,local_max,13242,1675179870001,1675179856759,6.078,1.8756169792694966,5.637,26.929217668972857
p012-b4-t3,local_max,469,1675179904768,1675179904299,8.819,17.14480099784556,0.338,0.0
p012-b4-t4,local_max,5184,1675179941607,1675179936423,6.869,16.130441112243414,2.595,0.0
p012-b4-t5,local_max,1945,1675179972521,1675179970576,4.237,4.224687278734954,1.546,36.028460543337644
p012-b4-t6,local_max,697,1675179996448,1675179995751,4.183,27.468324169256515,0.463,0.0
p012-b4-t7,local_max,2426,1675180057520,1675180055094,16.882,3.2519843620424123,1.272,0.0
p012-b4-t8,local_max,1323,1675180083224,1675180081901,0.692,0.0,1.041,0.0
p012-b4-t9,local_max,9875,1675180123585,1675180113710,6.335,0.0,4.304,0.9758364312267658
p012-b5-t1,local_max,763,1675180303072,1675180302309,6.76,37.5887573964497,0.482,47.71784232365145
p012-b5-t10,local_max,1115,1675180639294,1675180638179,9.374,30.45658203541711,1.006,0.0
p012-b5-t2,local_max,494,1675180339493,1675180338999,9.075,2.28099173553719,0.207,4.830917874396135
p012-b5-t3,local_max,1560,1675180389309,1675180387749,8.622,9.893296218974715,0.928,0.0
p012-b5-t4,local_max,16145,1675180421151,1675180405006,1.376,0.0,4.293,6.545539249941766
p012-b5-t5,local_max,523,1675180451176,1675180450653,1.839,2.392604676454595,0.409,0.0
p012-b5-t6,local_max,3613,1675180483997,1675180480384,4.563,12.776682007451239,2.302,2.823631624674196
p012-b5-t7,local_max,7682,1675180509502,1675180501820,1.527,19.384413883431566,3.183,22.054665409990577
p012-b5-t8,local_max,2948,1675180557471,1675180554523,9.582,13.066165727405552,2.206,0.0
p012-b5-t9,median_fallback,240,1675180597551,1675180597311,4.76,5.063025210084033,0.146,0.0
p012-b6-t1,local_max,1009,1675180804708,1675180803699,4.299,12.909979064898813,0.734,0.0
p012-b6-t10,local_max,7020,1675181131234,1675181124214,5.902,1.9315486275838698,2.58,15.310077519379846
p012-b6-t2,local_max,1657,1675180841787,1675180840130,8.178,0.0,0.982,31.26272912423625
p012-b6-t3,local_max,5745,1675180876299,1675180870554,5.779,0.0,4.44,26.8018018018018
p012-b6-t5,local_max,552,1675180947508,1675180946956,7.506,6.674660271782574,0.451,0.0
p012-b6-t6,local_max,737,1675180978155,1675180977418,1.577,61.95307545973367,0.494,0.0
p012-b6-t7,local_max,1469,1675181022402,1675181020933,3.481,5.860384946854352,1.159,0.0
p012-b6-t8,local_max,762,1675181057579,1675181056817,6.819,0.0,0.581,0.0
p012-b6-t9,local_max,15305,1675181098849,1675181083544,3.029,0.0,3.487,9.893891597361629
p013-b1-t1,local_max,1151,1675244742230,1675244741079,0.884,10.180995475113122,0.787,16.264294790343076
p013-b1-t10,local_max,937,1675244932194,1675244931257,1.562,37.70806658130602,0.674,3.857566765578635
p013-b1-t2,median_fallback,1163,1675244764854,1675244763691,1.2,0.0,0.795,0.0
p013-b1-t3,local_max,1413,1675244785277,1675244783864,3.08,50.12987012987013,0.836,0.0
p013-b1-t4,local_max,1507,1675244808397,1675244806890,2.983,32.383506537043246,0.977,49.84646878198567
p013-b1-t5,median_fallback,2086,1675244835333,1675244833247,1.704,0.0,1.596,0.0
p013-b1-t6,median_fallback,1631,1675244853820,1675244852189,0.982,23.523421588594704,1.253,25.29928172386273
p013-b1-t8,median_fallback,982,1675244889826,1675244888844,0.883,68.17667044167611,0.701,26.533523537803138
p013-b1-t9,median_fallback,2063,1675244915114,1675244913051,3.181,0.0,1.136,14.700704225352112
p013-b2-t1,local_max,1448,1675245134441,1675245132993,0.089,0.0,0.978,5.010224948875256
p013-b2-t10,median_fallback,1915,1675245298369,1675245296454,0.663,90.04524886877829,1.17,25.811965811965813
p013-b2-t2,local_max,1600,1675245151137,1675245149537,0.275,20.727272727272727,1.195,41.50627615062761
p013-b2-t3,median_fallback,813,1675245167162,1675245166349,0.262,45.80152671755725,0.543,0.0
p013-b2-t4,median_fallback,3863,1675245186706,1675245182843,0.475,69.05263157894737,2.8,15.0
p013-b2-t5,local_max,2513,1675245204450,1675245201937,0.728,0.0,1.88,0.0
p013-b2-t6,median_fallback,1474,1675245222722,1675245221248,1.573,36.17291799109981,0.374,0.0
p013-b2-t7,local_max,7985,1675245244561,1675245236576,0.025,0.0,5.837,0.0
p013-b2-t8,local_max,1566,1675245263716,1675245262150,2.421,13.837257331681123,1.203,1.0806317539484622
p013-b2-t9,median_fallback,1306,1675245280233,1675245278927,0.553,0.0,1.112,7.4640287769784175
p013-b3-t1,median_fallback,920,1675245464953,1675245464033,0.339,0.0,0.79,0.0
p013-b3-t10,median_fallback,2731,1675245644351,1675245641620,0.824,33.37378640776699,1.551,35.46099290780142
p013-b3-t2,local_max,2361,1675245484936,1675245482575,1.389,14.830813534917207,1.4,0.0
p013-b3-t3,local_max,3195,1675245502498,1675245499303,0.14,0.0,2.248,10.097864768683275
p013-b3-t4,local_max,1050,1675245520714,1675245519664,1.686,16.073546856465008,0.392,62.5
p013-b3-t5,local_max,4592,1675245541480,1675245536888,1.029,0.0,3.822,0.6279434850863422
p013-b3-t6,local_max,1742,1675245561040,1675245559298,1.128,0.0,1.215,0.0
p013-b3-t7,median_fallback,1541,1675245579200,1675245577659,1.265,34.86166007905138,1.012,0.0
p013-b3-t8,local_max,2009,1675245598961,1675245596952,2.075,3.710843373493976,1.457,41.45504461221688
p013-b3-t9,local_max,8218,1675245624697,1675245616479,1.386,59.884559884559884,5.454,27.887788778877887
p013-b4-t1,local_max,1305,1675245767199,1675245765894,1.639,0.0,0.231,40.25974025974026
p013-b4-t10,median_fallback,2215,1675245932518,1675245930303,2.48,0.0,1.601,0.0
p013-b4-t2,local_max,2701,1675245785239,1675245782538,1.003,0.0,1.892,28.224101479915433
p013-b4-t3,median_fallback,833,1675245801814,1675245800981,0.478,23.01255230125523,0.523,23.135755258126196
p013-b4-t4,median_fallback,591,1675245818134,1675245817543,0.332,0.0,0.538,0.0
p013-b4-t5,local_max,1551,1675245835871,1675245834320,1.016,18.208661417322833,1.13,0.0
p013-b4-t6,median_fallback,803,1675245852550,1675245851747,0.308,100.0,0.768,34.895833333333336
p013-b4-t7,local_max,1962,1675245870886,1675245868924,0.437,48.97025171624714,0.849,100.0
p013-b4-t8,median_fallback,2481,1675245890365,1675245887884,0.999,0.0,1.436,0.0
p013-b4-t9,median_fallback,1882,1675245911741,1675245909859,1.023,0.0,1.319,0.0
p013-b5-t1,median_fallback,798,1675246059575,1675246058777,0.285,55.78947368421053,0.558,0.0
p013-b5-t10,local_max,1613,1675246222101,1675246220488,0.185,0.0,1.111,0.0
p013-b5-t2,median_fallback,607,1675246080494,1675246079887,0.294,0.0,0.452,0.0
p013-b5-t3,median_fallback,1126,1675246097957,1675246096831,0.524,0.0,0.711,6.891701828410689
p013-b5-t4,local_max,1670,1675246115245,1675246113575,0.506,0.0,0.826,27.602905569007262
p013-b5-t5,local_max,2458,1675246134470,1675246132012,1.567,100.0,1.042,12.476007677543187
p013-b5-t6,median_fallback,2339,1675246152351,1675246150012,0.573,0.0,1.498,49.46595460614152
p013-b5-t7,local_max,2128,1675246170085,1675246167957,0.862,0.0,0.19,0.0
p013-b5-t8,local_max,1680,1675246188014,1675246186334,0.548,0.0,1.299,0.0
p013-b5-t9,median_fallback,731,1675246204575,1675246203844,0.316,66.45569620253164,0.528,3.409090909090909
p013-b6-t1,median_fallback,767,1675246334733,1675246333966,0.352,0.0,0.556,30.93525179856115
p013-b6-t10,median_fallback,694,1675246486525,1675246485831,0.268,0.0,0.419,0.0
p013-b6-t2,median_fallback,610,1675246350004,1675246349394,0.091,13.186813186813186,0.556,0.0
p013-b6-t3,median_fallback,574,1675246366196,1675246365622,0.705,90.2127659574468,0.428,0.0
p013-b6-t4,median_fallback,1553,1675246383686,1675246382133,0.792,68.05555555555556,1.348,0.0
p013-b6-t5,median_fallback,963,1675246400741,1675246399778,0.392,66.3265306122449,0.634,32.33438485804417
p013-b6-t6,local_max,1223,1675246420444,1675246419221,1.65,0.0,0.449,50.779510022271715
p013-b6-t7,median_fallback,1690,1675246437955,1675246436265,0.871,0.0,0.975,35.38461538461539
p013-b6-t8,median_fallback,881,1675246454524,1675246453643,1.097,10.300820419325433,0.529,0.0
p013-b6-t9,median_fallback,862,1675246469899,1675246469037,0.621,0.0,0.194,96.90721649484536
p014-b1-t1,local_max,1791,1675249721180,1675249719389,5.821,28.036419859130735,1.215,6.995884773662551
p014-b1-t10,local_max,3921,1675250110910,1675250106989,5.475,4.511415525114155,2.715,39.74217311233886
p014-b1-t2,local_max,466,1675249765115,1675249764649,9.134,21.556820670024084,0.312,0.0
p014-b1-t3,local_max,973,1675249814362,1675249813389,7.848,19.45718654434251,0.737,5.834464043419267
p014-b1-t4,local_max,1849,1675249844538,1675249842689,3.902,9.584828293182984,1.333,60.3900975243811
p014-b1-t5,median_fallback,12281,1675249879618,1675249867337,0.701,0.0,2.321,42.18009478672986
p014-b1-t6,local_max,32601,1675249927649,1675249895048,0.246,0.0,8.433,3.569311039962054
p014-b1-t7,local_max,936,1675249964072,1675249963136,3.894,36.260914227015924,0.726,30.303030303030305
p014-b1-t8,local_max,537,1675250012823,1675250012286,7.219,16.539686937248927,0.161,55.27950310559006
p014-b1-t9,local_max,650,1675250064352,1675250063702,4.935,11.671732522796352,0.435,37.241379310344826
p014-b2-t1,local_max,746,1675250275293,1675250274547,6.736,11.624109263657957,0.357,36.97478991596638
p014-b2-t10,local_max,2818,1675250664499,1675250661681,6.592,6.871966019417476,2.251,9.506885828520657
p014-b2-t2,local_max,2019,1675250329501,1675250327482,10.916,20.9783803591059,1.763,59.67101531480431
p014-b2-t3,median_fallback,1921,1675250368333,1675250366412,3.144,37.43638676844784,1.484,0.0
p014-b2-t4,local_max,876,1675250413789,1675250412913,2.018,40.83250743310208,0.66,0.0
p014-b2-t5,median_fallback,618,1675250447636,1675250447018,4.977,2.4311834438416717,0.53,11.50943396226415
p014-b2-t6,local_max,2069,1675250497637,1675250495568,8.091,0.8404399950562353,1.348,10.979228486646884
p014-b2-t7,local_max,1972,1675250545637,1675250543665,6.519,23.07102316306182,1.305,33.71647509578544
p014-b2-t8,local_max,753,1675250582275,1675250581522,7.741,15.036816948714636,0.547,0.0
p014-b2-t9,local_max,1681,1675250619324,1675250617643,6.818,25.946025227339394,1.034,0.0
p014-b3-t1,local_max,3868,1675250795116,1675250791248,7.031,0.0,2.483,5.396697543294402
p014-b3-t10,local_max,435,1675251102961,1675251102526,8.129,36.84340017222291,0.283,56.890459363957596
p014-b3-t2,local_max,1194,1675250843746,1675250842552,5.516,7.306018854242205,1.008,0.0
p014-b3-t3,local_max,2562,1675250871490,1675250868928,4.408,23.66152450090744,1.923,0.0
p014-b3-t4,local_max,1754,1675250903001,1675250901247,3.851,0.0,0.998,0.0
p014-b3-t5,local_max,1013,1675250943961,1675250942948,7.845,12.632249840662842,0.708,0.0
p014-b3-t6,local_max,734,1675250972522,1675250971788,6.326,4.331331014859311,0.601,0.0
p014-b3-t7,local_max,1571,1675250998330,1675250996759,4.07,0.7616707616707616,1.239,0.0
p014-b3-t8,local_max,1030,1675251033496,1675251032466,4.821,10.578718108276291,0.52,58.84615384615385
p014-b3-t9,local_max,2230,1675251077432,1675251075202,11.184,5.990701001430615,1.364,0.0
p014-b4-t1,local_max,8738,1675251248151,1675251239413,0.104,0.0,5.0,4.2
p014-b4-t10,local_max,3058,1675251547647,1675251544589,0.472,92.37288135593221,2.075,17.686746987951807
p014-b4-t2,local_max,4321,1675251273687,1675251269366,2.767,25.80411998554391,2.482,13.738920225624497
p014-b4-t3,local_max,3453,1675251316207,1675251312754,10.55,7.023696682464455,2.221,19.315623592976138
p014-b4-t4,local_max,839,1675251347015,1675251346176,5.49,28.178506375227688,0.671,0.0
p014-b4-t5,local_max,12062,1675251376150,1675251364088,1.863,0.0,2.353,0.0
p014-b4-t6,local_max,6578,1675251404270,1675251397692,4.063,14.91508737386168,3.502,14.106225014277555
p014-b4-t7,local_max,2393,1675251459310,1675251456917,10.266,1.9968829144749658,1.34,12.985074626865671
p014-b4-t8,local_max,1427,1675251483024,1675251481597,3.645,89.7119341563786,0.88,11.477272727272727
p014-b4-t9,local_max,4521,1675251521791,1675251517270,2.657,13.022205494919081,2.283,14.060446780551905
p014-b5-t1,local_max,3277,1675251690853,1675251687576,2.274,13.852242744063325,2.457,36.385836385836384
p014-b5-t10,local_max,2177,1675252047413,1675252045236,12.206,7.160412911682779,1.638,27.41147741147741
p014-b5-t2,local_max,2298,1675251730390,1675251728092,8.435,17.735625370480143,1.463,9.979494190020505
p014-b5-t3,local_max,4393,1675251759581,1675251755188,4.553,41.13771139907753,3.296,0.0
p014-b5-t4,local_max,2881,1675251802452,1675251799571,7.073,6.602573165559169,2.121,79.86798679867987
p014-b5-t5,local_max,564,1675251838555,1675251837991,4.96,26.29032258064516,0.189,72.48677248677248
p014-b5-t6,local_max,3200,1675251877714,1675251874514,7.4,17.527027027027028,2.062,12.075654704170708
p014-b5-t7,local_max,512,1675251922335,1675251921823,14.351,11.093303602536409,0.42,0.0
p014-b5-t8,local_max,2108,1675251952490,1675251950382,5.593,19.095297693545504,1.536,7.682291666666667
p014-b5-t9,local_max,656,1675252004552,1675252003896,10.406,40.101864309052466,0.366,54.91803278688525
p014-b6-t1,local_max,3809,1675252202187,1675252198378,6.613,19.159231816119764,1.837,26.401741970604245
p014-b6-t10,local_max,24931,1675252520392,1675252495461,4.152,0.0,4.182,14.705882352941176
p014-b6-t2,local_max,682,1675252239515,1675252238833,0.479,0.0,0.497,0.0
p014-b6-t3,local_max,922,1675252271819,1675252270897,8.447,20.966023440274654,0.62,0.0
p014-b6-t4,local_max,995,1675252317715,1675252316720,11.162,0.0,0.9,35.0
p014-b6-t5,local_max,1105,1675252352545,1675252351440,6.303,11.264477233063621,0.68,12.352941176470589
p014-b6-t6,local_max,10000,1675252388272,1675252378272,5.828,28.140013726835964,3.592,0.0
p014-b6-t7,local_max,2826,1675252421616,1675252418790,4.574,3.30126803672934,1.837,9.689711486118672
p014-b6-t8,local_max,617,1675252445688,1675252445071,2.767,35.70654138055656,0.434,0.0
p014-b6-t9,local_max,1202,1675252471584,1675252470382,3.286,51.76506390748631,0.844,0.0
p015-b1-t1,local_max,1187,1675327356230,1675327355043,15.142,12.554484216087703,0.542,17.89667896678967
p015-b1-t10,local_max,4403,1675327822750,1675327818347,9.58,3.2359081419624216,2.554,20.634299138606107
p015-b1-t2,local_max,980,1675327412439,1675327411459,14.564,21.45015105740181,0.519,0.0
p015-b1-t3,local_max,1818,1675327461954,1675327460136,13.449,0.788162688675738,1.397,17.96707229778096
p015-b1-t4,local_max,1970,1675327527075,1675327525105,18.084,10.90466710904667,1.556,11.632390745501285
p015-b1-t5,local_max,10409,1675327579861,1675327569452,15.835,7.464477423429113,5.872,0.885558583106267
p015-b1-t6,local_max,5658,1675327634798,1675327629140,21.158,10.43576897627375,2.231,0.0
p015-b1-t7,local_max,4783,1675327678757,1675327673974,13.425,19.404096834264433,2.954,76.13405551794177
p015-b1-t8,local_max,2922,1675327718344,1675327715422,13.248,12.198067632850242,1.344,0.0
p015-b1-t9,local_max,1706,1675327780795,1675327779089,25.624,26.557133936934125,1.189,0.0
p015-b2-t1,local_max,1568,1675327964467,1675327962899,19.029,11.34058542225025,0.91,5.164835164835165
p015-b2-t10,local_max,3443,1675328309026,1675328305583,6.341,5.9927456237186565,2.226,0.0
p015-b2-t2,local_max,2875,1675328003995,1675328001120,11.558,6.6534002422564456,1.55,5.161290322580645
p015-b2-t3,local_max,1593,1675328057578,1675328055985,17.464,3.132157581310124,1.044,0.0
p015-b2-t4,local_max,4534,1675328094524,1675328089990,11.443,3.058638468932972,2.8,72.14285714285714
p015-b2-t5,local_max,597,1675328129041,1675328128444,11.014,10.241510804430725,0.419,0.0
p015-b2-t6,local_max,1426,1675328178395,1675328176969,18.213,5.814528084335365,1.102,2.1778584392014517
p015-b2-t7,local_max,4033,1675328211050,1675328207017,8.28,11.594202898550725,2.338,9.666381522668948
p015-b2-t8,local_max,4579,1675328241595,1675328237016,6.01,6.9051580698835275,2.203,0.0
p015-b2-t9,local_max,1583,1675328279026,1675328277443,7.783,11.152511884877297,0.688,16.424418604651162
p015-b3-t1,local_max,1003,1675328466779,1675328465776,13.631,3.4626953268285527,0.685,51.53284671532847
p015-b3-t10,local_max,1510,1675328807068,1675328805558,11.066,8.855955178022773,0.907,0.0
p015-b3-t2,local_max,4810,1675328500577,1675328495767,9.519,10.673390061981301,2.536,0.0
p015-b3-t3,local_max,822,1675328534177,1675328533355,8.778,14.331282752335383,0.577,0.0
p015-b3-t4,local_max,1242,1675328570825,1675328569583,10.655,2.2430783669638665,0.638,0.0
p015-b3-t5,local_max,2036,1675328598119,1675328596083,3.5,36.68571428571428,1.058,0.0
p015-b3-t7,local_max,2429,1675328695495,1675328693066,24.932,21.346061286699822,1.39,16.690647482014388
p015-b3-t8,local_max,1203,1675328725848,1675328724645,6.596,1.4251061249241965,0.666,0.0
p015-b3-t9,local_max,1243,1675328769782,1675328768539,13.001,1.899853857395585,0.708,0.0
p015-b4-t1,local_max,1122,1675328935693,1675328934571,4.723,13.550709294939656,0.892,0.0
p015-b4-t10,local_max,2178,1675329223564,1675329221386,9.732,7.151664611590629,1.256,13.853503184713375
p015-b4-t2,local_max,1939,1675328967061,1675328965122,7.733,3.6855036855036856,0.706,0.0
p015-b4-t3,local_max,3889,1675328994238,1675328990349,4.35,13.977011494252874,1.907,0.0
p015-b4-t4,local_max,1777,1675329037884,1675329036107,15.764,6.108855620400914,1.173,0.0
p015-b4-t5,local_max,2207,1675329067494,1675329065287,6.306,8.785283856644465,0.541,0.0
p015-b4-t6,local_max,2548,1675329093261,1675329090713,4.908,25.28524857375713,1.268,0.0
p015-b4-t7,local_max,2498,1675329122116,1675329119618,6.554,10.192249008239243,1.204,0.0
p015-b4-t8,local_max,8750,1675329157459,1675329148709,4.865,8.098663926002056,3.901,1.2048192771084338
p015-b4-t9,local_max,2515,1675329186813,1675329184298,5.591,8.710427472724021,1.2,0.0
p015-b5-t1,local_max,2089,1675329334219,1675329332130,3.541,35.30076249646992,1.21,0.0
p015-b5-t10,local_max,3068,1675329651288,1675329648220,2.283,14.98028909329829,1.207,0.0
p015-b5-t2,local_max,2377,1675329393755,1675329391378,20.963,11.601392930401182,1.349,6.449221645663455
p015-b5-t3,local_max,3552,1675329436434,1675329432882,9.648,3.959369817578773,2.242,1.784121320249777
p015-b5-t4,local_max,2970,1675329477652,1675329474682,10.94,8.23583180987203,1.603,4.990642545227698
p015-b5-t5,local_max,1926,1675329506764,1675329504838,5.796,17.287784679089025,0.838,0.0
p015-b5-t6,local_max,3801,1675329535330,1675329531529,4.459,45.52590266875981,2.169,16.874135546334717
p015-b5-t7,local_max,1268,1675329568234,1675329566966,6.87,9.25764192139738,0.987,0.0
p015-b5-t8,local_max,658,1675329594722,1675329594064,5.118,12.524423602969911,0.322,0.0
p015-b5-t9,local_max,2260,1675329629889,1675329627629,9.815,14.508405501782985,1.064,11.654135338345865
p015-b6-t1,local_max,931,1675329783976,1675329783045,5.494,13.942482708409173,0.675,0.0
p015-b6-t10,local_max,1746,1675330051182,1675330049436,6.239,14.36127584548806,0.91,13.296703296703297
p015-b6-t2,local_max,2609,1675329815871,1675329813262,6.911,10.273477065547677,1.439,23.6275191104934
p015-b6-t3,local_max,8760,1675329838767,1675329830007,0.073,0.0,3.643,2.1136426022508923
p015-b6-t4,local_max,1929,1675329870406,1675329868477,7.836,17.930066360387954,0.961,0.0
p015-b6-t5,local_max,6171,1675329898423,1675329892252,2.285,0.0,2.882,0.0
p015-b6-t6,local_max,1777,1675329929493,1675329927716,6.899,11.088563559936222,0.468,43.162393162393165
p015-b6-t7,local_max,5611,1675329960974,1675329955363,3.971,21.38000503651473,3.281,0.0
p015-b6-t8,local_max,898,1675329993958,1675329993060,5.405,12.210915818686402,0.629,0.0
p015-b6-t9,local_max,1443,1675330022782,1675330021339,5.947,8.794350092483604,0.76,21.842105263157894
p016-b1-t1,local_max,2320,1675331899294,1675331896974,9.12,38.00438596491228,1.492,0.0
p016-b1-t10,local_max,2101,1675332226797,1675332224696,8.428,31.039392501186523,1.455,32.78350515463917
p016-b1-t2,local_max,2865,1675331938101,1675331935236,5.058,25.049426650850137,1.475,4.677966101694915
p016-b1-t3,local_max,516,1675331983773,1675331983257,11.101,13.052878119088371,0.072,0.0
p016-b1-t4,local_max,25079,1675332024718,1675331999639,0.061,0.0,6.097,25.32392980154174
p016-b1-t5,local_max,5195,1675332067678,1675332062483,7.837,28.263366083960697,2.138,55.8465855940131
p016-b1-t6,local_max,1259,1675332095868,1675332094609,5.696,6.46067415730337,0.92,6.739130434782608
p016-b1-t7,median_fallback,3267,1675332126565,1675332123298,0.168,100.0,2.082,1.585014409221902
p016-b1-t8,local_max,6267,1675332160894,1675332154627,3.67,30.463215258855588,2.269,55.13442044953724
p016-b1-t9,local_max,1004,1675332189704,1675332188700,3.946,26.457171819564117,0.56,66.42857142857143
p016-b2-t1,local_max,10574,1675332377156,1675332366582,4.097,0.0,2.874,8.629088378566458
p016-b2-t10,local_max,6843,1675332671547,1675332664704,0.031,100.0,3.527,21.60476325489084
p016-b2-t2,median_fallback,17364,1675332410270,1675332392906,0.368,0.0,2.5,4.4
p016-b2-t3,local_max,6234,1675332434628,1675332428394,0.256,0.0,1.842,16.340933767643865
p016-b2-t4,local_max,5175,1675332476787,1675332471612,2.241,14.814814814814815,2.958,12.13657876943881
p016-b2-t5,median_fallback,574,1675332506474,1675332505900,0.0,,0.201,0.0
p016-b2-t6,local_max,642,1675332544067,1675332543425,7.039,13.32575649950277,0.386,0.0
p016-b2-t7,local_max,3355,1675332571434,1675332568079,4.009,20.878024444998754,2.262,68.96551724137932
p016-b2-t8,local_max,22282,1675332612460,1675332590178,0.661,0.0,3.291,0.0
p016-b2-t9,local_max,10503,1675332641978,1675332631475,2.138,0.0,1.515,0.0
p016-b3-t1,local_max,1378,1675332803860,1675332802482,3.0,29.966666666666665,0.938,0.0
p016-b3-t10,median_fallback,468,1675333100050,1675333099582,0.182,0.0,0.281,0.0
p016-b3-t2,local_max,3274,1675332831171,1675332827897,5.034,39.13388955105284,1.923,0.0
p016-b3-t3,local_max,41099,1675332887605,1675332846506,0.378,0.0,5.542,40.07578491519307
p016-b3-t4,local_max,10157,1675332920421,1675332910264,1.61,0.0,1.987,55.863110216406646
p016-b3-t5,local_max,9434,1675332945932,1675332936498,0.582,0.0,3.942,57.76255707762557
p016-b3-t6,local_max,6609,1675332970467,1675332963858,1.759,0.0,4.032,17.93154761904762
p016-b3-t7,local_max,21980,1675333012597,1675332990617,3.657,0.0,2.805,22.816399286987522
p016-b3-t8,median_fallback,384,1675333039172,1675333038788,0.168,19.642857142857142,0.149,0.0
p016-b3-t9,local_max,738,1675333073500,1675333072762,9.748,28.764874846122282,0.499,0.0
p016-b4-t1,local_max,1793,1675333373962,1675333372169,8.431,26.6041987901791,1.09,13.119266055045872
p016-b4-t10,median_fallback,532,1675333658257,1675333657725,0.274,0.0,0.29,0.0
p016-b4-t2,local_max,1702,1675333410963,1675333409261,4.899,53.29659114104919,0.993,36.75730110775428
p016-b4-t3,local_max,9401,1675333462380,1675333452979,3.554,9.060213843556555,4.388,25.752051048313582
p016-b4-t4,local_max,6486,1675333495603,1675333489117,1.008,25.793650793650794,2.828,0.0
p016-b4-t5,local_max,10438,1675333520914,1675333510476,0.275,0.0,2.409,13.491075134910751
p016-b4-t6,median_fallback,495,1675333549475,1675333548980,0.941,30.074388947927737,0.31,0.0
p016-b4-t7,median_fallback,612,1675333581681,1675333581069,0.34,40.88235294117647,0.178,0.0
p016-b4-t9,local_max,4955,1675333637891,1675333632936,3.38,0.0,1.109,0.0
p016-b5-t1,local_max,5685,1675333795079,1675333789394,5.508,18.663761801016705,3.297,1.3952077646345162
p016-b5-t10,local_max,9782,1675334076959,1675334067177,4.509,0.0,3.131,9.900990099009901
p016-b5-t2,local_max,1218,1675333823931,1675333822713,3.429,25.75094779819189,0.318,58.80503144654088
p016-b5-t3,local_max,1314,1675333859291,1675333857977,6.594,24.340309372156504,1.138,0.0
p016-b5-t4,local_max,11249,1675333885634,1675333874385,0.441,0.0,5.649,32.89077712869535
p016-b5-t5,local_max,13428,1675333917946,1675333904518,0.465,0.0,6.795,28.741721854304636
p016-b5-t6,median_fallback,2984,1675333946355,1675333943371,3.405,6.461086637298091,1.974,0.0
p016-b5-t7,local_max,19522,1675333986968,1675333967446,2.997,0.0,3.921,26.549349655700077
p016-b5-t8,local_max,5177,1675334013280,1675334008103,0.984,98.98373983739837,2.669,51.405020606968904
p016-b5-t9,median_fallback,653,1675334039457,1675334038804,0.813,60.02460024600246,0.457,8.971553610503282
p016-b6-t1,local_max,633,1675334189470,1675334188837,5.28,40.39772727272727,0.483,11.387163561076605
p016-b6-t10,local_max,6898,1675334506148,1675334499250,0.501,0.0,4.22,27.298578199052134
p016-b6-t2,local_max,7893,1675334232783,1675334224890,7.603,8.641325792450349,5.127,30.232104544567974
p016-b6-t3,local_max,11305,1675334268766,1675334257461,1.715,0.0,3.827,24.536190227332114
p016-b6-t4,local_max,4946,1675334306998,1675334302052,3.301,0.0,1.999,10.605302651325664
p016-b6-t5,local_max,4926,1675334353773,1675334348847,8.001,16.635420572428448,1.612,3.970223325062035
p016-b6-t6,local_max,3872,1675334382323,1675334378451,1.537,33.18152244632401,2.141,53.43297524521252
p016-b6-t7,local_max,1121,1675334404933,1675334403812,2.081,12.542047092743873,0.871,0.0
p016-b6-t8,local_max,9002,1675334442286,1675334433284,2.005,0.0,3.002,38.20786142571619
p016-b6-t9,local_max,26956,1675334484286,1675334457330,0.543,0.0,5.813,1.3934285222776535
p017-b1-t1,local_max,1250,1675345248890,1675345247640,4.048,26.82806324110672,1.176,0.0
p017-b1-t10,local_max,912,1675345496258,1675345495346,4.564,5.28045574057844,0.544,0.0
p017-b1-t2,local_max,10931,1675345277522,1675345266591,1.256,0.0,2.492,11.115569823434992
p017-b1-t3,local_max,7450,1675345302874,1675345295424,0.603,0.0,2.153,20.48304691128658
p017-b1-t4,local_max,8584,1675345326890,1675345318306,0.041,0.0,2.584,2.515479876160991
p017-b1-t5,local_max,718,1675345350514,1675345349796,1.985,28.564231738035264,0.498,0.0
p017-b1-t6,local_max,2730,1675345378834,1675345376104,4.162,60.35559827006247,2.009,83.17570930811348
p017-b1-t7,local_max,15976,1675345411272,1675345395296,1.808,0.0,2.33,25.450643776824034
p017-b1-t8,local_max,535,1675345438633,1675345438098,2.694,6.198960653303637,0.219,31.506849315068493
p017-b1-t9,local_max,12968,1675345466762,1675345453794,0.407,0.0,2.282,0.0
p017-b2-t1,local_max,689,1675345604874,1675345604185,1.457,67.53603294440632,0.462,0.0
p017-b2-t10,local_max,618,1675345821601,1675345820983,2.306,72.63660017346054,0.536,12.873134328358208
p017-b2-t2,local_max,921,1675345625273,1675345624352,3.542,30.547713156408808,0.552,27.355072463768117
p017-b2-t3,local_max,7080,1675345648584,1675345641504,1.386,0.0,2.244,6.907308377896613
p017-b2-t4,local_max,2467,1675345667505,1675345665038,1.456,21.634615384615383,1.982,56.91220988900101
p017-b2-t5,local_max,674,1675345699617,1675345698943,3.792,27.294303797468356,0.566,70.84805653710248
p017-b2-t6,local_max,11634,1675345726793,1675345715159,1.288,0.0,4.473,14.084507042253522
p017-b2-t7,local_max,7395,1675345749273,1675345741878,0.896,0.0,3.236,23.42398022249691
p017-b2-t8,local_max,8986,1675345773977,1675345764991,1.42,0.0,2.399,10.796165068778658
p017-b2-t9,local_max,5994,1675345804217,1675345798223,1.501,0.0,3.038,28.99934167215273
p017-b3-t1,local_max,2514,1675345928481,1675345925967,1.519,0.0,1.615,53.06501547987616
p017-b3-t10,local_max,14287,1675346127823,1675346113536,0.632,0.0,2.056,3.0155642023346303
p017-b3-t2,local_max,5368,1675345949719,1675345944351,1.531,0.0,2.403,0.0
p017-b3-t4,median_fallback,460,1675345986489,1675345986029,0.078,0.0,0.263,0.0
p017-b3-t5,local_max,937,1675346006776,1675346005839,1.807,2.102933038184837,0.636,19.654088050314467
p017-b3-t6,median_fallback,557,1675346030088,1675346029531,0.345,0.0,0.514,0.0
p017-b3-t7,local_max,4281,1675346054072,1675346049791,2.681,0.0,2.116,5.434782608695652
p017-b3-t8,local_max,6874,1675346080552,1675346073678,2.33,0.0,1.728,3.877314814814815
p017-b3-t9,median_fallback,2178,1675346098608,1675346096430,1.505,0.0,1.571,0.0
p017-b4-t1,local_max,1535,1675346239679,1675346238144,0.335,100.0,1.089,65.56473829201101
p017-b4-t10,local_max,6665,1675346432446,1675346425781,0.966,0.0,2.367,10.435149978876215
p017-b4-t2,local_max,7895,1675346262049,1675346254154,1.055,0.0,2.605,7.792706333973128
p017-b4-t3,local_max,3111,1675346284791,1675346281680,2.503,0.0,2.136,30.290262172284645
p017-b4-t4,local_max,809,1675346302103,1675346301294,1.36,89.41176470588235,0.505,79.00990099009901
p017-b4-t5,local_max,11433,1675346328854,1675346317421,0.8,0.0,3.866,0.0
p017-b4-t6,local_max,6604,1675346350295,1675346343691,0.433,0.0,2.706,6.984478935698448
p017-b4-t7,local_max,4331,1675346369181,1675346364850,0.781,0.0,1.467,8.1799591002045
p017-b4-t8,local_max,8243,1675346391520,1675346383277,0.242,0.0,1.813,3.6403750689464975
p017-b4-t9,local_max,3174,1675346409759,1675346406585,0.513,0.0,2.345,21.705756929637527
p017-b5-t1,local_max,470,1675346546079,1675346545609,1.761,59.6252129471891,0.33,0.0
p017-b5-t10,local_max,847,1675346782510,1675346781663,3.617,0.0,0.623,48.31460674157304
p017-b5-t3,local_max,4465,1675346595422,1675346590957,2.932,35.23192360163711,2.396,16.485809682804675
p017-b5-t4,local_max,4161,1675346632509,1675346628348,4.607,0.0,2.573,7.69529731830548
p017-b5-t5,local_max,4962,1675346652206,1675346647244,0.541,63.03142329020333,2.694,73.45953971789162
p017-b5-t6,local_max,11891,1675346680871,1675346668980,0.965,0.0,1.832,0.0
p017-b5-t7,local_max,8865,1675346711638,1675346702773,3.123,0.0,3.672,33.90522875816993
p017-b5-t8,local_max,6313,1675346733069,1675346726756,1.034,0.0,1.97,3.1472081218274113
p017-b5-t9,local_max,9952,1675346758293,1675346748341,0.888,0.0,1.921,7.287870900572618
p017-b6-t1,local_max,11353,1675346923076,1675346911723,0.682,0.0,4.697,2.959335746220992
p017-b6-t10,local_max,10593,1675347130119,1675347119526,1.209,0.0,3.255,0.0
p017-b6-t3,local_max,9130,1675346965805,1675346956675,1.925,0.0,4.489,7.0839830697259965
p017-b6-t4,local_max,5731,1675346993188,1675346987457,2.297,1.262516325642142,1.872,26.228632478632477
p017-b6-t5,local_max,1753,1675347011051,1675347009298,1.461,18.548939082819988,1.009,18.23587710604559
p017-b6-t6,local_max,8225,1675347034352,1675347026127,0.797,0.0,1.709,0.0
p017-b6-t7,local_max,10617,1675347059537,1675347048920,0.554,0.0,3.416,15.339578454332553
p017-b6-t8,local_max,473,1675347085376,1675347084903,5.68,4.066901408450704,0.206,0.0
p017-b6-t9,local_max,1228,1675347103906,1675347102678,2.36,96.77966101694915,0.737,12.618724559023066
p018-b1-t1,local_max,2593,1675779351501,1675779348908,2.02,59.554455445544555,1.887,0.0
p018-b1-t10,local_max,6408,1675779742067,1675779735659,4.143,0.0,3.594,22.6488592097941
p018-b1-t2,local_max,1612,1675779386229,1675779384617,3.999,11.352838209552388,1.152,14.496527777777779
p018-b1-t3,local_max,1019,1675779423357,1675779422338,9.988,38.83660392470965,0.913,10.514786418400876
p018-b1-t4,local_max,3866,1675779478918,1675779475052,11.9,31.596638655462186,3.04,0.0
p018-b1-t5,local_max,3483,1675779525453,1675779521970,7.589,17.43312689418896,2.217,0.0
p018-b1-t6,local_max,780,1675779583813,1675779583033,10.06,2.176938369781312,0.539,0.0
p018-b1-t7,local_max,1536,1675779616676,1675779615140,3.155,9.54041204437401,1.013,24.383020730503453
p018-b1-t8,local_max,1585,1675779647966,1675779646381,1.18,0.0,0.92,0.0
p018-b1-t9,local_max,6418,1675779690837,1675779684419,3.509,14.078084924479908,4.18,8.971291866028707
p018-b2-t1,local_max,1962,1675779873085,1675779871123,3.548,25.08455467869222,1.354,0.0
p018-b2-t2,median_fallback,2068,1675779911357,1675779909289,2.778,12.778977681785458,1.676,0.0
p018-b2-t3,local_max,12618,1675779955212,1675779942594,1.69,0.0,6.41,21.38845553822153
p018-b2-t4,local_max,6414,1675780006572,1675780000158,2.461,86.3876472978464,4.729,87.84098117995347
p018-b2-t5,local_max,2002,1675780077252,1675780075250,10.851,1.4192240346511842,1.418,0.0
p018-b2-t7,local_max,6315,1675780199453,1675780193138,1.519,0.0,4.272,31.062734082397004
p018-b2-t8,local_max,3681,1675780241675,1675780237994,8.939,4.642577469515606,2.943,0.0
p018-b2-t9,local_max,891,1675780291461,1675780290570,5.742,4.38871473354232,0.655,0.0
p018-b3-t10,median_fallback,7555,1675780930780,1675780923225,3.088,20.433937823834196,4.007,0.0
p018-b3-t2,local_max,6457,1675780602683,1675780596226,3.452,0.0,2.159,0.0
p018-b3-t3,local_max,5920,1675780641363,1675780635443,1.911,0.0,2.398,0.0
p018-b3-t4,local_max,2818,1675780687739,1675780684921,7.435,5.339609952925353,1.757,0.0
p018-b3-t5,local_max,635,1675780727316,1675780726681,10.057,3.509993039673859,0.574,22.299651567944252
p018-b3-t6,median_fallback,1288,1675780764388,1675780763100,0.258,0.0,1.093,0.0
p018-b3-t7,local_max,1106,1675780794379,1675780793273,0.579,37.13298791018998,0.462,0.0
p018-b3-t8,local_max,9642,1675780826539,1675780816897,0.514,36.96498054474708,3.055,32.700490998363335
p018-b3-t9,local_max,12557,1675780885188,1675780872631,9.104,0.9226713532513181,2.232,0.0
p018-b4-t1,median_fallback,6216,1675781165314,1675781159098,0.468,0.0,2.5,0.0
p018-b4-t10,local_max,978,1675781515874,1675781514896,5.072,26.34069400630915,0.909,0.0
p018-b4-t2,local_max,2002,1675781191090,1675781189088,2.304,0.0,1.41,2.6950354609929077
p018-b4-t3,local_max,20645,1675781241139,1675781220494,2.04,41.42156862745098,8.524,73.88549976536837
p018-b4-t4,local_max,2215,1675781263962,1675781261747,0.0,,1.658,21.411338962605548
p018-b4-t5,local_max,8082,1675781302035,1675781293953,1.799,59.36631461923291,3.575,8.195804195804195
p018-b4-t6,local_max,21792,1675781349057,1675781327265,0.816,0.0,3.546,8.685843203609702
p018-b4-t7,local_max,8259,1675781387883,1675781379624,2.594,2.6214340786430226,2.019,17.830609212481427
p018-b4-t8,local_max,2505,1675781446313,1675781443808,7.579,6.874257817654044,2.13,0.0
p018-b4-t9,local_max,6756,1675781477865,1675781471109,2.49,47.269076305220885,2.991,0.0
p018-b5-t1,local_max,5445,1675781802344,1675781796899,1.003,0.0,2.549,0.0
p018-b5-t10,local_max,1882,1675782108177,1675782106295,3.45,18.782608695652176,1.41,0.0
p018-b5-t2,median_fallback,2395,1675781835786,1675781833391,0.092,0.0,1.87,0.0
p018-b5-t3,local_max,2101,1675781870209,1675781868108,1.392,35.48850574712644,1.271,39.96852871754524
p018-b5-t4,local_max,4113,1675781900594,1675781896481,0.096,31.25,1.905,3.3070866141732282
p018-b5-t5,local_max,1786,1675781925585,1675781923799,3.198,11.632270168855534,1.429,0.0
p018-b5-t6,median_fallback,3096,1675781954842,1675781951746,3.774,23.7413884472708,1.785,7.955182072829132
p018-b5-t7,local_max,15825,1675781989424,1675781973599,0.023,0.0,2.421,32.465923172242874
p018-b5-t8,local_max,20329,1675782045857,1675782025528,4.383,58.270590919461554,2.736,12.463450292397662
p018-b5-t9,local_max,2385,1675782084416,1675782082031,2.817,26.837060702875398,1.671,5.086774386594853
p018-b6-t1,local_max,3393,1675782236960,1675782233567,0.144,100.0,2.387,12.568077084206116
p018-b6-t10,local_max,17443,1675782574216,1675782556773,8.546,7.980341680318277,5.201,0.0
p018-b6-t2,local_max,14311,1675782273969,1675782259658,0.565,53.80530973451327,5.842,66.38137624101336
p018-b6-t3,local_max,1229,1675782295625,1675782294396,0.009,100.0,0.871,32.03214695752009
p018-b6-t4,local_max,1067,1675782319272,1675782318205,0.069,0.0,0.853,24.73622508792497
p018-b6-t5,local_max,3947,1675782351559,1675782347612,1.693,40.165386887182514,2.021,15.734784760019792
p018-b6-t6,local_max,26032,1675782407633,1675782381601,0.512,84.375,8.204,18.088737201365188
p018-b6-t7,local_max,994,1675782438392,1675782437398,0.391,47.05882352941177,0.673,19.316493313521544
p018-b6-t8,local_max,1259,1675782474521,1675782473262,6.926,49.43690441813457,0.93,0.0
p018-b6-t9,median_fallback,3750,1675782506159,1675782502409,0.327,79.81651376146789,2.615,0.0
p019-b1-t1,local_max,1703,1675857037893,1675857036190,1.943,0.0,1.196,18.645484949832777
p019-b1-t10,local_max,4067,1675857313579,1675857309512,5.075,3.8226600985221677,3.094,4.298642533936651
p019-b1-t2,local_max,3065,1675857058516,1675857055451,1.796,0.0,2.055,0.0
p019-b1-t3,local_max,1410,1675857089428,1675857088018,9.697,7.961225121171497,0.878,34.7380410022779
p019-b1-t4,local_max,4460,1675857115308,1675857110848,2.961,0.0,3.037,25.946657886071783
p019-b1-t5,local_max,2899,1675857153300,1675857150401,9.882,2.9751062537947783,2.263,8.572691117984975
p019-b1-t6,local_max,1025,1675857173779,1675857172754,2.567,0.0,0.815,23.190184049079754
p019-b1-t7,local_max,2649,1675857212538,1675857209889,12.179,4.458494129238853,1.923,3.848153926157046
p019-b1-t8,local_max,3748,1675857255963,1675857252215,15.256,2.320398531725223,2.509,0.0
p019-b1-t9,local_max,880,1675857285434,1675857284554,10.099,6.099613823150807,0.502,0.0
p019-b2-t1,local_max,1647,1675857570754,1675857569107,1.365,13.113553113553113,1.268,0.0
p019-b2-t10,local_max,2184,1675857951729,1675857949545,7.514,3.0343359063082245,0.44,3.1818181818181817
p019-b2-t2,local_max,1636,1675857615145,1675857613509,14.513,2.625232550127472,1.361,0.0
p019-b2-t3,local_max,2217,1675857670664,1675857668447,22.887,8.677415126491022,1.584,0.0
p019-b2-t4,local_max,1141,1675857702553,1675857701412,8.215,5.78210590383445,0.91,0.0
p019-b2-t5,local_max,5845,1675857747492,1675857741647,12.699,0.0,3.971,0.0
p019-b2-t6,local_max,2817,1675857792113,1675857789296,13.814,13.232952077602432,2.097,41.58321411540296
p019-b2-t7,local_max,2867,1675857838706,1675857835839,18.561,1.9395506707612737,2.115,0.0
p019-b2-t8,local_max,1476,1675857879761,1675857878285,10.79,4.263206672845227,1.09,0.0
p019-b2-t9,local_max,1182,1675857921920,1675857920738,14.747,5.980877466603377,0.578,28.027681660899653
p019-b3-t1,local_max,3092,1675858082193,1675858079101,3.373,0.0,1.723,35.28728961114336
p019-b3-t10,local_max,6566,1675858400411,1675858393845,28.009,0.4891284944125103,3.382,6.120638675340036
p019-b3-t2,local_max,1426,1675858098241,1675858096815,0.319,0.0,0.802,0.0
p019-b3-t3,local_max,1184,1675858145065,1675858143881,15.777,4.639665335615136,0.74,31.62162162162162
p019-b3-t4,local_max,4377,1675858167129,1675858162752,1.955,11.304347826086957,3.409,0.0
p019-b3-t5,local_max,1856,1675858211963,1675858210107,18.395,3.5607502038597443,1.059,0.0
p019-b3-t6,local_max,2167,1675858236067,1675858233900,4.357,17.83337158595364,1.723,3.0179918746372607
p019-b3-t8,local_max,5281,1675858305194,1675858299913,13.863,0.0,2.033,0.0
p019-b3-t9,local_max,1481,1675858331538,1675858330057,6.796,37.09535020600353,0.898,20.601336302895323
p019-b4-t1,local_max,1736,1675858538602,1675858536866,15.335,2.2627975220084773,1.301,0.0
p019-b4-t10,local_max,5943,1675858997729,1675858991786,9.81,3.9041794087665647,4.405,2.0431328036322363
p019-b4-t2,local_max,3992,1675858596968,1675858592976,13.674,0.0,2.55,0.0
p019-b4-t3,local_max,898,1675858645264,1675858644366,18.062,7.668032333074964,0.663,29.110105580693816
p019-b4-t4,local_max,3527,1675858678791,1675858675264,9.5,0.0,1.906,22.770199370409234
p019-b4-t5,local_max,8289,1675858722453,1675858714164,12.176,14.117936925098554,5.294,4.363430298451076
p019-b4-t6,local_max,617,1675858755525,1675858754908,11.831,2.8315442481616095,0.4,6.0
p019-b4-t7,local_max,3039,1675858813988,1675858810949,12.437,0.35378306665594594,1.929,10.368066355624675
p019-b4-t9,local_max,6993,1675858959194,1675858952201,30.33,4.632377184305968,4.52,0.0
p019-b5-t1,local_max,2881,1675859154897,1675859152016,5.667,2.2410446444326806,2.363,0.0
p019-b5-t10,local_max,6184,1675859469575,1675859463391,9.224,0.5203816131830009,3.934,10.701576004067107
p019-b5-t3,local_max,9505,1675859212168,1675859202663,3.618,19.928137092316195,2.173,0.0
p019-b5-t4,local_max,2639,1675859241656,1675859239017,4.792,3.9232053422370616,1.587,0.3780718336483932
p019-b5-t5,local_max,3296,1675859270408,1675859267112,6.799,0.0,1.31,13.358778625954198
p019-b5-t6,local_max,3834,1675859309945,1675859306111,9.911,4.671577035616991,2.772,7.6479076479076475
p019-b5-t7,local_max,9439,1675859353486,1675859344047,9.533,5.6225742158816745,5.14,3.5797665369649807
p019-b5-t8,local_max,2585,1675859386263,1675859383678,9.553,0.0,1.55,15.03225806451613
p019-b5-t9,local_max,12146,1675859427887,1675859415741,7.968,0.0,5.627,4.105207037497778
p019-b6-t1,local_max,2912,1675859631646,1675859628734,16.344,1.3521781693587862,1.883,15.082315454062666
p019-b6-t10,local_max,3495,1675859999342,1675859995847,0.863,0.0,2.331,15.057915057915057
p019-b6-t2,local_max,2473,1675859673423,1675859670950,13.828,4.3968759039629735,1.896,0.0
p019-b6-t3,local_max,1118,1675859693504,1675859692386,2.277,0.0,0.818,7.45721271393643
p019-b6-t4,local_max,2624,1675859758981,1675859756357,25.615,9.779426117509272,1.402,0.28530670470756064
p019-b6-t6,median_fallback,814,1675859910157,1675859909343,0.348,100.0,0.406,24.63054187192118
p019-b6-t7,local_max,1454,1675859934172,1675859932718,5.237,6.797784991407294,0.943,0.0
p019-b6-t8,local_max,2665,1675859952477,1675859949812,0.62,0.0,1.968,0.0
p019-b6-t9,local_max,642,1675859980461,1675859979819,6.711,3.784830874683356,0.508,0.0
p020-b1-t1,local_max,6715,1675865669697,1675865662982,12.499,4.5443635490839265,4.389,2.460697197539303
p020-b1-t2,local_max,5611,1675865712330,1675865706719,11.418,0.0,3.148,41.74078780177891
p020-b1-t3,local_max,5453,1675865767480,1675865762027,6.728,0.0,3.859,17.647058823529413
p020-b1-t4,local_max,4519,1675865826810,1675865822291,10.04,18.247011952191237,1.888,0.0
p020-b1-t5,local_max,7497,1675865880287,1675865872790,4.288,40.20522388059702,3.473,37.23006046645551
p020-b1-t6,local_max,14589,1675865933496,1675865918907,13.107,0.0,5.702,8.681164503682918
p020-b1-t7,local_max,5533,1675866003280,1675865997747,21.082,3.9132909591120386,3.272,38.386308068459655
p020-b1-t8,local_max,46635,1675866069265,1675866022630,0.985,0.0,3.041,1.1180532719500165
p020-b1-t9,local_max,10826,1675866099615,1675866088789,0.592,41.0472972972973,3.796,10.985247629083245
p020-b2-t1,local_max,18673,1675866479063,1675866460390,5.426,0.0,6.122,0.0
p020-b2-t10,local_max,8848,1675866976382,1675866967534,5.481,0.0,5.361,9.606416713299758
p020-b2-t2,local_max,3833,1675866522013,1675866518180,7.538,0.0,2.537,7.646826960977532
p020-b2-t3,median_fallback,2274,1675866563229,1675866560955,1.76,13.238636363636363,1.909,0.0
p020-b2-t4,local_max,1961,1675866614934,1675866612973,9.7,15.072164948453608,1.06,3.8679245283018866
p020-b2-t5,local_max,4228,1675866672999,1675866668771,2.609,25.833652740513607,2.825,3.2920353982300883
p020-b2-t6,local_max,6500,1675866723809,1675866717309,6.839,18.6869425354584,2.992,26.470588235294116
p020-b2-t7,local_max,1585,1675866779983,1675866778398,14.806,3.7484803458057545,1.03,0.0
p020-b2-t8,local_max,8682,1675866846493,1675866837811,10.334,9.72517902070834,3.565,6.535764375876578
p020-b2-t9,local_max,6990,1675866909597,1675866902607,5.381,18.56532243077495,3.673,8.276613122787913
p020-b3-t1,local_max,7362,1675867200381,1675867193019,1.592,32.663316582914575,3.5,28.314285714285713
p020-b3-t10,local_max,36984,1675867614624,1675867577640,0.56,0.0,4.375,5.28
p020-b3-t2,local_max,1926,1675867252708,1675867250782,5.365,0.0,1.155,8.571428571428571
p020-b3-t3,local_max,7612,1675867300797,1675867293185,7.126,5.388717373000281,6.196,0.0
p020-b3-t4,local_max,5826,1675867350508,1675867344682,4.706,4.377390565235869,3.162,21.410499683744465
p020-b3-t5,local_max,5209,1675867374069,1675867368860,1.085,27.096774193548388,1.882,0.0
p020-b3-t6,local_max,8070,1675867406986,1675867398916,1.054,0.0,3.012,0.0
p020-b3-t7,local_max,8732,1675867444485,1675867435753,2.197,0.0,3.543,24.865932825289303
p020-b3-t8,median_fallback,1639,1675867488923,1675867487284,2.008,63.69521912350598,0.876,0.0
p020-b3-t9,local_max,22779,1675867551140,1675867528361,0.503,0.0,2.325,0.0
p020-b4-t1,local_max,2497,1675867891193,1675867888696,5.445,5.638200183654729,1.358,10.824742268041238
p020-b4-t10,local_max,2875,1675868328173,1675868325298,4.309,9.375725226270596,1.665,0.0
p020-b4-t2,local_max,2642,1675867947752,1675867945110,8.638,16.85575364667747,1.83,7.26775956284153
p020-b4-t3,median_fallback,1041,1675867970793,1675867969752,0.0,,0.759,0.0
p020-b4-t4,local_max,4099,1675868029953,1675868025854,6.443,38.35169951885767,2.496,0.0
p020-b4-t5,local_max,2256,1675868070991,1675868068735,7.482,49.15797914995991,1.429,6.088173547935619
p020-b4-t6,local_max,6176,1675868118897,1675868112721,4.952,0.0,3.98,0.0
p020-b4-t7,local_max,8810,1675868170230,1675868161420,4.982,13.388197511039744,3.498,2.115494568324757
p020-b4-t8,local_max,14161,1675868219599,1675868205438,3.842,0.0,3.885,10.244530244530244
p020-b4-t9,median_fallback,1891,1675868268741,1675868266850,2.562,9.758001561280249,1.516,5.936675461741425
p020-b5-t1,local_max,11466,1675868648979,1675868637513,8.098,5.754507285749567,3.319,0.0
p020-b5-t10,local_max,35706,1675869130171,1675869094465,0.213,0.0,2.352,0.0
p020-b5-t2,local_max,9185,1675868676163,1675868666978,1.105,0.0,1.534,0.0
p020-b5-t3,local_max,6955,1675868738779,1675868731824,10.316,8.559519193485848,4.567,0.0
p020-b5-t4,local_max,1963,1675868786035,1675868784072,6.452,0.0,0.607,36.24382207578254
p020-b5-t5,median_fallback,920,1675868846938,1675868846018,1.307,21.193573068094874,0.454,22.026431718061673
p020-b5-t6,local_max,5083,1675868895996,1675868890913,12.559,1.2182498606576957,2.609,6.170946722882331
p020-b5-t7,local_max,1225,1675868961882,1675868960657,7.127,14.213554090079977,0.818,23.838630806845966
p020-b5-t8,local_max,8433,1675869009402,1675869000969,2.974,7.901815736381977,3.051,0.0
p020-b5-t9,local_max,52322,1675869077330,1675869025008,0.417,0.0,5.411,0.0
p020-b6-t1,local_max,4088,1675869488302,1675869484214,19.42,14.515962924819773,3.164,31.289506953223768
p020-b6-t10,local_max,3315,1675870026391,1675870023076,16.502,0.0,2.229,28.57783759533423
p020-b6-t2,local_max,5449,1675869555894,1675869550445,3.449,0.0,2.769,7.042253521126761
p020-b6-t3,local_max,9331,1675869614391,1675869605060,8.485,19.62286387743076,2.499,3.641456582633053
p020-b6-t4,local_max,43290,1675869672910,1675869629620,0.282,45.744680851063826,2.129,1.2682010333489901
p020-b6-t5,local_max,4457,1675869742773,1675869738316,14.884,26.337006181134104,2.999,0.0
p020-b6-t6,local_max,28872,1675869790660,1675869761788,1.656,0.0,2.775,5.081081081081081
p020-b6-t7,local_max,32180,1675869841334,1675869809154,1.496,0.0,4.465,9.742441209406495
p020-b6-t8,local_max,1322,1675869890766,1675869889444,0.709,45.27503526093089,1.125,0.0
p020-b6-t9,local_max,8551,1675869953710,1675869945159,5.396,3.8176426982950336,1.872,0.0
p021-b1-t1,local_max,3828,1675943779812,1675943775984,5.528,52.40593342981187,1.173,20.034100596760442
p021-b1-t10,median_fallback,867,1675944116869,1675944116002,3.033,0.0,0.484,0.0
p021-b1-t2,local_max,1426,1675943828268,1675943826842,11.98,72.78797996661102,0.523,39.19694072657744
p021-b1-t4,local_max,7292,1675943907716,1675943900424,7.274,0.0,3.551,39.087580963108984
p021-b1-t5,local_max,7874,1675943931668,1675943923794,0.4,0.0,2.674,15.332834704562453
p021-b1-t6,local_max,4636,1675943977420,1675943972784,8.601,1.639344262295082,2.796,58.047210300429185
p021-b1-t7,local_max,3183,1675944014892,1675944011709,10.454,9.22135067916587,2.009,5.724240915878546
p021-b1-t8,median_fallback,1658,1675944040435,1675944038777,1.605,41.308411214953274,1.42,26.760563380281692
p021-b1-t9,local_max,1161,1675944079708,1675944078547,5.312,20.896084337349397,1.019,33.7585868498528
p021-b2-t1,local_max,4027,1675944258915,1675944254888,8.742,3.534660260809883,3.106,0.0
p021-b2-t10,local_max,1931,1675944617328,1675944615397,0.663,0.0,0.562,0.0
p021-b2-t2,local_max,8233,1675944294818,1675944286585,4.653,0.0,3.249,27.700831024930746
p021-b2-t3,median_fallback,792,1675944329820,1675944329028,4.602,17.73142112125163,0.646,0.0
p021-b2-t4,local_max,2147,1675944370197,1675944368050,3.819,10.290652003142183,1.633,52.35762400489896
p021-b2-t5,local_max,14562,1675944419987,1675944405425,5.238,27.66323024054983,3.228,0.0
p021-b2-t6,median_fallback,1976,1675944457811,1675944455835,4.801,42.36617371380962,1.346,3.789004457652303
p021-b2-t7,local_max,6575,1675944513641,1675944507066,6.176,13.843911917098445,4.819,59.20315418136543
p021-b2-t8,local_max,3055,1675944556521,1675944553466,9.545,0.0,2.156,0.0
p021-b2-t9,local_max,3346,1675944586727,1675944583381,7.241,4.1568844082309075,2.682,82.84862043251304
p021-b3-t1,local_max,2536,1675945047396,1675945044860,4.518,11.376715360779105,1.875,0.0
p021-b3-t10,median_fallback,866,1675945408035,1675945407169,3.959,43.24324324324324,0.656,27.591463414634145
p021-b3-t2,local_max,2298,1675945084828,1675945082530,1.149,0.0,1.967,0.0
p021-b3-t4,local_max,8370,1675945163924,1675945155554,3.248,0.0,2.036,35.26522593320236
p021-b3-t5,local_max,913,1675945214699,1675945213786,7.214,2.6892154144718603,0.637,0.0
p021-b3-t6,local_max,2890,1675945244876,1675945241986,4.519,15.335251161761452,2.151,17.01534170153417
p021-b3-t7,local_max,5986,1675945289076,1675945283090,9.177,0.0,2.742,27.899343544857768
p021-b3-t8,local_max,2253,1675945335086,1675945332833,3.466,55.82804385458742,1.538,23.146944083224966
p021-b3-t9,local_max,1379,1675945368884,1675945367505,8.842,11.320968106763175,1.109,0.0
p021-b4-t1,local_max,2106,1675945535331,1675945533225,1.552,0.0,1.453,0.0
p021-b4-t10,local_max,1854,1675945936795,1675945934941,7.537,0.0,1.446,0.0
p021-b4-t2,local_max,8745,1675945588939,1675945580194,7.63,0.0,2.855,11.978984238178635
p021-b4-t3,local_max,1434,1675945635827,1675945634393,8.257,9.33753179120746,0.908,11.45374449339207
p021-b4-t4,local_max,7267,1675945665460,1675945658193,1.236,0.0,3.633,30.388109000825764
p021-b4-t5,local_max,13746,1675945715484,1675945701738,10.395,0.1924001924001924,1.915,0.0
p021-b4-t6,local_max,1490,1675945757419,1675945755929,4.379,25.416761817766613,1.087,11.039558417663294
p021-b4-t7,local_max,1335,1675945781196,1675945779861,1.622,27.18865598027127,0.915,8.743169398907105
p021-b4-t8,local_max,11797,1675945834892,1675945823095,6.105,11.744471744471744,1.253,0.0
p021-b4-t9,local_max,2353,1675945879386,1675945877033,1.533,0.0,1.879,24.74720596061735
p021-b5-t1,local_max,953,1675946049419,1675946048466,4.318,25.10421491431218,0.586,0.0
p021-b5-t10,local_max,30546,1675946332939,1675946302393,0.96,0.0,1.604,0.0
p021-b5-t2,local_max,972,1675946075644,1675946074672,2.0,9.0,0.64,0.0
p021-b5-t3,local_max,857,1675946100875,1675946100018,0.008,0.0,0.803,24.159402241594023
p021-b5-t4,median_fallback,2100,1675946128826,1675946126726,5.416,8.862629246676514,1.664,0.0
p021-b5-t5,local_max,1090,1675946151259,1675946150169,0.258,100.0,0.76,28.42105263157895
p021-b5-t6,local_max,1559,1675946191130,1675946189571,6.203,3.5466709656617765,0.896,20.870535714285715
p021-b5-t7,local_max,1442,1675946211307,1675946209865,0.0,,0.821,33.49573690621194
p021-b5-t8,local_max,2930,1675946245739,1675946242809,0.279,67.38351254480287,2.07,18.405797101449274
p021-b5-t9,local_max,4906,1675946279899,1675946274993,3.489,5.732301519059902,1.758,8.020477815699659
p021-b6-t1,local_max,7699,1675946463812,1675946456113,12.035,2.5592023265475694,4.007,16.87047666583479
p021-b6-t10,local_max,8449,1675946778105,1675946769656,11.765,1.1389715257118571,2.378,6.055508830950378
p021-b6-t2,local_max,987,1675946491283,1675946490296,4.92,26.788617886178862,0.835,47.90419161676647
p021-b6-t3,local_max,977,1675946514921,1675946513944,0.283,0.0,0.671,0.0
p021-b6-t4,local_max,1439,1675946537409,1675946535970,2.474,24.858528698464024,1.196,3.42809364548495
p021-b6-t5,median_fallback,753,1675946577010,1675946576257,5.003,4.417349590245853,0.582,0.0
p021-b6-t6,local_max,1322,1675946615850,1675946614528,7.664,0.0,1.1,0.0
p021-b6-t7,local_max,9179,1675946653818,1675946644639,6.268,0.0,3.722,4.836109618484685
p021-b6-t8,local_max,1410,1675946702274,1675946700864,10.362,0.0,1.174,0.0
p021-b6-t9,median_fallback,1141,1675946723298,1675946722157,2.321,12.580784144765188,0.843,13.2858837485172
p022-b1-t1,local_max,2563,1675948678020,1675948675457,8.71,26.521239954075774,1.846,28.927410617551462
p022-b1-t10,local_max,1065,1675948989181,1675948988116,2.36,13.686440677966102,0.408,84.80392156862744
p022-b1-t2,local_max,1414,1675948713673,1675948712259,4.656,44.11512027491409,1.033,39.49661181026138
p022-b1-t3,local_max,16472,1675948772696,1675948756224,8.407,13.619602712025692,4.497,1.845674894374027
p022-b1-t4,local_max,1286,1675948808112,1675948806826,9.555,4.332810047095761,0.73,58.9041095890411
p022-b1-t5,local_max,9394,1675948835415,1675948826021,2.406,15.876974231088944,4.83,17.349896480331264
p022-b1-t6,median_fallback,5730,1675948858023,1675948852293,1.331,66.79188580015027,3.532,37.99546998867497
p022-b1-t7,local_max,3386,1675948894399,1675948891013,6.029,16.08890363244319,2.643,0.0
p022-b1-t8,local_max,1610,1675948928128,1675948926518,3.593,12.747008071249653,0.998,44.88977955911824
p022-b1-t9,local_max,7057,1675948951303,1675948944246,0.33,0.0,2.502,33.69304556354916
p022-b2-t1,median_fallback,3289,1675949166925,1675949163636,2.497,0.0,1.855,0.0
p022-b2-t10,local_max,6590,1675949510860,1675949504270,4.596,2.741514360313316,4.133,6.315025405274619
p022-b2-t2,local_max,14036,1675949199366,1675949185330,1.084,0.0,3.785,23.989431968295904
p022-b2-t3,local_max,2315,1675949218366,1675949216051,1.499,49.166110740493664,1.619,30.636195182211242
p022-b2-t4,local_max,2578,1675949244669,1675949242091,4.217,8.086317287170974,1.676,8.41288782816229
p022-b2-t5,local_max,2301,1675949305023,1675949302722,12.515,9.908110267678785,1.658,12.123039806996381
p022-b2-t6,local_max,2562,1675949346604,1675949344042,7.709,0.0,1.356,0.0
p022-b2-t7,median_fallback,19648,1675949390213,1675949370565,4.14,0.0,2.853,0.0
p022-b2-t8,local_max,14012,1675949425779,1675949411767,1.343,0.0,6.929,34.44941550007216
p022-b2-t9,local_max,4169,1675949473564,1675949469395,9.095,5.134689389774602,3.252,0.0
p022-b3-t1,local_max,11944,1675949651068,1675949639124,4.295,43.91152502910361,7.705,11.680726800778714
p022-b3-t10,local_max,5042,1675949912427,1675949907385,6.007,38.52172465456967,2.321,8.40155105557949
p022-b3-t2,median_fallback,4170,1675949672363,1675949668193,2.336,42.76541095890411,2.192,0.0
p022-b3-t3,median_fallback,7439,1675949712491,1675949705052,4.214,14.40436639772188,1.888,0.0
p022-b3-t4,local_max,1007,1675949742715,1675949741708,8.677,4.344819638123775,0.638,30.407523510971785
p022-b3-t5,local_max,3485,1675949792475,1675949788990,7.796,29.78450487429451,2.571,0.0
p022-b3-t6,local_max,4955,1675949813171,1675949808216,0.538,100.0,3.275,30.9618320610687
p022-b3-t7,local_max,4291,1675949838021,1675949833730,0.288,100.0,3.504,32.10616438356164
p022-b3-t8,median_fallback,890,1675949856043,1675949855153,0.29,100.0,0.54,0.0
p022-b3-t9,local_max,1301,1675949884676,1675949883375,5.031,43.70900417412045,0.86,32.325581395348834
p022-b4-t1,median_fallback,7673,1675950047027,1675950039354,0.474,0.0,2.301,0.0
p022-b4-t10,local_max,6616,1675950247688,1675950241072,0.66,50.90909090909091,4.597,13.139003698063954
p022-b4-t2,local_max,5412,1675950069426,1675950064014,1.965,28.295165394402037,3.65,45.31506849315068
p022-b4-t3,local_max,3185,1675950087492,1675950084307,0.362,62.70718232044199,2.442,7.166257166257166
p022-b4-t4,median_fallback,989,1675950105771,1675950104782,0.448,100.0,0.356,50.28089887640449
p022-b4-t5,median_fallback,763,1675950136667,1675950135904,0.0,,0.574,5.923344947735192
p022-b4-t6,median_fallback,754,1675950164051,1675950163297,1.76,92.5,0.399,7.769423558897243
p022-b4-t7,median_fallback,1708,1675950184697,1675950182989,0.271,100.0,1.345,12.936802973977695
p022-b4-t8,median_fallback,2527,1675950205008,1675950202481,0.755,94.03973509933775,1.98,1.1616161616161615
p022-b4-t9,median_fallback,729,1675950226754,1675950226025,5.542,12.161674485745218,0.587,0.0
p022-b5-t1,local_max,1069,1675950439905,1675950438836,0.6,0.0,0.689,0.0
p022-b5-t10,local_max,1156,1675950640256,1675950639100,7.276,5.497526113249038,0.919,0.0
p022-b5-t2,local_max,401,1675950459113,1675950458712,3.312,22.192028985507246,0.186,0.0
p022-b5-t3,median_fallback,314,1675950475720,1675950475406,0.037,0.0,0.314,0.0
p022-b5-t4,local_max,841,1675950494008,1675950493167,0.096,100.0,0.707,68.5997171145686
p022-b5-t5,local_max,6787,1675950515450,1675950508663,0.682,100.0,3.714,48.97684437264405
p022-b5-t6,median_fallback,4515,1675950540418,1675950535903,2.216,18.501805054151625,2.477,4.481227291077917
p022-b5-t7,local_max,4321,1675950562161,1675950557840,1.816,30.451541850220263,3.21,33.45794392523364
p022-b5-t8,local_max,13251,1675950591288,1675950578037,0.773,0.0,9.482,23.08584686774942
p022-b5-t9,local_max,2729,1675950610807,1675950608078,1.525,27.40983606557377,1.787,20.76105204252938
p022-b6-t1,local_max,770,1675950771830,1675950771060,3.451,23.384526224282816,0.629,0.0
p022-b6-t10,local_max,1006,1675950988548,1675950987542,4.41,25.555555555555557,0.806,42.4317617866005
p022-b6-t2,local_max,1785,1675950793830,1675950792045,2.838,47.11064129668781,1.209,0.0
p022-b6-t3,local_max,1906,1675950823926,1675950822020,1.986,59.71802618328298,1.754,34.77765108323831
p022-b6-t5,local_max,5905,1675950875317,1675950869412,6.408,3.9794007490636703,3.282,9.140767824497258
p022-b6-t6,median_fallback,589,1675950893183,1675950892594,0.209,100.0,0.576,34.72222222222222
p022-b6-t7,local_max,707,1675950918126,1675950917419,3.626,24.931053502482072,0.479,0.0
p022-b6-t8,local_max,3113,1675950937542,1675950934429,0.754,100.0,2.434,46.6721446179129
p022-b6-t9,local_max,818,1675950959357,1675950958539,2.636,0.0,0.575,56.52173913043478
p023-b1-t1,local_max,3716,1676386345035,1676386341319,6.566,14.057264696923546,2.949,68.42997626314005
p023-b1-t10,local_max,1290,1676386588665,1676386587375,2.013,43.21907600596125,0.99,46.26262626262626
p023-b1-t3,local_max,1640,1676386388129,1676386386489,3.528,58.53174603174603,1.395,19.06810035842294
p023-b1-t4,local_max,3265,1676386412545,1676386409280,4.989,22.9304469833634,2.269,18.95107977082415
p023-b1-t6,local_max,1719,1676386468729,1676386467010,5.755,50.54735013032146,1.099,40.94631483166515
p023-b1-t7,local_max,6475,1676386493328,1676386486853,3.272,0.0,0.625,19.84
p023-b2-t1,local_max,1030,1676386701944,1676386700914,2.021,61.1578426521524,0.747,0.0
p023-b2-t10,local_max,1185,1676386954296,1676386953111,1.776,100.0,0.798,39.097744360902254
p023-b2-t2,local_max,3613,1676386728785,1676386725172,1.383,45.91467823571945,2.277,0.0
p023-b2-t3,local_max,961,1676386760057,1676386759096,5.03,11.391650099403579,0.548,43.613138686131386
p023-b2-t4,local_max,1326,1676386786728,1676386785402,0.629,64.70588235294117,0.769,0.0
p023-b2-t5,local_max,11051,1676386811499,1676386800448,0.232,0.0,0.521,32.05374280230326
p023-b2-t6,local_max,4341,1676386845857,1676386841516,1.995,87.66917293233082,3.532,38.618346545866366
p023-b2-t7,local_max,641,1676386875928,1676386875287,0.868,67.51152073732719,0.351,0.0
p023-b2-t9,local_max,14929,1676386926904,1676386911975,0.759,0.0,0.924,25.865800865800868
p023-b3-t10,local_max,7012,1676387299945,1676387292933,0.659,0.0,0.839,15.256257449344458
p023-b3-t2,local_max,7922,1676387113536,1676387105614,0.407,0.0,0.79,13.544303797468354
p023-b3-t3,local_max,9407,1676387137042,1676387127635,0.394,0.0,1.167,17.65209940017138
p023-b3-t4,local_max,5057,1676387156175,1676387151118,0.619,0.0,0.903,32.44739756367663
p023-b3-t5,local_max,10879,1676387181833,1676387170954,0.477,0.0,0.976,0.0
p023-b3-t6,local_max,1181,1676387203990,1676387202809,2.688,35.97470238095238,0.962,0.0
p023-b3-t8,local_max,8225,1676387258800,1676387250575,0.466,0.0,0.551,0.0
p023-b3-t9,local_max,5457,1676387278327,1676387272870,0.484,0.0,0.712,12.359550561797754
p023-b4-t1,local_max,7323,1676387421808,1676387414485,0.633,0.0,1.085,30.967741935483872
p023-b4-t10,local_max,3201,1676387636359,1676387633158,1.115,0.0,2.565,50.682261208576996
p023-b4-t2,local_max,697,1676387444423,1676387443726,2.586,10.866202629543697,0.14,86.42857142857143
p023-b4-t3,local_max,2546,1676387470488,1676387467942,2.886,15.072765072765073,2.093,16.531294792164356
p023-b4-t4,local_max,1631,1676387494959,1676387493328,2.461,8.370581064607883,1.045,25.550239234449762
p023-b4-t5,local_max,13677,1676387522750,1676387509073,0.444,0.0,0.647,21.792890262751158
p023-b4-t6,local_max,11244,1676387552271,1676387541027,0.226,0.0,1.413,27.60084925690021
p023-b4-t7,local_max,5893,1676387572447,1676387566554,0.514,100.0,0.777,78.37837837837837
p023-b4-t9,local_max,1031,1676387612919,1676387611888,0.788,51.52284263959391,0.496,3.4274193548387095
p023-b5-t1,local_max,1506,1676387745600,1676387744094,4.934,16.90312119983786,1.399,0.0
p023-b5-t10,local_max,554,1676387946029,1676387945475,1.185,0.0,0.439,0.0
p023-b5-t2,local_max,3570,1676387763159,1676387759589,0.434,0.0,1.083,8.125577100646353
p023-b5-t3,local_max,8944,1676387785792,1676387776848,0.479,70.77244258872652,1.993,28.299046663321626
p023-b5-t4,local_max,720,1676387810190,1676387809470,0.933,21.114683815648444,0.418,28.229665071770334
p023-b5-t5,local_max,1825,1676387832166,1676387830341,1.718,26.77532013969732,1.398,0.0
p023-b5-t6,local_max,1322,1676387856062,1676387854740,0.32,0.0,1.077,0.0
p023-b5-t7,local_max,1170,1676387879583,1676387878413,1.631,56.529736358062536,0.8,12.625
p023-b5-t9,local_max,4296,1676387926261,1676387921965,0.284,0.0,1.196,25.08361204013378
p023-b6-t1,local_max,1862,1676388077126,1676388075264,1.995,9.022556390977444,1.146,0.0
p023-b6-t10,local_max,2027,1676388273325,1676388271298,0.54,100.0,1.451,21.08890420399724
p023-b6-t2,local_max,2074,1676388095862,1676388093788,1.523,35.325016414970456,1.816,23.12775330396476
p023-b6-t3,local_max,6756,1676388115926,1676388109170,0.289,0.0,1.882,17.32199787460149
p023-b6-t4,local_max,6372,1676388136183,1676388129811,0.275,0.0,1.316,0.0
p023-b6-t5,local_max,2289,1676388161381,1676388159092,2.749,41.28774099672608,1.744,30.160550458715598
p023-b6-t6,local_max,1910,1676388190902,1676388188992,6.967,6.487727859911009,1.417,28.793225123500353
p023-b6-t7,local_max,1523,1676388214141,1676388212618,0.425,0.0,0.817,37.69889840881273
p023-b6-t8,local_max,528,1676388234238,1676388233710,2.632,47.264437689969604,0.247,0.0
p023-b6-t9,local_max,9090,1676388257245,1676388248155,0.207,0.0,0.367,33.2425068119891
p024-b1-t1,local_max,7064,1676450981123,1676450974059,7.179,65.97019083437804,3.608,30.072062084257205
p024-b1-t10,local_max,28253,1676451342978,1676451314725,5.872,0.0,4.314,5.864626796476588
p024-b1-t2,local_max,1058,1676451017290,1676451016232,9.191,17.66945925361767,0.837,0.0
p024-b1-t3,local_max,2593,1676451054833,1676451052240,4.326,29.65788257050393,2.168,25.461254612546124
p024-b1-t4,local_max,1139,1676451081555,1676451080416,4.928,16.416396103896105,0.769,22.496749024707412
p024-b1-t5,local_max,1954,1676451122346,1676451120392,10.3,4.349514563106796,1.488,0.0
p024-b1-t6,local_max,5632,1676451167536,1676451161904,6.558,27.4321439463251,2.776,0.0
p024-b1-t7,local_max,17522,1676451210770,1676451193248,5.731,8.078869307276218,6.203,6.416250201515396
p024-b1-t8,local_max,1376,1676451243977,1676451242601,7.434,33.11810599946193,1.26,3.888888888888889
p024-b1-t9,local_max,5524,1676451290610,1676451285086,9.201,11.705249429409847,2.556,28.52112676056338
p024-b2-t1,local_max,2591,1676451464816,1676451462225,1.749,0.0,2.079,9.62000962000962
p024-b2-t10,local_max,1195,1676451739722,1676451738527,3.217,54.1498290332608,0.738,60.02710027100271
p024-b2-t2,local_max,4482,1676451497930,1676451493448,7.561,25.538949874355243,3.263,9.623046276432731
p024-b2-t3,local_max,1114,1676451548705,1676451547591,11.515,1.5197568389057752,0.509,0.0
p024-b2-t4,local_max,1723,1676451574898,1676451573175,7.359,11.034107895094442,1.138,6.678383128295255
p024-b2-t6,local_max,2178,1676451634825,1676451632647,4.521,13.758018137580182,1.539,1.299545159194282
p024-b2-t7,local_max,872,1676451653825,1676451652953,3.09,17.540453074433657,0.529,0.1890359168241966
p024-b2-t8,local_max,3408,1676451698105,1676451694697,14.149,9.498904516220227,2.222,0.0
p024-b2-t9,local_max,6197,1676451720921,1676451714724,1.863,0.0,4.106,6.307842182172431
p024-b3-t1,local_max,858,1676451854200,1676451853342,5.012,12.350359138068635,0.625,41.28
p024-b3-t10,local_max,946,1676452093513,1676452092567,10.427,22.950033566701833,0.517,35.009671179883945
p024-b3-t2,local_max,6001,1676451878960,1676451872959,3.21,0.0,3.152,20.748730964467004
p024-b3-t3,local_max,13058,1676451909177,1676451896119,0.227,0.0,4.374,11.04252400548697
p024-b3-t4,local_max,914,1676451933297,1676451932383,6.563,37.619990857839404,0.536,8.395522388059701
p024-b3-t5,local_max,3299,1676451962090,1676451958791,5.188,11.33384734001542,1.919,37.519541427826994
p024-b3-t6,local_max,1539,1676451990362,1676451988823,5.952,32.2244623655914,1.377,21.4960058097313
p024-b3-t7,local_max,1350,1676452013306,1676452011956,2.422,31.461601981833194,0.909,18.04180418041804
p024-b3-t8,local_max,5794,1676452042208,1676452036414,5.03,0.0,2.605,39.27063339731286
p024-b3-t9,local_max,3977,1676452060823,1676452056846,0.523,0.0,1.925,18.493506493506494
p024-b4-t1,local_max,1457,1676452209279,1676452207822,2.968,8.086253369272237,0.993,57.40181268882175
p024-b4-t10,median_fallback,522,1676452444504,1676452443982,2.269,71.13265755839576,0.262,10.305343511450381
p024-b4-t2,local_max,5290,1676452238240,1676452232950,6.188,4.411764705882353,2.897,3.003106662064204
p024-b4-t3,local_max,1590,1676452256296,1676452254706,1.623,67.89895255699322,1.169,20.78699743370402
p024-b4-t4,median_fallback,2704,1676452286984,1676452284280,1.856,15.463362068965518,1.868,0.0
p024-b4-t5,local_max,386,1676452319751,1676452319365,11.179,21.96081939350568,0.172,26.74418604651163
p024-b4-t6,local_max,1045,1676452338790,1676452337745,2.113,93.65830572645528,0.782,25.44757033248082
p024-b4-t7,local_max,576,1676452363696,1676452363120,6.104,32.699868938401046,0.422,21.563981042654028
p024-b4-t8,local_max,11210,1676452393704,1676452382494,3.191,0.0,4.068,3.785644051130777
p024-b4-t9,local_max,1658,1676452423744,1676452422086,8.43,5.136417556346382,1.094,0.0
p024-b5-t1,local_max,5387,1676452589160,1676452583773,10.726,1.2306544844303562,3.709,22.404960905904556
p024-b5-t10,local_max,7640,1676452856582,1676452848942,6.958,0.0,4.773,1.403729310706055
p024-b5-t2,local_max,1739,1676452609063,1676452607324,3.169,47.30198800883559,0.974,0.0
p024-b5-t3,local_max,5510,1676452648951,1676452643441,10.572,43.2368520620507,2.29,20.305676855895197
p024-b5-t4,local_max,889,1676452684984,1676452684095,7.932,22.25163893091276,0.202,0.0
p024-b5-t5,local_max,618,1676452712872,1676452712254,7.481,21.30731185670365,0.452,21.460176991150444
p024-b5-t6,local_max,2345,1676452733190,1676452730845,3.578,71.77193963107881,2.072,10.086872586872587
p024-b5-t8,local_max,2115,1676452798785,1676452796670,1.329,70.42889390519187,1.122,16.75579322638146
p024-b5-t9,local_max,722,1676452823615,1676452822893,2.464,6.777597402597403,0.477,49.475890985324945
p024-b6-t1,local_max,1265,1676452969358,1676452968093,3.618,100.0,0.98,29.183673469387756
p024-b6-t10,local_max,3905,1676453232046,1676453228141,9.309,2.4385003759802344,2.377,42.44846445098864
p024-b6-t2,local_max,776,1676453004478,1676453003702,10.091,3.8846496878406502,0.681,21.292217327459618
p024-b6-t3,local_max,2016,1676453023079,1676453021063,1.793,0.0,1.204,76.0797342192691
p024-b6-t4,local_max,946,1676453052055,1676453051109,8.635,14.38332368268674,0.582,0.0
p024-b6-t5,local_max,771,1676453085583,1676453084812,9.176,11.628160418482999,0.502,50.59760956175299
p024-b6-t6,local_max,1058,1676453110991,1676453109933,6.389,12.818907497260918,0.852,25.11737089201878
p024-b6-t7,local_max,2510,1676453144815,1676453142305,6.061,4.256723312984656,1.875,48.32
p024-b6-t8,local_max,3058,1676453169903,1676453166845,5.006,21.51418298042349,2.543,18.167518678725916
p024-b6-t9,local_max,538,1676453192926,1676453192388,5.852,20.33492822966507,0.214,25.700934579439252
p025-b1-t1,local_max,6019,1676463202071,1676463196052,1.001,0.0,1.618,4.3881334981458595
p025-b1-t10,local_max,2617,1676463438252,1676463435635,5.354,0.0,1.358,9.278350515463918
p025-b1-t2,local_max,1555,1676463227542,1676463225987,6.312,7.8738910012674275,0.912,48.90350877192982
p025-b1-t3,local_max,1083,1676463256063,1676463254980,8.475,14.678466076696164,0.67,0.0
p025-b1-t4,local_max,8203,1676463282935,1676463274732,2.791,0.0,2.663,0.0
p025-b1-t5,local_max,4471,1676463311231,1676463306760,4.355,13.639494833524685,2.899,6.450500172473267
p025-b1-t6,local_max,1193,1676463332141,1676463330948,3.89,33.52185089974293,0.825,5.818181818181818
p025-b1-t8,local_max,610,1676463386517,1676463385907,5.457,44.49331134322888,0.369,0.0
p025-b1-t9,local_max,1481,1676463411572,1676463410091,6.235,10.665597433841219,0.934,0.0
p025-b2-t1,local_max,1201,1676463592396,1676463591195,5.381,25.478535588180634,0.662,0.0
p025-b2-t10,local_max,5738,1676463826706,1676463820968,1.064,11.936090225563909,3.204,9.176029962546817
p025-b2-t2,local_max,1160,1676463615546,1676463614386,5.119,25.590935729634694,0.623,17.174959871589085
p025-b2-t4,median_fallback,6595,1676463662916,1676463656321,0.373,0.0,2.637,0.0
p025-b2-t5,local_max,4102,1676463693330,1676463689228,5.622,11.312700106723586,2.611,0.07659900421294523
p025-b2-t6,local_max,2696,1676463724780,1676463722084,7.049,22.371967654986523,1.499,18.412274849899934
p025-b2-t7,local_max,6690,1676463752283,1676463745593,4.198,0.0,3.114,0.0
p025-b2-t8,local_max,3459,1676463774564,1676463771105,2.91,14.261168384879726,2.831,3.7795831861533027
p025-b2-t9,local_max,519,1676463806290,1676463805771,7.239,25.1692222682691,0.203,0.0
p025-b3-t1,local_max,3512,1676463943987,1676463940475,6.721,13.346228239845262,1.541,64.69824789097989
p025-b3-t10,local_max,3085,1676464187792,1676464184707,2.19,3.8812785388127855,1.68,5.9523809523809526
p025-b3-t2,local_max,10716,1676463970001,1676463959285,0.139,0.0,6.382,14.258853024130367
p025-b3-t3,local_max,1003,1676464004178,1676464003175,8.538,4.087608339189506,0.747,23.694779116465863
p025-b3-t4,local_max,5468,1676464029432,1676464023964,3.263,1.0113392583512106,3.828,14.576802507836991
p025-b3-t5,local_max,4698,1676464063048,1676464058350,8.758,4.475907741493492,2.671,0.0
p025-b3-t6,local_max,7554,1676464086202,1676464078648,1.597,48.96681277395116,3.078,20.532813515269655
p025-b3-t7,local_max,8957,1676464114208,1676464105251,1.661,0.0,5.555,0.0
p025-b3-t8,local_max,3267,1676464147793,1676464144526,7.024,1.751138952164009,1.591,30.421118793211818
p025-b3-t9,local_max,889,1676464167520,1676464166631,3.22,0.0,0.599,0.0
p025-b4-t1,local_max,4010,1676464319038,1676464315028,3.438,4.450261780104712,2.298,0.0
p025-b4-t10,local_max,3466,1676464561319,1676464557853,4.81,4.033264033264033,1.761,9.937535491198183
p025-b4-t2,local_max,1065,1676464346632,1676464345567,3.466,2.683208309290248,0.717,30.82287308228731
p025-b4-t3,local_max,9871,1676464372767,1676464362896,0.838,0.0,2.183,9.528172240036646
p025-b4-t4,local_max,4827,1676464398663,1676464393836,4.963,40.76163610719323,2.561,0.0
p025-b4-t5,local_max,6658,1676464419703,1676464413045,0.668,18.562874251497007,2.728,11.473607038123166
p025-b4-t6,local_max,8161,1676464450254,1676464442093,3.259,45.78091439091746,1.737,0.0
p025-b4-t7,local_max,850,1676464477807,1676464476957,7.554,6.8970082075721475,0.348,0.0
p025-b4-t8,local_max,1529,1676464507543,1676464506014,4.853,18.73068205233876,1.057,0.8514664143803217
p025-b4-t9,local_max,8223,1676464530382,1676464522159,0.903,0.0,3.967,0.0
p025-b5-t1,local_max,1171,1676464726295,1676464725124,4.418,8.804889090086013,0.855,0.0
p025-b5-t2,local_max,1428,1676464752558,1676464751130,5.301,23.08998302207131,0.636,0.0
p025-b5-t3,local_max,2227,1676464783431,1676464781204,8.296,8.18466730954677,1.114,9.066427289048473
p025-b5-t4,local_max,1217,1676464815862,1676464814645,6.236,51.55548428479795,0.934,16.38115631691649
p025-b5-t5,local_max,11943,1676464843063,1676464831120,0.0,,5.035,1.4697120158887786
p025-b5-t6,local_max,617,1676464873742,1676464873125,6.754,1.2733195143618596,0.375,0.0
p025-b5-t7,local_max,1786,1676464906503,1676464904717,5.588,6.2813171080887615,0.955,0.0
p025-b5-t9,local_max,2070,1676464969878,1676464967808,3.387,17.124298789489224,1.38,28.985507246376812
p025-b6-t1,local_max,4035,1676465116182,1676465112147,7.075,16.52296819787986,3.044,0.0
p025-b6-t10,local_max,1273,1676465368123,1676465366850,4.755,4.563617245005258,0.985,0.0
p025-b6-t2,local_max,1265,1676465151494,1676465150229,9.654,7.7584420965402945,0.748,48.39572192513369
p025-b6-t3,local_max,4639,1676465180542,1676465175903,4.759,10.170203824332843,2.076,26.541425818882466
p025-b6-t4,local_max,6138,1676465215165,1676465209027,3.869,7.7539415869733785,3.71,9.784366576819407
p025-b6-t5,local_max,11318,1676465240286,1676465228968,0.149,0.0,3.167,14.777391853489107
p025-b6-t6,local_max,1301,1676465260557,1676465259256,2.93,39.76109215017065,0.75,0.0
p025-b6-t7,local_max,1846,1676465282629,1676465280783,0.515,42.9126213592233,0.911,0.0
p025-b6-t8,local_max,1332,1676465308541,1676465307209,2.777,37.41447605329492,0.532,0.0
p025-b6-t9,local_max,978,1676465335244,1676465334266,5.043,26.036089629188975,0.669,0.7473841554559043
p026-b1-t1,local_max,7915,1676475094513,1676475086598,5.225,37.81818181818182,3.014,26.37690776376908
p026-b1-t10,local_max,1794,1676475360094,1676475358300,1.639,5.003050640634533,1.213,0.0
p026-b1-t2,local_max,9782,1676475139745,1676475129963,8.273,2.042789798138523,4.438,0.0
p026-b1-t3,local_max,13143,1676475176576,1676475163433,5.675,22.97797356828194,4.24,7.735849056603773
p026-b1-t4,local_max,688,1676475208087,1676475207399,7.305,8.788501026694044,0.509,0.0
p026-b1-t5,local_max,4008,1676475243816,1676475239808,10.204,7.0364562916503335,2.959,0.0
p026-b1-t6,local_max,3225,1676475266823,1676475263598,2.227,24.068253255500675,2.011,4.52511188463451
p026-b1-t7,local_max,3761,1676475290103,1676475286342,2.925,0.0,2.253,18.286728806036397
p026-b1-t8,local_max,1056,1676475311197,1676475310141,2.486,38.978278358809334,0.821,0.0
p026-b1-t9,local_max,593,1676475342150,1676475341557,10.254,3.9594304661595476,0.429,28.904428904428904
p026-b2-t1,local_max,2769,1676475498597,1676475495828,2.604,11.866359447004609,0.712,0.0
p026-b2-t10,median_fallback,711,1676475682300,1676475681589,0.075,41.333333333333336,0.228,42.98245614035088
p026-b2-t2,local_max,1545,1676475514710,1676475513165,0.674,7.270029673590504,0.999,0.0
p026-b2-t3,local_max,9095,1676475537053,1676475527958,0.137,0.0,2.591,24.044770358934773
p026-b2-t4,local_max,1659,1676475560766,1676475559107,4.143,3.3791938209027275,1.258,0.0
p026-b2-t5,local_max,1944,1676475586765,1676475584821,5.451,1.926252063841497,1.0,13.3
p026-b2-t6,local_max,1047,1676475603046,1676475601999,0.953,0.0,0.779,0.0
p026-b2-t7,local_max,2630,1676475623558,1676475620928,3.095,0.0,1.114,0.0
p026-b2-t8,local_max,944,1676475643445,1676475642501,2.636,6.0698027314112295,0.692,0.0
p026-b2-t9,local_max,2802,1676475666764,1676475663962,3.029,13.04060746120832,1.098,0.0
p026-b3-t1,local_max,1533,1676475783839,1676475782306,1.486,0.0,1.177,19.881053525913337
p026-b3-t10,local_max,1345,1676475938330,1676475936985,3.062,0.0,0.466,0.0
p026-b3-t4,local_max,513,1676475833515,1676475833002,2.915,0.30874785591766724,0.484,0.0
p026-b3-t8,local_max,1727,1676475900242,1676475898515,0.454,0.0,1.241,0.0
p026-b3-t9,local_max,967,1676475916443,1676475915476,1.287,0.0,0.517,0.0
p026-b4-t1,local_max,499,1676476069740,1676476069241,0.346,0.0,0.277,0.0
p026-b4-t10,local_max,986,1676476218425,1676476217439,0.855,3.2748538011695905,0.669,20.47832585949178
p026-b4-t2,local_max,3387,1676476086906,1676476083519,0.613,0.0,1.839,8.537248504622077
p026-b4-t3,local_max,2624,1676476109409,1676476106785,4.499,1.844854412091576,0.796,0.0
p026-b4-t4,local_max,1482,1676476124419,1676476122937,0.4,0.0,1.119,17.247542448614833
p026-b4-t5,local_max,780,1676476139179,1676476138399,0.569,0.0,0.382,0.0
p026-b4-t6,local_max,1820,1676476154730,1676476152910,0.372,36.02150537634409,1.243,0.0
p026-b4-t7,local_max,1129,1676476170650,1676476169521,0.799,28.16020025031289,0.858,43.12354312354312
p026-b4-t9,local_max,942,1676476203370,1676476202428,0.214,33.177570093457945,0.261,11.11111111111111
p026-b5-t1,median_fallback,349,1676476331898,1676476331549,0.313,0.0,0.246,0.0
p026-b5-t10,local_max,949,1676476474232,1676476473283,0.513,17.933723196881093,0.742,19.54177897574124
p026-b5-t3,local_max,614,1676476371066,1676476370452,2.194,0.7748404740200547,0.442,0.0
p026-b5-t4,median_fallback,624,1676476385720,1676476385096,0.403,0.0,0.57,0.0
p026-b5-t5,local_max,953,1676476399929,1676476398976,0.295,0.0,0.661,0.0
p026-b5-t7,local_max,666,1676476429209,1676476428543,1.204,23.089700996677742,0.351,0.0
p026-b5-t8,median_fallback,584,1676476443295,1676476442711,0.168,0.0,0.494,0.0
p026-b5-t9,local_max,1524,1676476459430,1676476457906,0.726,0.0,1.108,0.0
p026-b6-t1,local_max,1248,1676476576080,1676476574832,3.566,6.169377453729669,0.832,0.0
p026-b6-t10,local_max,817,1676476716422,1676476715605,2.142,0.0,0.476,0.0
p026-b6-t2,local_max,947,1676476590374,1676476589427,0.22,0.0,0.667,0.0
p026-b6-t3,local_max,1373,1676476608527,1676476607154,2.75,0.0,0.967,0.0
p026-b6-t4,local_max,1176,1676476623142,1676476621966,0.242,0.0,0.852,19.835680751173708
p026-b6-t5,local_max,585,1676476638695,1676476638110,1.177,4.672897196261682,0.487,3.080082135523614
p026-b6-t6,local_max,791,1676476653664,1676476652873,0.898,0.0,0.44,0.0
p026-b6-t7,local_max,947,1676476668514,1676476667567,0.529,0.0,0.775,51.87096774193548
p026-b6-t8,local_max,883,1676476684078,1676476683195,0.83,6.746987951807229,0.645,0.0
p026-b6-t9,local_max,1392,1676476698830,1676476697438,0.34,0.0,0.745,0.0
p027-b1-t1,local_max,1874,1676540887450,1676540885576,6.459,1.9662486453011303,1.067,0.0
p027-b1-t10,local_max,5053,1676541156752,1676541151699,10.841,29.379208560095933,2.779,0.0
p027-b1-t2,local_max,3168,1676540918027,1676540914859,6.888,8.623693379790941,2.582,20.21688613477924
p027-b1-t3,local_max,3379,1676540944717,1676540941338,6.16,22.01298701298701,2.541,0.0
p027-b1-t4,local_max,4373,1676540969354,1676540964981,3.578,0.0,2.201,0.0
p027-b1-t5,local_max,1702,1676540999553,1676540997851,8.043,17.282108665920678,1.364,8.79765395894428
p027-b1-t6,local_max,1834,1676541029074,1676541027240,9.545,16.636982713462547,1.492,0.13404825737265416
p027-b1-t7,local_max,2427,1676541060329,1676541057902,9.213,6.664495821122327,1.676,5.847255369928401
p027-b1-t8,local_max,1512,1676541087399,1676541085887,5.479,4.818397517795218,0.942,9.235668789808917
p027-b1-t9,local_max,2339,1676541121400,1676541119061,10.653,7.021496292124284,1.999,19.259629814907452
p027-b2-t1,local_max,1682,1676541277006,1676541275324,3.985,20.577164366373903,1.111,16.741674167416743
p027-b2-t10,local_max,6415,1676541527303,1676541520888,1.407,0.0,2.804,0.0
p027-b2-t2,local_max,3826,1676541303326,1676541299500,5.955,0.0,2.16,21.712962962962962
p027-b2-t3,local_max,1930,1676541329445,1676541327515,5.956,0.0,1.163,15.563198624247635
p027-b2-t4,local_max,2155,1676541361765,1676541359610,3.41,0.0,1.724,0.0
p027-b2-t5,median_fallback,2478,1676541388045,1676541385567,2.745,0.0,1.498,1.2683578104138853
p027-b2-t6,local_max,1253,1676541415677,1676541414424,3.709,41.952008627662444,1.014,0.0
p027-b2-t7,local_max,927,1676541451789,1676541450862,9.609,4.558226662503903,0.691,0.0
p027-b2-t8,local_max,10061,1676541476534,1676541466473,0.029,0.0,2.924,3.146374829001368
p027-b2-t9,local_max,3840,1676541503869,1676541500029,4.033,1.4133399454500373,2.768,25.578034682080926
p027-b3-t1,local_max,8553,1676541652933,1676541644380,1.091,0.0,2.322,18.43238587424634
p027-b3-t10,local_max,1971,1676541942173,1676541940202,5.889,10.239429444727458,1.411,21.757618710134658
p027-b3-t2,local_max,1610,1676541691397,1676541689787,6.928,17.59526558891455,1.154,10.138648180242635
p027-b3-t3,local_max,3313,1676541722717,1676541719404,3.869,0.0,2.253,0.0
p027-b3-t4,local_max,765,1676541756358,1676541755593,8.4,27.19047619047619,0.535,0.0
p027-b3-t5,local_max,926,1676541788958,1676541788032,5.837,58.951516189823536,0.769,22.3667100130039
p027-b3-t6,local_max,7994,1676541813902,1676541805908,1.042,0.0,2.76,6.77536231884058
p027-b3-t7,local_max,2234,1676541850564,1676541848330,5.326,3.9429215170859933,1.83,9.344262295081966
p027-b3-t8,local_max,5178,1676541876965,1676541871787,4.165,18.175270108043218,3.677,26.13543649714441
p027-b3-t9,local_max,4075,1676541904662,1676541900587,2.259,10.27003098716246,2.372,14.629005059021923
p027-b4-t1,local_max,10057,1676542065227,1676542055170,0.768,0.0,2.961,0.0
p027-b4-t10,local_max,12284,1676542346428,1676542334144,1.913,0.0,4.203,23.078753271472756
p027-b4-t2,local_max,9482,1676542090220,1676542080738,0.822,0.0,6.341,61.6464280082006
p027-b4-t3,local_max,4027,1676542117731,1676542113704,5.232,4.8547400611620795,1.39,13.81294964028777
p027-b4-t4,local_max,1784,1676542152292,1676542150508,7.866,3.0002542588354943,1.348,0.0
p027-b4-t5,local_max,995,1676542188014,1676542187019,6.379,11.428123530333908,0.52,18.46153846153846
p027-b4-t6,median_fallback,2309,1676542214213,1676542211904,2.858,38.17354793561931,1.46,12.876712328767123
p027-b4-t7,local_max,3248,1676542248163,1676542244915,3.013,8.131430467972121,2.267,9.439788266431407
p027-b4-t8,local_max,2619,1676542286517,1676542283898,5.333,22.951434464654042,2.306,28.4908933217693
p027-b4-t9,local_max,977,1676542317211,1676542316234,8.233,7.676424146726588,0.843,0.0
p027-b5-t1,local_max,2321,1676542482116,1676542479795,4.997,6.724034420652392,1.69,0.0
p027-b5-t10,median_fallback,17547,1676542760386,1676542742839,0.507,0.0,2.306,0.0
p027-b5-t2,local_max,1137,1676542511421,1676542510284,2.911,0.0,0.835,0.0
p027-b5-t3,local_max,9474,1676542536836,1676542527362,1.045,0.0,1.94,6.649484536082475
p027-b5-t4,local_max,1865,1676542567531,1676542565666,3.97,0.0,1.33,11.654135338345865
p027-b5-t5,local_max,1343,1676542605997,1676542604654,6.638,18.092799035854174,1.021,0.0
p027-b5-t6,local_max,788,1676542636397,1676542635609,2.736,8.296783625730994,0.72,0.0
p027-b5-t7,local_max,1823,1676542665323,1676542663500,2.759,19.826023921710764,1.572,12.786259541984732
p027-b5-t8,local_max,9594,1676542693219,1676542683625,1.398,0.0,2.601,0.0
p027-b5-t9,local_max,13186,1676542725779,1676542712593,2.247,0.0,2.89,9.273356401384083
p027-b6-t1,local_max,8380,1676542885458,1676542877078,1.359,0.0,3.373,0.0
p027-b6-t10,local_max,1434,1676543129208,1676543127774,7.224,15.642303433001107,1.015,0.0
p027-b6-t2,local_max,1910,1676542904395,1676542902485,0.403,0.0,1.207,0.0
p027-b6-t3,local_max,1225,1676542933651,1676542932426,3.819,25.346949463210265,0.772,0.25906735751295334
p027-b6-t4,local_max,2081,1676542958218,1676542956137,4.076,14.425907752698723,1.647,46.994535519125684
p027-b6-t5,local_max,12409,1676542985946,1676542973537,0.101,0.0,3.251,2.7991387265456784
p027-b6-t6,local_max,904,1676543014251,1676543013347,1.299,0.0,0.528,0.0
p027-b6-t7,median_fallback,703,1676543038241,1676543037538,0.158,21.518987341772153,0.642,0.0
p027-b6-t8,local_max,1411,1676543066641,1676543065230,8.629,12.770888863135937,1.099,0.0
p027-b6-t9,local_max,1151,1676543092088,1676543090937,2.545,67.38703339882122,0.868,18.202764976958527
p028-b1-t1,local_max,3105,1676546368367,1676546365262,9.409,9.31023488149644,1.984,21.572580645161292
p028-b1-t10,local_max,3489,1676546751223,1676546747734,9.715,11.28152341739578,1.595,0.0
p028-b1-t2,local_max,1505,1676546408764,1676546407259,12.99,4.272517321016166,0.898,0.0
p028-b1-t3,local_max,6569,1676546451148,1676546444579,7.639,0.0,3.955,11.276864728192162
p028-b1-t4,local_max,7115,1676546503379,1676546496264,15.007,4.971013527020724,4.103,0.0
p028-b1-t5,local_max,2716,1676546537051,1676546534335,8.107,0.0,2.217,31.078033378439333
p028-b1-t6,local_max,1890,1676546590763,1676546588873,19.46,3.432682425488181,1.198,0.0
p028-b1-t7,local_max,2520,1676546641217,1676546638697,10.711,13.64951918588367,1.948,2.0533880903490758
p028-b1-t8,local_max,8809,1676546667361,1676546658552,1.763,0.0,5.72,6.713286713286713
p028-b1-t9,local_max,2082,1676546714456,1676546712374,15.888,9.176737160120846,1.39,0.0
p028-b2-t1,local_max,1550,1676547056070,1676547054520,23.427,3.5173090878046698,0.536,44.96268656716418
p028-b2-t10,local_max,1367,1676547475690,1676547474323,12.514,0.0,0.808,0.0
p028-b2-t2,local_max,3933,1676547108719,1676547104786,19.759,1.4929905359582976,3.119,5.5145880089772366
p028-b2-t3,local_max,3058,1676547153229,1676547150171,12.226,11.524619663013251,2.161,0.0
p028-b2-t4,local_max,2573,1676547201259,1676547198686,11.679,12.860690127579415,1.984,0.0
p028-b2-t5,local_max,1996,1676547241638,1676547239642,12.652,16.46380018969333,1.196,44.56521739130435
p028-b2-t6,local_max,2476,1676547281014,1676547278538,10.846,9.607228471325834,1.815,0.0
p028-b2-t7,local_max,1306,1676547337426,1676547336120,10.313,1.1054009502569573,1.047,29.03533906399236
p028-b2-t8,local_max,3530,1676547381105,1676547377575,9.737,6.603676697134641,1.439,0.0
p028-b2-t9,local_max,2346,1676547432752,1676547430406,14.974,0.0,1.616,21.905940594059405
p028-b3-t1,local_max,5549,1676547599250,1676547593701,9.058,8.555972620887614,4.156,17.94995187680462
p028-b3-t10,local_max,2434,1676548040776,1676548038342,14.496,6.236203090507726,1.601,0.0
p028-b3-t2,local_max,3451,1676547639970,1676547636519,12.259,2.9447752671506646,2.376,45.87542087542087
p028-b3-t3,local_max,960,1676547679096,1676547678136,9.547,10.086938305226774,0.678,0.0
p028-b3-t4,local_max,2280,1676547713808,1676547711528,10.802,11.405295315682281,1.507,0.0
p028-b3-t5,local_max,3674,1676547763367,1676547759693,17.198,4.936620537271776,2.404,9.983361064891847
p028-b3-t6,local_max,1065,1676547827919,1676547826854,19.283,3.863506715759996,0.566,0.0
p028-b3-t7,local_max,4339,1676547875664,1676547871325,17.032,0.15265382808830436,2.392,0.0
p028-b3-t8,local_max,4804,1676547931840,1676547927036,16.021,5.967168091879408,2.722,7.89860396767083
p028-b3-t9,local_max,1164,1676547990910,1676547989746,20.013,7.570079448358567,0.753,0.0
p028-b4-t1,local_max,4239,1676548165045,1676548160806,6.864,0.0,2.748,7.823871906841339
p028-b4-t10,local_max,4032,1676548531858,1676548527826,10.67,1.1996251171508903,2.787,15.751704341585935
p028-b4-t2,local_max,2434,1676548200093,1676548197659,11.288,5.040751240255138,1.334,22.038980509745127
p028-b4-t3,local_max,2652,1676548243119,1676548240467,12.005,2.090795501874219,2.034,0.0
p028-b4-t4,local_max,3730,1676548294844,1676548291114,12.621,9.674352270026146,2.731,12.010252654705237
p028-b4-t5,local_max,4649,1676548338178,1676548333529,13.215,13.37873628452516,3.525,0.0
p028-b4-t6,local_max,3161,1676548374275,1676548371114,9.82,2.7393075356415477,2.275,14.417582417582418
p028-b4-t7,local_max,12027,1676548426044,1676548414017,11.549,0.6927006667243917,8.606,0.0
p028-b4-t8,local_max,2179,1676548454082,1676548451903,3.367,0.0,1.44,6.944444444444445
p028-b4-t9,local_max,1849,1676548494121,1676548492272,10.705,3.4376459598318543,0.634,0.0
p028-b5-t1,local_max,5683,1676548680392,1676548674709,13.189,2.80536810978846,3.569,0.0
p028-b5-t10,local_max,1939,1676549008487,1676549006548,8.079,2.661220448075257,1.214,0.0
p028-b5-t2,local_max,3293,1676548723969,1676548720676,13.81,0.0,1.96,0.0
p028-b5-t3,local_max,6387,1676548750497,1676548744110,2.83,2.8268551236749118,2.725,32.36697247706422
p028-b5-t4,local_max,14323,1676548781425,1676548767102,1.154,0.0,5.205,1.5561959654178674
p028-b5-t5,local_max,6172,1676548814153,1676548807981,4.978,0.0,2.947,0.0
p028-b5-t6,local_max,14025,1676548861183,1676548847158,11.14,0.0,5.548,0.0
p028-b5-t7,local_max,6536,1676548902135,1676548895599,7.908,5.298431967627719,3.208,0.0
p028-b5-t8,local_max,4239,1676548938160,1676548933921,7.474,0.0,2.462,0.0
p028-b5-t9,local_max,1401,1676548974009,1676548972608,8.994,0.0,0.797,0.0
p028-b6-t1,local_max,3888,1676549180476,1676549176588,11.984,16.438584779706275,2.115,0.0
p028-b6-t10,local_max,1344,1676549480612,1676549479268,12.52,0.0,0.88,12.840909090909092
p028-b6-t2,local_max,4842,1676549207694,1676549202852,4.953,1.9785988289925298,2.101,13.802950975725844
p028-b6-t3,median_fallback,664,1676549232781,1676549232117,0.303,0.0,0.448,0.0
p028-b6-t4,local_max,8058,1676549260765,1676549252707,3.393,2.7409372236958442,3.843,4.5016913869372885
p028-b6-t5,local_max,6794,1676549285421,1676549278627,2.01,0.0,3.757,0.0
p028-b6-t6,local_max,14850,1676549317045,1676549302195,1.056,0.0,5.117,18.506937658784445
p028-b6-t7,local_max,3642,1676549351413,1676549347771,6.233,0.0,2.197,0.0
p028-b6-t8,local_max,6608,1676549397538,1676549390930,10.254,8.74780573434757,4.413,0.0
p028-b6-t9,local_max,6040,1676549439206,1676549433166,10.715,2.062529164722352,3.013,6.637902422834384
p029-b1-t10,local_max,706,1676552021414,1676552020708,5.588,13.027916964924838,0.517,51.45067698259188
p029-b1-t2,local_max,6299,1676551839230,1676551832931,0.201,0.0,4.641,0.0
p029-b1-t3,local_max,1853,1676551864341,1676551862488,6.402,1.858794126835364,1.116,13.88888888888889
p029-b1-t4,local_max,1963,1676551884311,1676551882348,2.49,0.0,1.358,0.0
p029-b1-t5,local_max,3107,1676551906806,1676551903699,2.919,7.845152449468996,2.384,45.30201342281879
p029-b1-t6,median_fallback,2512,1676551930878,1676551928366,4.117,19.60165168812242,2.035,4.815724815724816
p029-b1-t7,local_max,3008,1676551952734,1676551949726,3.808,39.88970588235294,2.332,0.0
p029-b1-t8,local_max,2690,1676551974941,1676551972251,3.752,0.0,1.935,48.2687338501292
p029-b1-t9,local_max,5618,1676551998174,1676551992556,2.558,0.0,3.718,13.555675094136632
p029-b2-t1,local_max,1226,1676552154829,1676552153603,2.35,0.0,0.543,9.576427255985267
p029-b2-t10,local_max,1791,1676552342083,1676552340292,0.033,0.0,1.331,0.0
p029-b2-t2,local_max,4953,1676552176468,1676552171515,1.498,0.0,2.699,0.0
p029-b2-t3,local_max,1337,1676552197628,1676552196291,3.684,29.533116178067317,1.203,19.035743973399835
p029-b2-t6,local_max,1883,1676552260653,1676552258770,1.528,0.0,1.593,53.67231638418079
p029-b2-t7,local_max,3970,1676552282181,1676552278211,1.303,0.0,2.825,13.345132743362832
p029-b2-t8,local_max,819,1676552301301,1676552300482,2.494,6.77626303127506,0.796,13.5678391959799
p029-b2-t9,local_max,2869,1676552322882,1676552320013,2.561,0.0,2.118,15.533522190745988
p029-b3-t1,local_max,2400,1676552483090,1676552480690,3.426,0.0,1.801,0.0
p029-b3-t10,local_max,1515,1676552675855,1676552674340,3.452,17.207415990730013,1.393,29.79181622397703
p029-b3-t2,median_fallback,1904,1676552501139,1676552499235,0.227,100.0,1.611,3.6623215394165114
p029-b3-t3,local_max,3576,1676552525552,1676552521976,0.949,57.112750263435196,2.711,0.0
p029-b3-t4,local_max,875,1676552543928,1676552543053,0.339,29.793510324483776,0.519,11.560693641618498
p029-b3-t5,local_max,1849,1676552565910,1676552564061,3.525,33.90070921985816,1.11,51.171171171171174
p029-b3-t6,median_fallback,815,1676552583688,1676552582873,0.121,0.0,0.715,0.0
p029-b3-t7,local_max,1696,1676552608366,1676552606670,2.836,0.9873060648801129,1.376,67.00581395348837
p029-b3-t8,local_max,1767,1676552630807,1676552629040,3.386,23.685764914353218,1.331,9.241172051089407
p029-b3-t9,local_max,2369,1676552653134,1676552650765,1.724,9.802784222737818,1.991,10.045203415369162
p029-b4-t1,local_max,2024,1676552793990,1676552791966,0.082,100.0,1.595,21.88087774294671
p029-b4-t10,local_max,1311,1676552982812,1676552981501,2.219,0.0,1.006,6.163021868787276
p029-b4-t2,local_max,3051,1676552813727,1676552810676,0.451,0.0,2.252,5.950266429840142
p029-b4-t3,local_max,2579,1676552832261,1676552829682,0.843,0.0,1.94,40.30927835051546
p029-b4-t4,local_max,1627,1676552853588,1676552851961,0.477,0.0,1.231,0.0
p029-b4-t5,local_max,3338,1676552873429,1676552870091,0.657,0.0,2.382,19.815281276238455
p029-b4-t6,local_max,1073,1676552893884,1676552892811,0.677,22.304283604135893,0.764,0.0
p029-b4-t7,local_max,839,1676552918428,1676552917589,3.007,11.706019288327237,0.739,24.76319350473613
p029-b4-t9,local_max,716,1676552960707,1676552959991,0.594,0.0,0.683,0.0
p029-b5-t1,local_max,3953,1676553091565,1676553087612,0.48,0.0,2.842,0.0
p029-b5-t10,local_max,2163,1676553323513,1676553321350,7.011,0.0,1.226,0.0
p029-b5-t3,local_max,1442,1676553136827,1676553135385,0.158,0.0,0.796,0.0
p029-b5-t4,local_max,2451,1676553164724,1676553162273,4.054,5.772076961026147,1.919,17.769671704012506
p029-b5-t5,local_max,1665,1676553188251,1676553186586,1.334,77.36131934032983,0.926,0.0
p029-b5-t6,local_max,1146,1676553214235,1676553213089,2.185,5.812356979405035,0.902,38.80266075388027
p029-b5-t7,local_max,1969,1676553239209,1676553237240,4.572,17.650918635170605,1.213,7.254740313272877
p029-b5-t9,local_max,2185,1676553290746,1676553288561,1.387,10.165825522710886,1.491,5.097250167672703
p029-b6-t1,local_max,618,1676553428577,1676553427959,2.169,19.87090825265099,0.618,14.077669902912621
p029-b6-t10,local_max,1734,1676553668999,1676553667265,0.0,,0.0,
p029-b6-t3,local_max,3826,1676553484040,1676553480214,4.192,6.25,2.707,9.826376062061323
p029-b6-t5,local_max,3800,1676553537176,1676553533376,4.919,3.537304330148404,2.301,0.0
p029-b6-t6,local_max,655,1676553562456,1676553561801,1.676,8.770883054892602,0.484,0.0
p029-b6-t7,local_max,1433,1676553587059,1676553585626,6.341,20.13877937233875,0.747,8.433734939759036
p029-b6-t8,local_max,748,1676553619096,1676553618348,5.829,41.48224395265054,0.66,0.0
p029-b6-t9,local_max,2074,1676553647599,1676553645525,5.182,0.0,1.177,0.0
p030-b1-t1,local_max,868,1677068785955,1677068785087,10.945,13.576975788031064,0.517,0.0
p030-b1-t10,local_max,5748,1677069083521,1677069077773,0.114,0.0,3.511,0.0
p030-b1-t2,local_max,11106,1677068824246,1677068813140,5.04,0.6349206349206349,6.218,13.219684786104857
p030-b1-t3,local_max,1054,1677068854590,1677068853536,8.603,13.634778565616646,0.724,0.0
p030-b1-t4,local_max,7100,1677068883224,1677068876124,3.844,0.0,5.119,0.0
p030-b1-t5,local_max,3268,1677068911449,1677068908181,4.121,6.260616355253579,2.514,45.346062052505964
p030-b1-t6,local_max,1135,1677068945968,1677068944833,7.886,8.813086482373826,0.853,0.0
p030-b1-t7,local_max,2611,1677068970193,1677068967582,1.042,48.94433781190019,2.001,0.0
p030-b1-t8,local_max,1057,1677069024086,1677069023029,11.011,2.043411134320225,0.921,0.0
p030-b1-t9,local_max,8373,1677069054408,1677069046035,1.358,0.0,3.723,5.157131345688961
p030-b2-t1,local_max,4426,1677069251278,1677069246852,2.532,0.0,3.01,23.18936877076412
p030-b2-t10,local_max,2683,1677069472591,1677069469908,4.936,0.0,1.775,0.0
p030-b2-t2,local_max,9935,1677069277541,1677069267606,0.523,0.0,4.808,7.9866888519134775
p030-b2-t3,local_max,3322,1677069302863,1677069299541,2.301,0.0,2.094,24.92836676217765
p030-b2-t4,local_max,1800,1677069320646,1677069318846,0.973,17.88283658787256,1.374,0.0
p030-b2-t5,local_max,1513,1677069344103,1677069342590,4.657,0.0,0.975,13.025641025641026
p030-b2-t6,local_max,4205,1677069366993,1677069362788,1.955,40.153452685421996,3.187,6.808911201757138
p030-b2-t7,local_max,3844,1677069394359,1677069390515,5.61,7.593582887700535,2.133,12.517580872011251
p030-b2-t8,local_max,6398,1677069416773,1677069410375,0.049,0.0,4.955,6.074672048435923
p030-b2-t9,local_max,2512,1677069444775,1677069442263,2.82,12.26950354609929,1.801,28.373126041088284
p030-b3-t1,median_fallback,998,1677069581381,1677069580383,0.719,100.0,0.643,47.58942457231726
p030-b3-t10,local_max,5370,1677069818435,1677069813065,4.345,79.76985040276179,4.051,6.492224142187114
p030-b3-t2,local_max,1030,1677069606605,1677069605575,4.273,25.321787970980576,0.868,0.0
p030-b3-t3,median_fallback,605,1677069628757,1677069628152,1.477,100.0,0.474,19.40928270042194
p030-b3-t4,local_max,3715,1677069667102,1677069663387,12.307,23.775087348663362,2.054,0.0
p030-b3-t5,local_max,2815,1677069692677,1677069689862,4.047,21.719792438843587,1.84,0.0
p030-b3-t6,local_max,4600,1677069724435,1677069719835,5.143,22.41882169939724,3.325,6.646616541353383
p030-b3-t7,median_fallback,4145,1677069744340,1677069740195,0.727,0.0,3.351,47.38883915249179
p030-b3-t8,median_fallback,1002,1677069766788,1677069765786,1.918,0.0,0.776,0.0
p030-b3-t9,local_max,3153,1677069791874,1677069788721,2.535,0.0,2.488,24.155948553054664
p030-b4-t1,median_fallback,993,1677070238448,1677070237455,0.646,71.671826625387,0.47,0.0
p030-b4-t10,local_max,5626,1677070437382,1677070431756,0.443,4.288939051918736,4.161,33.0930064888248
p030-b4-t2,local_max,3131,1677070272775,1677070269644,7.444,7.375067168189146,2.525,0.0
p030-b4-t3,local_max,2297,1677070291784,1677070289487,0.874,0.0,1.65,0.0
p030-b4-t4,local_max,1241,1677070309222,1677070307981,1.203,65.41978387364921,1.02,0.0
p030-b4-t5,median_fallback,592,1677070329599,1677070329007,0.645,0.0,0.524,0.0
p030-b4-t6,local_max,4000,1677070349502,1677070345502,0.774,0.0,2.852,30.049088359046284
p030-b4-t7,local_max,2403,1677070375446,1677070373043,4.885,7.36949846468782,1.405,15.160142348754448
p030-b4-t8,local_max,1444,1677070396785,1677070395341,3.967,11.94857574993698,0.97,0.0
p030-b4-t9,local_max,1330,1677070415792,1677070414462,2.061,15.332362930616206,0.819,27.47252747252747
p030-b5-t1,median_fallback,866,1677070717557,1677070716691,1.297,2.4672320740169624,0.71,53.80281690140845
p030-b5-t10,local_max,2482,1677070910857,1677070908375,8.503,0.0,1.865,22.949061662198392
p030-b5-t2,median_fallback,1245,1677070738012,1677070736767,2.493,73.92699558764541,0.942,0.0
p030-b5-t3,local_max,534,1677070759692,1677070759158,0.175,0.0,0.511,0.0
p030-b5-t4,median_fallback,782,1677070779484,1677070778702,0.39,0.0,0.661,0.0
p030-b5-t5,median_fallback,396,1677070798491,1677070798095,0.086,100.0,0.301,0.0
p030-b5-t6,local_max,2470,1677070818075,1677070815605,1.514,0.0,1.602,41.822721598002495
p030-b5-t7,local_max,5267,1677070838691,1677070833424,0.002,0.0,2.481,28.33534864973801
p030-b5-t8,median_fallback,4917,1677070859659,1677070854742,0.306,54.57516339869281,2.028,0.0
p030-b5-t9,local_max,2138,1677070877763,1677070875625,0.764,39.397905759162306,1.391,23.867721063982746
p030-b6-t1,local_max,1914,1677071014169,1677071012255,1.846,6.3921993499458285,1.477,18.82193635748138
p030-b6-t10,local_max,1451,1677071233952,1677071232501,6.208,9.616623711340207,1.177,0.0
p030-b6-t2,median_fallback,2895,1677071034042,1677071031147,0.348,100.0,1.716,3.7296037296037294
p030-b6-t3,local_max,709,1677071075024,1677071074315,9.771,11.022413263739638,0.533,0.0
p030-b6-t4,local_max,3144,1677071093263,1677071090119,0.489,41.104294478527606,2.489,69.86741663318602
p030-b6-t5,local_max,2177,1677071123575,1677071121398,6.647,27.576350233187906,1.639,17.57169005491153
p030-b6-t6,local_max,2807,1677071144214,1677071141407,2.158,23.725671918443002,1.692,8.274231678486998
p030-b6-t7,median_fallback,2299,1677071163784,1677071161485,0.387,0.0,1.819,0.0
p030-b6-t8,median_fallback,682,1677071182760,1677071182078,0.228,0.0,0.541,0.0
p030-b6-t9,local_max,5018,1677071209607,1677071204589,2.326,18.916595012897677,4.006,0.0
p031-b1-t1,local_max,943,1677142273581,1677142272638,4.661,14.481870843166702,0.339,52.21238938053097
p031-b1-t10,local_max,2417,1677142516359,1677142513942,7.635,10.556647020301245,1.083,12.18836565096953
p031-b1-t2,local_max,1111,1677142298973,1677142297862,5.514,10.554951033732317,0.425,0.0
p031-b1-t3,local_max,1595,1677142325765,1677142324170,7.599,0.0,0.926,0.0
p031-b1-t4,local_max,1664,1677142351691,1677142350027,6.602,13.90487730990609,0.932,13.733905579399142
p031-b1-t5,local_max,1952,1677142375162,1677142373210,2.93,0.0,1.296,0.0
p031-b1-t6,local_max,2076,1677142413877,1677142411801,14.787,6.2690200852099816,1.365,0.0
p031-b1-t7,local_max,700,1677142437330,1677142436630,4.832,14.879966887417218,0.3,0.0
p031-b1-t8,local_max,3065,1677142461785,1677142458720,4.753,3.91331790448138,2.112,4.119318181818182
p031-b1-t9,local_max,3291,1677142489195,1677142485904,6.992,6.2643020594965675,1.731,14.962449451184286
p031-b2-t1,local_max,1170,1677142678316,1677142677146,4.126,0.0,0.599,0.0
p031-b2-t10,local_max,3762,1677142872148,1677142868386,2.542,0.0,2.22,16.44144144144144
p031-b2-t2,local_max,1497,1677142700163,1677142698666,3.711,3.4492050660199407,1.036,5.405405405405405
p031-b2-t3,local_max,5818,1677142720964,1677142715146,0.469,0.0,4.105,0.0
p031-b2-t4,local_max,603,1677142745157,1677142744554,5.722,6.204124432016777,0.456,0.0
p031-b2-t5,local_max,2709,1677142762772,1677142760063,0.892,0.0,1.77,15.536723163841808
p031-b2-t6,local_max,2754,1677142787477,1677142784723,4.279,0.0,1.827,0.0
p031-b2-t7,local_max,3076,1677142805476,1677142802400,0.788,0.0,2.106,0.0
p031-b2-t8,local_max,1049,1677142825380,1677142824331,3.971,3.5507428859229413,0.666,0.0
p031-b2-t9,local_max,3731,1677142851117,1677142847386,5.037,0.0,2.372,2.9932546374367623
p031-b3-t1,local_max,3498,1677143001508,1677142998010,6.519,11.075318300352816,2.732,0.0
p031-b3-t10,local_max,3458,1677143196597,1677143193139,5.4,4.833333333333333,2.32,7.543103448275862
p031-b3-t2,local_max,3462,1677143019291,1677143015829,0.799,0.0,2.688,4.947916666666667
p031-b3-t3,local_max,1387,1677143037724,1677143036337,2.209,5.703938433680398,1.116,11.469534050179211
p031-b3-t4,local_max,4622,1677143066717,1677143062095,7.828,4.164537557485948,3.271,22.347905839192908
p031-b3-t5,local_max,2492,1677143084118,1677143081626,0.802,0.0,1.61,23.664596273291924
p031-b3-t6,local_max,2005,1677143106918,1677143104913,3.623,6.293127242616616,1.672,0.0
p031-b3-t7,local_max,7885,1677143129076,1677143121191,0.867,0.0,2.431,0.0
p031-b3-t8,median_fallback,4591,1677143148493,1677143143902,0.854,0.0,3.253,0.0
p031-b3-t9,local_max,1152,1677143172044,1677143170892,6.498,0.0,0.914,0.0
p031-b4-t1,local_max,2257,1677143304604,1677143302347,0.868,44.93087557603687,1.624,0.0
p031-b4-t10,local_max,3779,1677143509334,1677143505555,3.798,12.137967351237494,2.411,0.0
p031-b4-t2,local_max,5866,1677143326381,1677143320515,1.39,0.0,4.174,0.0
p031-b4-t3,local_max,3233,1677143355348,1677143352115,7.895,3.57188093730209,1.976,0.0
p031-b4-t4,local_max,1187,1677143371885,1677143370698,1.544,0.0,0.63,26.50793650793651
p031-b4-t5,local_max,1234,1677143391940,1677143390706,0.0,,0.0,
p031-b4-t6,local_max,1666,1677143416745,1677143415079,5.912,4.516238159675237,1.083,18.37488457987073
p031-b4-t7,local_max,1289,1677143437545,1677143436256,4.471,1.8116752404383807,1.021,4.995102840352596
p031-b4-t8,local_max,2240,1677143466694,1677143464454,7.006,11.61861261775621,1.772,0.0
p031-b4-t9,local_max,4351,1677143486981,1677143482630,1.36,0.0,3.178,3.146633102580239
p031-b5-t1,local_max,2729,1677143710676,1677143707947,4.219,3.7923678596823893,1.919,0.0
p031-b5-t10,local_max,4028,1677143884997,1677143880969,0.635,0.0,2.503,4.434678385936876
p031-b5-t2,local_max,975,1677143727580,1677143726605,2.328,26.50343642611684,0.857,0.0
p031-b5-t3,local_max,657,1677143749237,1677143748580,4.094,0.0,0.589,0.0
p031-b5-t4,local_max,1082,1677143765429,1677143764347,1.407,0.0,0.836,0.0
p031-b5-t5,median_fallback,1482,1677143782868,1677143781386,1.647,0.0,1.009,0.0
p031-b5-t6,local_max,1437,1677143801501,1677143800064,2.229,41.94706146253925,1.197,0.0
p031-b5-t7,local_max,1738,1677143823645,1677143821907,3.629,3.6924772664645906,1.288,18.555900621118013
p031-b5-t8,local_max,3622,1677143844339,1677143840717,2.743,0.0,2.746,0.0
p031-b5-t9,local_max,1359,1677143867500,1677143866141,4.089,21.863536316947908,1.035,0.0
p031-b6-t1,local_max,887,1677144002933,1677144002046,5.306,8.725970599321522,0.486,0.0
p031-b6-t10,local_max,972,1677144192470,1677144191498,2.3,11.73913043478261,0.744,0.0
p031-b6-t2,local_max,2443,1677144023565,1677144021122,2.325,34.45161290322581,1.801,0.0
p031-b6-t3,local_max,887,1677144042836,1677144041949,3.638,8.5761407366685,0.624,0.0
p031-b6-t4,local_max,760,1677144061269,1677144060509,1.899,0.0,0.27,0.0
p031-b6-t5,local_max,1360,1677144087277,1677144085917,7.526,6.763220834440606,0.9,0.0
p031-b6-t6,local_max,690,1677144106709,1677144106019,2.465,6.40973630831643,0.636,48.58490566037736
p031-b6-t7,local_max,750,1677144131135,1677144130385,4.491,0.0,0.0,
p031-b6-t8,local_max,1867,1677144157286,1677144155419,8.117,2.217568067019835,1.374,4.0029112081513825
p031-b6-t9,local_max,946,1677144174997,1677144174051,2.521,0.0,0.672,0.0
p032-b1-t1,local_max,4725,1677150873519,1677150868794,9.809,18.513609950045876,3.926,23.408048904737647
p032-b1-t10,median_fallback,2041,1677151106471,1677151104430,0.411,0.0,1.353,0.0
p032-b1-t2,median_fallback,1488,1677150898406,1677150896918,1.257,0.0,0.804,53.35820895522388
p032-b1-t3,local_max,2354,1677150927312,1677150924958,8.111,7.89051904820614,1.876,51.7590618336887
p032-b1-t4,local_max,1088,1677150952088,1677150951000,5.618,12.121751512993947,0.904,0.0
p032-b1-t5,local_max,6480,1677150978423,1677150971943,1.671,0.0,4.694,2.705581593523647
p032-b1-t6,local_max,8116,1677151010800,1677151002684,6.966,0.0,4.401,37.87775505566917
p032-b1-t7,local_max,3028,1677151041232,1677151038204,8.571,0.0,2.119,51.81689476168004
p032-b1-t8,local_max,1170,1677151062032,1677151060862,1.346,17.459138187221395,1.042,59.30902111324376
p032-b1-t9,local_max,4081,1677151087014,1677151082933,3.928,0.0,3.12,17.628205128205128
p032-b2-t1,local_max,923,1677151215800,1677151214877,3.507,0.0,0.732,0.0
p032-b2-t10,median_fallback,5514,1677151428822,1677151423308,0.667,26.08695652173913,4.351,0.4596644449551827
p032-b2-t2,local_max,1490,1677151231726,1677151230236,0.349,38.108882521489974,1.201,37.218984179850125
p032-b2-t3,local_max,1817,1677151257583,1677151255766,7.602,4.262036306235201,1.024,0.0
p032-b2-t4,local_max,4030,1677151277487,1677151273457,0.753,11.02257636122178,2.85,8.666666666666666
p032-b2-t5,local_max,1096,1677151300847,1677151299751,3.99,16.115288220551378,0.91,59.89010989010989
p032-b2-t6,local_max,1975,1677151325349,1677151323374,3.705,0.0,1.471,0.0
p032-b2-t7,local_max,4934,1677151345584,1677151340650,0.65,0.0,2.847,12.012644889357219
p032-b2-t8,local_max,1881,1677151371871,1677151369990,7.55,21.00662251655629,1.265,0.0
p032-b2-t9,local_max,1952,1677151407303,1677151405351,8.332,2.0883341334613537,1.33,19.24812030075188
p032-b3-t1,local_max,2867,1677151611651,1677151608784,3.875,0.0,2.071,0.0
p032-b3-t10,local_max,1449,1677151797884,1677151796435,3.318,10.759493670886076,0.828,52.41545893719807
p032-b3-t2,local_max,3291,1677151630889,1677151627598,0.816,0.0,2.409,45.16396845163968
p032-b3-t3,local_max,4440,1677151654255,1677151649815,3.087,11.240686750890832,3.096,42.60335917312661
p032-b3-t4,local_max,2712,1677151673078,1677151670366,1.271,0.0,1.586,31.58890290037831
p032-b3-t5,local_max,1090,1677151697551,1677151696461,6.471,30.768042033688765,0.692,29.335260115606935
p032-b3-t6,local_max,2706,1677151720021,1677151717315,4.318,48.56415006947661,2.244,45.45454545454545
p032-b3-t7,local_max,2622,1677151740246,1677151737624,2.477,0.0,1.838,6.90968443960827
p032-b3-t8,local_max,961,1677151759878,1677151758917,2.805,4.09982174688057,0.604,66.3907284768212
p032-b3-t9,local_max,711,1677151777572,1677151776861,1.813,6.894649751792609,0.629,40.06359300476947
p032-b4-t1,local_max,2067,1677151931908,1677151929841,3.688,0.0,1.376,0.0
p032-b4-t10,local_max,2818,1677152127993,1677152125175,8.131,24.769401057680483,1.668,0.0
p032-b4-t2,local_max,1090,1677151948763,1677151947673,0.705,0.0,0.923,0.0
p032-b4-t3,local_max,1366,1677151965211,1677151963845,1.002,0.0,1.049,24.78551000953289
p032-b4-t4,local_max,1414,1677151981154,1677151979740,0.481,0.0,0.953,0.0
p032-b4-t5,local_max,3187,1677152002739,1677151999552,3.266,28.138395590936927,2.412,25.538971807628524
p032-b4-t6,local_max,1500,1677152024612,1677152023112,4.171,1.9419803404459361,1.298,17.4884437596302
p032-b4-t7,local_max,1097,1677152058193,1677152057096,12.986,19.367010626828893,0.871,29.73593570608496
p032-b4-t8,local_max,4459,1677152080619,1677152076160,2.153,0.0,3.157,18.561925878999048
p032-b4-t9,local_max,1588,1677152097336,1677152095748,0.343,0.0,0.994,0.0
p032-b5-t1,local_max,3539,1677152241257,1677152237718,3.24,15.061728395061728,2.315,10.928725701943845
p032-b5-t10,local_max,1427,1677152416012,1677152414585,2.467,23.915687069314956,1.165,16.824034334763947
p032-b5-t2,local_max,1080,1677152270089,1677152269009,6.434,9.17003419334784,0.805,15.15527950310559
p032-b5-t3,local_max,986,1677152291154,1677152290168,4.665,6.173633440514469,0.637,0.0
p032-b5-t4,median_fallback,621,1677152307083,1677152306462,0.407,0.0,0.36,0.0
p032-b5-t5,local_max,1903,1677152323244,1677152321341,0.364,14.285714285714286,1.346,13.893016344725112
p032-b5-t6,local_max,1580,1677152342081,1677152340501,0.579,0.0,1.052,46.958174904942965
p032-b5-t7,local_max,474,1677152359723,1677152359249,2.354,13.04163126593033,0.385,0.0
p032-b5-t8,local_max,871,1677152377275,1677152376404,1.95,24.153846153846153,0.743,25.03364737550471
p032-b5-t9,local_max,1612,1677152397194,1677152395582,3.593,0.0,1.027,52.872444011684514
p032-b6-t1,local_max,3779,1677152544580,1677152540801,4.544,0.0,3.073,18.74389847054995
p032-b6-t10,local_max,5733,1677152715027,1677152709294,7.545,3.6845593108018555,4.48,0.8705357142857143
p032-b6-t2,local_max,659,1677152566835,1677152566176,4.792,4.319699499165275,0.284,0.0
p032-b6-t3,local_max,1065,1677152588851,1677152587786,4.885,3.5619242579324464,0.902,0.0
p032-b6-t4,median_fallback,889,1677152604434,1677152603545,0.639,19.718309859154928,0.364,10.989010989010989
p032-b6-t5,local_max,1641,1677152619906,1677152618265,0.048,0.0,1.424,5.547752808988764
p032-b6-t6,median_fallback,769,1677152634988,1677152634219,0.619,13.408723747980615,0.589,33.446519524618
p032-b6-t7,median_fallback,632,1677152649779,1677152649147,0.446,52.46636771300449,0.348,38.50574712643678
p032-b6-t8,local_max,884,1677152664427,1677152663543,0.084,0.0,0.802,0.0
p032-b6-t9,local_max,5385,1677152684940,1677152679555,1.109,0.0,4.423,0.0
p033-b1-t10,local_max,1017,1677161785389,1677161784372,2.813,32.563099893352295,0.798,0.0
p033-b1-t2,local_max,6534,1677161533489,1677161526955,4.799,0.0,1.612,5.645161290322581
p033-b1-t3,local_max,1054,1677161581775,1677161580721,22.854,4.7168985735538635,0.815,0.0
p033-b1-t4,local_max,1502,1677161609647,1677161608145,6.445,0.0,1.125,0.0
p033-b1-t5,local_max,1202,1677161651863,1677161650661,17.131,4.681571420232327,0.816,0.0
p033-b1-t7,local_max,2281,1677161711830,1677161709549,7.066,20.350976507217663,1.12,31.785714285714285
p033-b1-t8,local_max,2274,1677161746774,1677161744500,12.215,0.0,1.716,52.913752913752916
p033-b1-t9,local_max,589,1677161766229,1677161765640,3.257,7.245931839115751,0.303,0.0
p033-b2-t1,local_max,2196,1677161918951,1677161916755,2.764,0.0,1.911,30.55991627420199
p033-b2-t10,local_max,626,1677162183748,1677162183122,5.575,23.856502242152466,0.237,25.31645569620253
p033-b2-t2,local_max,1713,1677161947806,1677161946093,6.33,4.296998420221169,1.191,0.0
p033-b2-t4,local_max,778,1677161999933,1677161999155,5.235,21.298949379178605,0.496,44.354838709677416
p033-b2-t5,local_max,4858,1677162039964,1677162035106,14.178,3.9145154464663565,2.263,10.163499779054353
p033-b2-t6,local_max,4393,1677162077083,1677162072690,11.851,0.0,3.085,76.11021069692059
p033-b2-t7,local_max,1547,1677162110268,1677162108721,9.893,2.00141514201961,1.061,0.0
p033-b2-t8,local_max,9842,1677162136891,1677162127049,2.809,0.0,4.283,18.655148260565024
p033-b2-t9,local_max,4016,1677162157988,1677162153972,3.308,0.0,3.117,6.384343920436317
p033-b3-t1,local_max,978,1677162309747,1677162308769,9.64,2.1473029045643153,0.835,0.0
p033-b3-t10,local_max,3514,1677162543459,1677162539945,1.675,100.0,2.034,87.80727630285152
p033-b3-t2,local_max,1188,1677162332500,1677162331312,4.805,0.0,0.765,0.0
p033-b3-t3,local_max,2730,1677162365211,1677162362481,6.67,4.527736131934033,1.651,0.0
p033-b3-t5,local_max,1624,1677162412811,1677162411187,6.941,2.2619219132689814,1.299,0.0
p033-b3-t6,local_max,5666,1677162434691,1677162429025,1.576,57.67766497461929,4.09,0.4400977995110024
p033-b3-t9,local_max,2198,1677162522546,1677162520348,1.551,8.57511283043198,1.338,67.41405082212258
p033-b4-t1,local_max,1783,1677162865079,1677162863296,1.568,0.0,1.009,0.0
p033-b4-t10,local_max,1744,1677163114054,1677163112310,9.385,39.595098561534364,1.118,29.516994633273704
p033-b4-t2,local_max,2611,1677162893026,1677162890415,7.267,0.0,1.751,54.36893203883495
p033-b4-t5,local_max,4084,1677162971494,1677162967410,2.332,32.2041166380789,2.716,0.0
p033-b4-t7,local_max,3567,1677163032901,1677163029334,8.903,0.0,2.775,0.0
p033-b4-t8,local_max,5330,1677163060150,1677163054820,5.436,9.896983075791022,3.891,0.0
p033-b4-t9,local_max,3585,1677163082197,1677163078612,2.615,3.9005736137667304,2.218,14.472497745716861
p033-b5-t1,local_max,1099,1677163223868,1677163222769,4.755,1.7875920084121977,0.58,0.0
p033-b5-t10,local_max,8402,1677163462802,1677163454400,0.882,0.0,3.972,7.804632426988922
p033-b5-t2,local_max,1447,1677163255506,1677163254059,9.97,30.2407221664995,0.953,0.0
p033-b5-t3,local_max,2451,1677163276068,1677163273617,3.102,42.23081882656351,1.746,0.0
p033-b5-t4,local_max,817,1677163312259,1677163311442,8.462,24.26140392342236,0.535,48.03738317757009
p033-b5-t5,local_max,1170,1677163329403,1677163328233,1.895,61.794195250659634,0.715,0.0
p033-b5-t6,local_max,3033,1677163360146,1677163357113,8.574,17.389783065080476,1.866,8.252947481243302
p033-b5-t7,local_max,1555,1677163387017,1677163385462,3.164,0.0,1.207,41.42502071251035
p033-b5-t8,local_max,7258,1677163417817,1677163410559,7.724,3.1071983428275507,3.659,0.0
p033-b6-t1,local_max,659,1677163569392,1677163568733,1.889,0.0,0.659,0.0
p033-b6-t10,local_max,7106,1677163797119,1677163790013,3.312,0.0,4.841,4.833712042966329
p033-b6-t3,local_max,747,1677163628543,1677163627796,8.229,13.245837890387653,0.529,0.0
p033-b6-t4,local_max,1130,1677163651968,1677163650838,4.651,8.944313050956783,0.837,0.0
p033-b6-t5,median_fallback,520,1677163669703,1677163669183,1.457,100.0,0.366,0.0
p033-b6-t6,local_max,3410,1677163696135,1677163692725,6.5,3.8153846153846156,2.007,47.1350274040857
p033-b6-t7,local_max,1498,1677163725599,1677163724101,7.124,5.502526670409882,1.268,35.80441640378549
p033-b6-t8,local_max,1697,1677163745838,1677163744141,1.811,62.120375483158476,1.319,0.0
p033-b6-t9,local_max,6604,1677163769254,1677163762650,1.577,64.99682942295497,4.862,6.149732620320855
p034-b1-t1,local_max,5540,1677590616099,1677590610559,2.935,0.0,3.725,6.657718120805369
p034-b1-t10,local_max,774,1677590977394,1677590976620,6.084,33.05391190006575,0.536,18.470149253731343
p034-b1-t2,local_max,7120,1677590670611,1677590663491,13.793,8.33031247734358,2.448,0.0
p034-b1-t3,local_max,2098,1677590698996,1677590696898,3.489,5.417024935511608,1.89,33.80952380952381
p034-b1-t4,local_max,1147,1677590728300,1677590727153,7.993,7.131239834855498,0.816,0.0
p034-b1-t5,local_max,1225,1677590782906,1677590781681,13.411,11.990157333532174,0.84,3.3333333333333335
p034-b1-t6,local_max,4962,1677590826691,1677590821729,9.453,14.757219930180895,2.988,24.866131191432395
p034-b1-t7,local_max,11358,1677590862028,1677590850670,6.507,13.062855386506838,2.191,0.0
p034-b1-t8,local_max,2914,1677590903328,1677590900414,13.921,0.0,2.001,37.13143428285857
p034-b1-t9,local_max,5603,1677590949132,1677590943529,9.901,1.6260983739016261,1.63,0.9815950920245399
p034-b2-t1,median_fallback,761,1677591096831,1677591096070,1.73,67.6878612716763,0.395,0.0
p034-b2-t10,local_max,1156,1677591389127,1677591387971,2.748,18.66812227074236,0.818,0.0
p034-b2-t2,local_max,2322,1677591136872,1677591134550,9.429,9.629865309152613,1.682,10.344827586206897
p034-b2-t3,local_max,711,1677591158712,1677591158001,3.564,6.930415263748597,0.388,0.0
p034-b2-t4,local_max,7386,1677591183760,1677591176374,0.0,,3.708,45.30744336569579
p034-b2-t5,local_max,1058,1677591218999,1677591217941,5.458,2.6566507878343715,0.749,0.0
p034-b2-t6,median_fallback,1013,1677591262327,1677591261314,9.417,10.873951364553466,0.558,0.0
p034-b2-t7,local_max,3122,1677591310033,1677591306911,8.373,1.027110951869103,2.394,15.371762740183792
p034-b2-t8,local_max,4818,1677591332328,1677591327510,0.05,0.0,3.027,41.75751569210439
p034-b2-t9,local_max,1859,1677591357510,1677591355651,3.934,0.0,1.173,7.502131287297527
p034-b3-t1,median_fallback,1387,1677591501904,1677591500517,4.827,45.97058214211726,1.091,0.0
p034-b3-t10,local_max,1082,1677591769976,1677591768894,1.714,0.0,0.922,13.449023861171366
p034-b3-t2,local_max,874,1677591523351,1677591522477,3.402,70.78189300411523,0.621,65.53945249597423
p034-b3-t3,local_max,2054,1677591562534,1677591560480,14.531,9.111554607391096,1.299,0.0
p034-b3-t4,local_max,2704,1677591598622,1677591595918,7.553,12.339467761154507,1.919,0.0
p034-b3-t5,local_max,1515,1677591632095,1677591630580,8.182,4.693229039354681,1.058,0.0
p034-b3-t6,median_fallback,709,1677591656407,1677591655698,5.459,7.9135372778897235,0.556,0.0
p034-b3-t7,local_max,1011,1677591698311,1677591697300,8.655,5.326400924321201,0.743,7.806191117092867
p034-b3-t8,local_max,3136,1677591718414,1677591715278,0.264,33.333333333333336,1.741,37.966685812751294
p034-b3-t9,median_fallback,823,1677591748824,1677591748001,5.129,45.95437707155391,0.479,14.405010438413361
p034-b4-t1,local_max,3721,1677591890557,1677591886836,8.364,0.0,2.62,25.0381679389313
p034-b4-t10,local_max,4006,1677592169187,1677592165181,3.404,24.764982373678027,2.788,0.0
p034-b4-t2,local_max,2362,1677591914198,1677591911836,3.102,25.04835589941973,1.633,0.0
p034-b4-t3,local_max,6446,1677591954658,1677591948212,11.847,2.4647590107200137,4.033,6.3476320357054306
p034-b4-t4,local_max,3403,1677591978506,1677591975103,3.172,1.2610340479192939,2.534,0.0
p034-b4-t5,local_max,2114,1677592020249,1677592018135,13.889,1.8575851393188854,1.282,11.466458658346333
p034-b4-t6,median_fallback,491,1677592039970,1677592039479,2.471,41.56212059894779,0.437,0.0
p034-b4-t7,local_max,5954,1677592063087,1677592057133,0.913,0.0,3.042,18.441814595660748
p034-b4-t8,local_max,2826,1677592084823,1677592081997,0.056,0.0,1.686,58.83748517200475
p034-b4-t9,local_max,1383,1677592119626,1677592118243,8.009,12.935447621425896,0.928,45.366379310344826
p034-b5-t1,local_max,1018,1677592281595,1677592280577,2.076,6.213872832369942,0.815,0.0
p034-b5-t10,local_max,1647,1677592518658,1677592517011,11.076,12.928855182376308,1.083,34.99538319482918
p034-b5-t2,local_max,7275,1677592317782,1677592310507,8.077,4.630432091122942,4.424,0.22603978300180833
p034-b5-t3,local_max,5685,1677592341492,1677592335807,1.112,0.0,1.804,40.52106430155211
p034-b5-t4,local_max,2083,1677592363948,1677592361865,0.718,0.0,1.641,54.23522242535039
p034-b5-t6,median_fallback,770,1677592403721,1677592402951,1.813,12.796469939327082,0.589,0.0
p034-b5-t7,local_max,1563,1677592422387,1677592420824,1.893,36.08029582673006,1.334,39.58020989505248
p034-b5-t8,local_max,4126,1677592443180,1677592439054,2.109,40.87245139876719,2.855,24.623467600700526
p034-b5-t9,local_max,479,1677592480786,1677592480307,2.893,19.702730729346698,0.376,0.0
p034-b6-t1,local_max,1026,1677592635307,1677592634281,6.742,9.819044793829724,0.643,31.72628304821151
p034-b6-t10,median_fallback,603,1677592852234,1677592851631,0.397,100.0,0.246,100.0
p034-b6-t2,local_max,886,1677592659067,1677592658181,1.167,49.27163667523565,0.567,50.970017636684304
p034-b6-t3,local_max,708,1677592692210,1677592691502,4.194,0.0,0.1,0.0
p034-b6-t4,local_max,936,1677592710873,1677592709937,1.289,8.766485647788985,0.909,39.49394939493949
p034-b6-t5,local_max,2248,1677592744514,1677592742266,3.428,0.0,1.775,0.0
p034-b6-t6,local_max,1448,1677592766075,1677592764627,4.181,25.974647213585268,1.097,6.107566089334549
p034-b6-t7,median_fallback,598,1677592784986,1677592784388,0.307,78.17589576547232,0.213,0.0
p034-b6-t8,local_max,1541,1677592803106,1677592801565,1.967,5.439755973563803,1.228,45.03257328990228
p034-b6-t9,local_max,15193,1677592832057,1677592816864,0.092,0.0,6.725,35.88104089219331
p035-b1-t1,local_max,3231,1677595178813,1677595175582,11.27,16.264418811002663,2.383,0.0
p035-b1-t10,local_max,1046,1677595441588,1677595440542,1.212,0.0,0.809,0.0
p035-b1-t2,local_max,2026,1677595220278,1677595218252,16.171,5.652093253354771,1.614,0.0
p035-b1-t3,local_max,5118,1677595256526,1677595251408,9.445,6.9348861831656965,3.445,23.164005805515238
p035-b1-t4,local_max,2155,1677595278070,1677595275915,2.403,3.329171868497711,1.503,30.605455755156353
p035-b1-t5,local_max,5387,1677595316376,1677595310989,11.983,7.735959275640491,3.796,19.863013698630137
p035-b1-t6,local_max,2850,1677595346605,1677595343755,7.79,17.278562259306803,2.344,15.827645051194539
p035-b1-t7,local_max,726,1677595366277,1677595365551,3.861,16.627816627816628,0.617,0.0
p035-b1-t8,local_max,649,1677595395973,1677595395324,6.807,8.256206845893933,0.514,0.0
p035-b1-t9,local_max,1393,1677595422092,1677595420699,6.591,19.43559399180701,1.202,5.241264559068219
p035-b2-t1,local_max,3353,1677595570746,1677595567393,5.77,13.223570190641247,2.177,0.0
p035-b2-t10,local_max,1786,1677595834609,1677595832823,5.036,6.93010325655282,1.127,14.285714285714286
p035-b2-t2,local_max,1090,1677595594195,1677595593105,5.303,11.65378087874788,0.702,0.0
p035-b2-t3,local_max,868,1677595630410,1677595629542,13.231,9.34169752853148,0.627,0.0
p035-b2-t4,local_max,4161,1677595664194,1677595660033,8.387,10.253964468820794,2.802,5.960028551034975
p035-b2-t5,local_max,3086,1677595705986,1677595702900,10.78,13.506493506493506,1.575,0.0
p035-b2-t6,local_max,2972,1677595730313,1677595727341,5.005,14.005994005994006,1.723,0.0
p035-b2-t7,local_max,1283,1677595752017,1677595750734,4.536,0.0,0.901,0.0
p035-b2-t8,local_max,5313,1677595772946,1677595767633,1.355,0.0,3.257,24.22474669941664
p035-b2-t9,local_max,6055,1677595809370,1677595803315,8.451,15.323630339604781,4.057,0.0
p035-b3-t1,local_max,3660,1677595944696,1677595941036,1.969,8.836973082783139,1.804,0.0
p035-b3-t10,local_max,2674,1677596199056,1677596196382,6.428,10.532047293092718,1.849,16.27906976744186
p035-b3-t2,local_max,505,1677595989208,1677595988703,17.944,17.810967454302272,0.31,0.0
p035-b3-t3,local_max,2195,1677596014145,1677596011950,6.021,9.48347450589603,1.308,0.0
p035-b3-t4,local_max,1313,1677596036384,1677596035071,5.217,36.131876557408475,0.955,0.0
p035-b3-t5,local_max,1745,1677596066304,1677596064559,5.946,6.84493777329297,1.093,20.2195791399817
p035-b3-t6,local_max,1511,1677596094112,1677596092601,7.004,21.573386636207882,1.255,0.0
p035-b3-t8,local_max,5545,1677596151672,1677596146127,0.671,0.0,3.447,20.07542790832608
p035-b3-t9,local_max,2082,1677596171023,1677596168941,2.31,48.917748917748916,1.336,25.0748502994012
p035-b4-t1,local_max,961,1677596333479,1677596332518,5.458,4.5987541223891535,0.852,0.0
p035-b4-t10,local_max,1762,1677596559651,1677596557889,6.827,7.558224696059763,0.89,0.0
p035-b4-t2,local_max,2696,1677596364998,1677596362302,7.584,20.160864978902953,1.948,7.8028747433264884
p035-b4-t3,local_max,969,1677596381109,1677596380140,0.639,0.0,0.51,0.0
p035-b4-t4,local_max,2277,1677596401588,1677596399311,3.041,0.0,1.299,9.776751347190146
p035-b4-t5,local_max,2640,1677596432023,1677596429383,7.528,4.782146652497343,1.938,0.0
p035-b4-t6,local_max,3461,1677596456486,1677596453025,3.897,3.618167821401078,2.048,6.640625
p035-b4-t7,local_max,6106,1677596482174,1677596476068,3.805,0.0,3.806,9.695218076720966
p035-b4-t8,local_max,10586,1677596508117,1677596497531,0.063,0.0,6.929,11.184875162361092
p035-b4-t9,local_max,963,1677596531261,1677596530298,5.016,12.719298245614034,0.713,0.0
p035-b5-t1,local_max,1350,1677596676666,1677596675316,11.345,27.060379021595416,0.817,0.0
p035-b5-t10,local_max,6673,1677596924257,1677596917584,11.293,10.590631364562118,4.945,0.0
p035-b5-t2,local_max,1268,1677596698813,1677596697545,3.641,8.624004394397144,1.04,0.0
p035-b5-t3,local_max,571,1677596723924,1677596723353,6.945,13.189344852411807,0.337,8.011869436201781
p035-b5-t4,local_max,4930,1677596757819,1677596752889,8.952,13.706434316353887,3.621,0.0
p035-b5-t5,local_max,914,1677596786171,1677596785257,5.681,12.550607287449393,0.421,0.0
p035-b5-t6,local_max,3844,1677596809865,1677596806021,3.71,14.63611859838275,2.289,0.0
p035-b5-t7,local_max,1193,1677596832626,1677596831433,5.194,8.009241432422025,0.903,0.0
p035-b5-t8,local_max,2378,1677596855762,1677596853384,5.237,31.773916364330724,1.959,13.118938233792752
p035-b5-t9,local_max,1457,1677596878617,1677596877160,3.082,13.887086307592472,1.248,0.0
p035-b6-t10,local_max,2004,1677597295426,1677597293422,14.911,10.093219770639125,1.172,0.0
p035-b6-t2,local_max,1242,1677597078506,1677597077264,5.706,1.5772870662460567,0.51,0.0
p035-b6-t3,local_max,2450,1677597103129,1677597100679,2.271,2.025539409951563,1.379,7.25163161711385
p035-b6-t4,local_max,1290,1677597128346,1677597127056,3.059,7.224583197123243,0.654,0.0
p035-b6-t5,local_max,938,1677597162370,1677597161432,12.191,15.314576326798457,0.661,0.0
p035-b6-t6,local_max,1379,1677597181114,1677597179735,2.513,0.0,0.881,0.0
p035-b6-t7,local_max,1774,1677597203393,1677597201619,4.273,24.643107886730633,1.221,0.0
p035-b6-t8,local_max,1040,1677597229617,1677597228577,5.652,7.077140835102618,0.863,21.320973348783316
p035-b6-t9,local_max,971,1677597254872,1677597253901,5.785,21.745894554883318,0.402,11.194029850746269
p036-b1-t1,local_max,12227,1677602212124,1677602199897,0.363,0.0,3.726,17.47181964573269
p036-b1-t10,local_max,3723,1677602565385,1677602561662,7.299,54.34991094670503,2.699,0.0
p036-b1-t2,local_max,2129,1677602252147,1677602250018,4.358,0.0,1.495,13.578595317725753
p036-b1-t3,local_max,1760,1677602303411,1677602301651,8.004,18.728135932033982,1.277,0.0
p036-b1-t4,local_max,2818,1677602345810,1677602342992,11.216,3.3345221112696146,1.737,7.311456534254462
p036-b1-t5,local_max,6459,1677602390882,1677602384423,9.656,2.464788732394366,4.473,24.077800134138162
p036-b1-t6,local_max,7100,1677602435075,1677602427975,11.419,0.6392854015237761,4.557,0.0
p036-b1-t7,local_max,2482,1677602475746,1677602473264,15.875,3.3448818897637795,1.379,0.0
p036-b1-t8,local_max,4698,1677602504250,1677602499552,6.643,0.0,3.357,29.0437890974084
p036-b1-t9,local_max,4712,1677602534184,1677602529472,7.785,1.4900449582530508,3.38,0.0
p036-b2-t1,local_max,1881,1677602755728,1677602753847,2.599,6.156213928434013,1.536,0.0
p036-b2-t10,local_max,6272,1677603053350,1677603047078,6.319,24.07026428232315,1.81,0.0
p036-b2-t2,local_max,817,1677602783096,1677602782279,7.63,9.239842726081259,0.724,18.50828729281768
p036-b2-t3,local_max,2067,1677602804553,1677602802486,0.277,0.0,1.549,0.0
p036-b2-t4,median_fallback,3041,1677602840576,1677602837535,3.371,0.0,1.789,0.0
p036-b2-t5,local_max,4395,1677602877033,1677602872638,4.641,4.891187244128421,2.868,34.30962343096234
p036-b2-t6,local_max,1706,1677602927448,1677602925742,10.455,5.174557627929221,1.264,0.0
p036-b2-t7,local_max,1272,1677602947687,1677602946415,2.953,0.0,0.87,63.2183908045977
p036-b2-t8,local_max,2994,1677602992392,1677602989398,13.432,20.5553901131626,1.783,0.0
p036-b2-t9,local_max,13338,1677603023567,1677603010229,1.972,100.0,3.33,22.912912912912912
p036-b3-t1,local_max,2042,1677603222735,1677603220693,3.102,0.0,1.024,54.4921875
p036-b3-t10,local_max,21480,1677603515261,1677603493781,0.253,0.0,10.659,29.430528192138098
p036-b3-t2,local_max,2698,1677603244711,1677603242013,4.202,17.991432651118515,1.946,0.0
p036-b3-t3,local_max,2502,1677603272854,1677603270352,5.734,0.5406348099058249,1.706,75.90855803048066
p036-b3-t4,local_max,4264,1677603305622,1677603301358,8.806,14.274358392005452,2.981,14.994968131499498
p036-b3-t5,local_max,2489,1677603338750,1677603336261,6.177,57.26080621661001,2.029,11.92705766387383
p036-b3-t6,local_max,8065,1677603377470,1677603369405,7.303,56.593180884567985,2.301,2.9117774880486746
p036-b3-t7,median_fallback,1053,1677603401895,1677603400842,2.065,17.28813559322034,0.658,8.966565349544073
p036-b3-t8,local_max,3321,1677603427349,1677603424028,4.251,0.0,2.374,0.0
p036-b3-t9,local_max,21674,1677603473559,1677603451885,1.161,100.0,1.288,5.590062111801243
p036-b4-t1,local_max,871,1677603688253,1677603687382,8.921,19.213092702611814,0.593,42.49578414839797
p036-b4-t10,local_max,2174,1677604004829,1677604002655,4.006,38.51722416375437,1.775,59.49295774647887
p036-b4-t2,median_fallback,5304,1677603710959,1677603705655,0.395,0.0,1.899,21.063717746182203
p036-b4-t3,local_max,4522,1677603742774,1677603738252,8.808,18.81244323342416,2.893,0.0
p036-b4-t4,local_max,3336,1677603781069,1677603777733,5.995,17.297748123436197,1.553,0.0
p036-b4-t5,local_max,2665,1677603815261,1677603812596,8.92,16.524663677130047,1.893,12.942419440042261
p036-b4-t6,local_max,6647,1677603856437,1677603849790,7.112,25.435883014623172,3.152,27.79187817258883
p036-b4-t7,local_max,866,1677603896189,1677603895323,15.835,1.6671929270603094,0.675,0.0
p036-b4-t8,local_max,3675,1677603942069,1677603938394,6.897,48.209366391184574,2.378,56.18166526492851
p036-b4-t9,local_max,8379,1677603976390,1677603968011,4.392,1.4116575591985427,2.913,26.604874699622382
p036-b5-t1,local_max,927,1677604181020,1677604180093,1.733,74.84131563762261,0.761,11.300919842312746
p036-b5-t10,local_max,1514,1677604492131,1677604490617,15.156,4.407495381367116,1.249,0.0
p036-b5-t2,local_max,2042,1677604214444,1677604212402,6.472,23.84116192830655,1.625,15.507692307692308
p036-b5-t3,local_max,7079,1677604245685,1677604238606,4.203,0.0,3.058,1.3080444735120995
p036-b5-t4,local_max,4466,1677604273749,1677604269283,4.853,99.60848959406553,2.987,29.226648811516572
p036-b5-t6,local_max,2239,1677604352957,1677604350718,7.56,35.97883597883598,1.713,0.0
p036-b5-t7,local_max,7778,1677604384180,1677604376402,5.906,0.0,4.182,24.17503586800574
p036-b5-t8,local_max,8300,1677604414084,1677604405784,3.161,44.66940841505853,5.419,21.073998892784648
p036-b5-t9,local_max,6069,1677604448307,1677604442238,4.217,12.947593075646195,2.072,7.287644787644788
p036-b6-t1,local_max,2114,1677604765371,1677604763257,7.637,7.594605211470473,1.707,0.0
p036-b6-t10,local_max,6092,1677605124879,1677605118787,7.96,0.0,2.17,0.0
p036-b6-t2,local_max,9241,1677604790250,1677604781009,0.0,,2.066,0.0
p036-b6-t3,local_max,1239,1677604820362,1677604819123,10.366,5.884622805325101,0.441,24.94331065759637
p036-b6-t4,local_max,11761,1677604865330,1677604853569,7.576,0.0,3.141,0.0
p036-b6-t5,local_max,1510,1677604920001,1677604918491,17.006,9.42020463365871,1.098,0.0
p036-b6-t6,local_max,3263,1677604962489,1677604959226,16.581,3.902056570773777,2.73,6.373626373626373
p036-b6-t7,local_max,3039,1677605006849,1677605003810,9.158,2.8390478270364707,1.881,6.964380648591175
p036-b6-t8,local_max,1597,1677605051024,1677605049427,16.107,10.64754454584963,0.983,0.0
p036-b6-t9,local_max,5534,1677605089600,1677605084066,8.392,41.94470924690181,2.606,0.0
p037-b1-t10,local_max,5177,1677756361734,1677756356557,18.569,11.406106952447628,3.979,39.859261120884646
p037-b1-t2,local_max,6402,1677755876389,1677755869987,10.581,0.0,3.196,37.85982478097622
p037-b1-t3,local_max,3342,1677755923429,1677755920087,14.02,2.717546362339515,2.78,0.0
p037-b1-t4,local_max,1762,1677755983838,1677755982076,21.749,6.441675479332383,1.171,0.0
p037-b1-t6,local_max,1016,1677756120701,1677756119685,34.406,3.371504970063361,0.773,11.513583441138422
p037-b1-t7,local_max,7594,1677756171782,1677756164188,5.854,0.0,2.924,0.0
p037-b1-t8,local_max,8536,1677756251813,1677756243277,24.289,5.714520976573757,5.467,0.0
p037-b1-t9,local_max,1442,1677756295566,1677756294124,5.053,29.111418959034236,1.126,0.0
p037-b2-t1,local_max,4746,1677756524413,1677756519667,16.318,9.345508027944602,3.388,16.204250295159387
p037-b2-t10,local_max,1445,1677757065889,1677757064444,20.933,2.5271103043042085,0.88,0.0
p037-b2-t2,local_max,1262,1677756596053,1677756594791,35.675,4.605466012613875,1.111,0.0
p037-b2-t3,local_max,6891,1677756638734,1677756631843,11.754,0.0,4.887,0.0
p037-b2-t4,local_max,10619,1677756701261,1677756690642,18.1,7.850828729281768,7.233,1.9355730678833125
p037-b2-t5,local_max,644,1677756797532,1677756796888,46.791,6.539719176764763,0.395,0.0
p037-b2-t6,local_max,960,1677756858845,1677756857885,28.219,4.5784754952337074,0.755,0.0
p037-b2-t7,local_max,7457,1677756922108,1677756914651,22.988,6.681746998433965,4.277,0.0
p037-b2-t8,local_max,1537,1677756973697,1677756972160,21.132,19.903463940942647,1.248,23.397435897435898
p037-b2-t9,local_max,8000,1677757007769,1677756999769,3.583,0.0,5.851,9.929926508289181
p037-b3-t1,local_max,3753,1677757259924,1677757256171,31.969,0.0,2.849,8.704808704808705
p037-b3-t10,local_max,2543,1677757697797,1677757695254,19.593,8.947072934211198,1.838,0.0
p037-b3-t2,local_max,4586,1677757337083,1677757332497,29.757,2.87663406929462,3.538,13.62351611079706
p037-b3-t3,local_max,1445,1677757383177,1677757381732,7.52,40.27925531914894,1.223,30.00817661488144
p037-b3-t4,local_max,1096,1677757406585,1677757405489,4.137,4.3268068648779305,0.839,18.235995232419548
p037-b3-t5,local_max,5137,1677757444096,1677757438959,0.072,0.0,3.272,24.511002444987774
p037-b3-t6,local_max,1110,1677757488321,1677757487211,13.61,6.5833945628214545,0.819,0.0
p037-b3-t7,local_max,1076,1677757536136,1677757535060,7.733,10.862537178326653,0.412,40.77669902912621
p037-b3-t8,local_max,4803,1677757584048,1677757579245,9.903,1.8580228213672625,3.439,0.0
p037-b3-t9,local_max,1648,1677757635293,1677757633645,16.682,17.611797146625104,0.956,0.0
p037-b4-t1,local_max,1281,1677757868860,1677757867579,19.708,5.703267708544753,0.792,0.0
p037-b4-t10,local_max,601,1677758339168,1677758338567,12.23,9.38675388389207,0.511,0.0
p037-b4-t2,local_max,4098,1677757935748,1677757931650,22.171,4.293897433584412,2.648,0.0
p037-b4-t3,local_max,5907,1677757982916,1677757977009,11.326,0.8829242450997704,3.903,15.06533435818601
p037-b4-t4,local_max,1442,1677758037995,1677758036553,15.429,9.229373258150236,1.086,8.195211786372008
p037-b4-t5,local_max,1825,1677758083873,1677758082048,17.643,7.402369211585332,1.052,39.543726235741445
p037-b4-t6,local_max,4265,1677758143329,1677758139064,22.018,6.1495140339722045,2.559,0.0
p037-b4-t7,local_max,2621,1677758194602,1677758191981,16.25,4.203076923076923,2.31,16.666666666666668
p037-b4-t8,local_max,6866,1677758250105,1677758243239,14.669,1.7724452927943282,4.24,0.0
p037-b4-t9,local_max,4704,1677758299568,1677758294864,14.095,27.463639588506563,3.844,4.500520291363164
p037-b5-t1,local_max,3674,1677758536384,1677758532710,5.266,0.0,2.725,1.1009174311926606
p037-b5-t10,local_max,1377,1677758984476,1677758983099,37.888,4.616237331081081,0.72,0.0
p037-b5-t2,local_max,10929,1677758586839,1677758575910,11.028,9.820457018498368,5.239,0.0
p037-b5-t3,local_max,3410,1677758638583,1677758635173,11.765,16.685082872928177,2.706,0.0
p037-b5-t4,local_max,910,1677758667446,1677758666536,6.451,18.756781894279957,0.834,29.256594724220623
p037-b5-t5,local_max,1421,1677758698213,1677758696792,9.059,22.32034440887515,0.819,0.0
p037-b5-t6,local_max,2669,1677758760142,1677758757473,26.539,2.3663287991258146,2.207,13.230629814227457
p037-b5-t7,local_max,3576,1677758801950,1677758798374,9.375,0.608,2.64,6.325757575757576
p037-b5-t8,local_max,2218,1677758863438,1677758861220,19.631,7.671539911364678,1.841,0.0
p037-b5-t9,local_max,21025,1677758902670,1677758881645,0.064,0.0,13.44,2.150297619047619
p037-b6-t1,local_max,2282,1677759167883,1677759165601,5.517,24.524197933659597,1.922,0.0
p037-b6-t10,local_max,2395,1677759625357,1677759622962,18.019,7.919418391697652,1.973,54.434870755195135
p037-b6-t2,local_max,2268,1677759244137,1677759241869,36.553,5.630180833310535,1.73,13.352601156069364
p037-b6-t3,local_max,1371,1677759285489,1677759284118,12.764,3.196490128486368,0.816,19.607843137254903
p037-b6-t4,local_max,997,1677759336200,1677759335203,15.219,17.990669557789605,0.89,59.438202247191015
p037-b6-t5,local_max,6467,1677759389686,1677759383219,14.006,4.876481507925175,4.995,16.556556556556558
p037-b6-t6,local_max,1489,1677759432327,1677759430838,14.374,4.65423681647419,0.711,0.0
p037-b6-t7,local_max,2044,1677759452489,1677759450445,1.813,7.446221731936018,1.747,42.24384659416142
p037-b6-t8,local_max,4922,1677759499822,1677759494900,11.924,0.0,3.481,0.0
p037-b6-t9,local_max,1952,1677759560093,1677759558141,25.627,16.646505638584305,1.333,13.428357089272318
p038-b1-t1,local_max,3517,1677851084450,1677851080933,0.305,0.0,2.346,8.994032395566922
p038-b1-t10,local_max,1866,1677851312490,1677851310624,3.25,45.90769230769231,1.125,0.0
p038-b1-t2,local_max,3385,1677851108209,1677851104824,2.416,44.288079470198674,1.794,0.0
p038-b1-t3,local_max,7338,1677851136186,1677851128848,1.824,0.0,4.48,24.933035714285715
p038-b1-t4,local_max,6411,1677851165379,1677851158968,3.997,21.916437327995997,2.796,8.44062947067239
p038-b1-t5,local_max,2393,1677851194329,1677851191936,6.075,0.0,1.955,23.273657289002557
p038-b1-t6,local_max,961,1677851217570,1677851216609,4.314,41.56235512285582,0.418,0.0
p038-b1-t7,local_max,3115,1677851239859,1677851236744,2.838,21.21212121212121,1.643,24.650030432136337
p038-b1-t8,local_max,986,1677851263010,1677851262024,5.046,5.568767340467697,0.889,0.0
p038-b1-t9,local_max,1994,1677851289754,1677851287760,5.358,1.1571481896229936,1.443,19.126819126819125
p038-b2-t1,local_max,1493,1677851419946,1677851418453,0.606,0.0,0.917,0.0
p038-b2-t10,local_max,1073,1677851624409,1677851623336,0.233,45.92274678111588,0.823,0.0
p038-b2-t2,local_max,7679,1677851443009,1677851435330,0.517,0.0,4.996,13.490792634107287
p038-b2-t3,local_max,3873,1677851462434,1677851458561,0.941,0.0,2.513,15.718265021886191
p038-b2-t4,local_max,1245,1677851489522,1677851488277,5.845,4.790419161676646,0.961,0.0
p038-b2-t5,local_max,1413,1677851509418,1677851508005,1.502,14.247669773635153,0.828,16.908212560386474
p038-b2-t6,local_max,1706,1677851535634,1677851533928,3.465,0.0,1.217,19.80279375513558
p038-b2-t7,median_fallback,440,1677851554762,1677851554322,0.141,4.25531914893617,0.305,0.0
p038-b2-t8,local_max,762,1677851580193,1677851579431,1.909,0.0,0.349,0.0
p038-b2-t9,median_fallback,558,1677851603897,1677851603339,0.187,86.63101604278074,0.464,8.405172413793103
p038-b3-t1,local_max,733,1677851744891,1677851744158,3.031,6.631474760805014,0.583,36.87821612349914
p038-b3-t10,local_max,1936,1677851952226,1677851950290,1.417,0.0,1.666,0.0
p038-b3-t2,local_max,3008,1677851767945,1677851764937,2.527,0.0,2.152,5.622676579925651
p038-b3-t3,local_max,7049,1677851794521,1677851787472,2.962,0.0,3.044,8.5742444152431
p038-b3-t4,local_max,1850,1677851817442,1677851815592,4.385,18.586088939566704,1.104,0.0
p038-b3-t5,local_max,1275,1677851854730,1677851853455,4.034,26.945959345562716,1.056,23.579545454545453
p038-b3-t6,local_max,1565,1677851873481,1677851871916,2.276,0.0,0.976,8.913934426229508
p038-b3-t7,median_fallback,787,1677851892738,1677851891951,0.503,0.0,0.337,0.0
p038-b3-t8,median_fallback,423,1677851912874,1677851912451,1.574,0.0,0.316,0.0
p038-b3-t9,local_max,2415,1677851933010,1677851930595,1.065,0.0,1.803,0.0
p038-b4-t1,local_max,667,1677852172331,1677852171664,1.369,23.301680058436816,0.546,36.446886446886445
p038-b4-t10,local_max,546,1677852377069,1677852376523,3.322,0.0,0.421,0.0
p038-b4-t3,local_max,1841,1677852220138,1677852218297,6.842,11.224788073662673,1.448,3.0386740331491713
p038-b4-t4,median_fallback,429,1677852238386,1677852237957,1.423,22.839072382290933,0.362,0.0
p038-b4-t5,local_max,864,1677852263734,1677852262870,3.753,0.0,0.582,0.0
p038-b4-t6,local_max,3309,1677852282999,1677852279690,0.721,0.0,2.336,18.279109589041095
p038-b4-t7,median_fallback,824,1677852302806,1677852301982,0.441,0.0,0.535,0.0
p038-b4-t8,median_fallback,629,1677852321406,1677852320777,1.539,10.396361273554255,0.561,0.0
p038-b4-t9,local_max,1253,1677852355719,1677852354466,10.047,3.5333930526525332,1.162,0.0
p038-b5-t1,median_fallback,930,1677852499443,1677852498513,0.098,0.0,0.748,0.0
p038-b5-t10,median_fallback,594,1677852689477,1677852688883,0.326,34.04907975460123,0.388,0.0
p038-b5-t2,local_max,1230,1677852522668,1677852521438,3.24,5.339506172839506,0.585,0.0
p038-b5-t3,median_fallback,690,1677852540938,1677852540248,2.103,0.0,0.615,0.0
p038-b5-t4,local_max,3645,1677852564742,1677852561097,3.319,0.0,2.381,0.0
p038-b5-t6,local_max,1066,1677852600332,1677852599266,1.987,13.387015601409159,0.709,0.0
p038-b5-t7,local_max,2594,1677852622428,1677852619834,2.087,0.0,1.457,20.796156485929995
p038-b5-t8,median_fallback,738,1677852641604,1677852640866,1.43,30.83916083916084,0.638,0.0
p038-b5-t9,local_max,4711,1677852671451,1677852666740,3.953,0.0,3.391,0.0
p038-b6-t1,local_max,701,1677853014291,1677853013590,1.081,42.090656799259946,0.483,39.958592132505174
p038-b6-t10,local_max,817,1677853179747,1677853178930,0.697,69.44045911047345,0.628,8.121019108280255
p038-b6-t2,local_max,969,1677853032778,1677853031809,1.76,31.53409090909091,0.713,20.61711079943899
p038-b6-t3,local_max,881,1677853054139,1677853053258,1.302,0.0,0.474,0.0
p038-b6-t4,local_max,801,1677853072875,1677853072074,1.564,20.460358056265985,0.598,0.0
p038-b6-t5,local_max,1403,1677853089492,1677853088089,0.672,10.56547619047619,0.707,14.427157001414427
p038-b6-t6,median_fallback,494,1677853107251,1677853106757,1.292,0.0,0.338,0.0
p038-b6-t7,median_fallback,580,1677853124515,1677853123935,1.53,30.718954248366014,0.398,0.0
p038-b6-t8,local_max,1475,1677853142787,1677853141312,0.541,32.71719038817005,1.245,37.429718875502004
p038-b6-t9,median_fallback,2051,1677853162524,1677853160473,1.336,10.479041916167665,1.514,0.0
p039-b1-t10,local_max,9655,1677862432647,1677862422992,14.27,24.491941135248773,6.07,40.18121911037891
p039-b1-t2,local_max,814,1677861930257,1677861929443,9.273,14.64466731370646,0.281,0.0
p039-b1-t3,local_max,4634,1677862005202,1677862000568,7.747,9.758616238543953,3.085,0.0
p039-b1-t4,local_max,969,1677862070751,1677862069782,15.564,20.87509637625289,0.713,23.56241234221599
p039-b1-t5,local_max,3674,1677862116689,1677862113015,8.743,0.0,2.85,0.0
p039-b1-t6,local_max,1494,1677862178120,1677862176626,22.595,17.317990705908386,1.009,0.0
p039-b1-t7,local_max,12977,1677862233263,1677862220286,13.477,0.0,4.149,0.0
p039-b1-t8,local_max,1555,1677862298912,1677862297357,12.491,3.6586342166359778,0.901,0.0
p039-b2-t1,local_max,6994,1677862628207,1677862621213,2.797,0.0,3.495,29.0414878397711
p039-b2-t2,local_max,9097,1677862682870,1677862673773,8.939,7.03658127307305,3.141,39.00031836994588
p039-b2-t3,median_fallback,571,1677862741904,1677862741333,3.633,94.49490778970548,0.37,0.0
p039-b2-t4,median_fallback,5290,1677862812918,1677862807628,1.775,91.49295774647888,3.744,0.0
p039-b2-t7,local_max,2031,1677862997846,1677862995815,9.424,2.4724108658743633,1.606,0.0
p039-b2-t8,local_max,9515,1677863067359,1677863057844,0.176,0.0,2.763,0.0
p039-b2-t9,local_max,35755,1677863140318,1677863104563,9.501,0.0,7.843,10.850439882697946
p039-b3-t1,local_max,14026,1677863638788,1677863624762,9.741,12.360127296992095,6.106,14.73960039305601
p039-b3-t2,local_max,1996,1677863710870,1677863708874,12.594,14.054311576941402,1.472,0.0
p039-b3-t3,local_max,24344,1677863768882,1677863744538,5.408,0.0,2.407,3.780639800581637
p039-b3-t4,local_max,1190,1677863822186,1677863820996,17.947,25.597592912464478,0.733,26.60300136425648
p039-b3-t5,local_max,3850,1677863883099,1677863879249,14.162,0.0,2.705,0.0
p039-b3-t7,local_max,6305,1677864023170,1677864016865,11.994,44.55561113890278,3.663,5.787605787605788
p039-b3-t8,median_fallback,11538,1677864077090,1677864065552,10.051,12.645507909660731,5.995,0.0
p039-b3-t9,local_max,2822,1677864137049,1677864134227,18.391,1.212549616660323,2.238,8.266309204647007
p039-b4-t1,local_max,6281,1677864348129,1677864341848,10.767,0.0,3.027,4.625041295011562
p039-b4-t10,local_max,4242,1677864815833,1677864811591,4.021,0.0,2.007,0.0
p039-b4-t4,local_max,8501,1677864505152,1677864496651,10.096,8.092313787638668,5.904,2.828590785907859
p039-b4-t5,local_max,1768,1677864561497,1677864559729,9.922,0.20157226365652087,1.433,0.0
p039-b5-t10,median_fallback,4510,1677865514301,1677865509791,7.449,5.087931265941737,3.163,0.0
p039-b5-t3,local_max,6147,1677865094816,1677865088669,10.185,33.37260677466863,2.139,14.726507713884994
p039-b5-t4,local_max,12714,1677865167576,1677865154862,13.908,0.0,6.084,17.340565417488495
p039-b5-t5,median_fallback,1719,1677865222808,1677865221089,0.29,100.0,1.287,7.77000777000777
p039-b5-t7,local_max,7928,1677865343854,1677865335926,4.418,26.82209144409235,5.394,7.6195773081201335
p039-b5-t8,local_max,9320,1677865404384,1677865395064,2.175,9.425287356321839,3.089,0.0
p039-b5-t9,median_fallback,702,1677865453879,1677865453177,1.671,13.824057450628366,0.614,5.374592833876221
p039-b6-t10,local_max,2822,1677866247001,1677866244179,4.98,9.538152610441767,1.69,1.5976331360946745
p039-b6-t3,median_fallback,15042,1677865815543,1677865800501,7.072,6.391402714932127,1.542,0.0
p039-b6-t4,local_max,8900,1677865872864,1677865863964,7.423,15.236427320490368,3.796,0.0
p039-b6-t5,local_max,1288,1677865930380,1677865929092,7.227,34.025183340251836,0.739,8.525033829499323
p039-b6-t7,local_max,5269,1677866051867,1677866046598,10.407,15.729797251849716,3.716,0.0
p039-b6-t8,local_max,7409,1677866111370,1677866103961,7.432,0.0,1.984,8.11491935483871
p039-b6-t9,local_max,3626,1677866177017,1677866173391,12.292,4.36869508623495,2.51,0.0
p040-b1-t1,local_max,5746,1678037594873,1678037589127,9.961,1.1745808653749623,2.227,14.50381679389313
p040-b1-t10,local_max,3633,1678037979672,1678037976039,11.631,1.4874043504427823,2.696,0.0
p040-b1-t2,local_max,1190,1678037647329,1678037646139,13.313,9.11890633215654,0.861,34.84320557491289
p040-b1-t3,local_max,12119,1678037676385,1678037664266,1.503,0.0,3.194,0.0
p040-b1-t4,local_max,4234,1678037706481,1678037702247,5.246,20.263057567670607,3.176,0.0
p040-b1-t5,local_max,4177,1678037745144,1678037740967,6.886,16.308451931455128,2.272,0.0
p040-b1-t6,local_max,1142,1678037792264,1678037791122,14.321,2.471894420780672,0.488,0.0
p040-b1-t7,local_max,1002,1678037844577,1678037843575,14.257,0.0,0.827,36.396614268440146
p040-b1-t8,local_max,11186,1678037877200,1678037866014,3.991,0.0,5.743,8.149051018631377
p040-b1-t9,local_max,5573,1678037927811,1678037922238,15.239,6.063389986219568,3.022,3.3090668431502315
p040-b2-t1,local_max,5578,1678038132265,1678038126687,3.532,0.0,2.839,16.836914406481156
p040-b2-t10,local_max,18242,1678038519345,1678038501103,9.65,3.088082901554404,7.029,0.0
p040-b2-t2,local_max,863,1678038179705,1678038178842,11.954,1.7734649489710557,0.389,0.0
p040-b2-t3,local_max,7393,1678038209553,1678038202160,4.745,0.0,3.029,12.611422911852097
p040-b2-t4,local_max,3482,1678038262417,1678038258935,16.431,4.990566611892155,1.8,0.0
p040-b2-t5,local_max,6275,1678038294313,1678038288038,6.063,0.0,3.355,37.58569299552906
p040-b2-t6,local_max,8546,1678038330841,1678038322295,6.844,8.722969023962595,3.162,33.175205566097404
p040-b2-t7,local_max,1242,1678038382065,1678038380823,15.249,4.551118106105318,1.012,12.944664031620553
p040-b2-t8,local_max,3674,1678038431081,1678038427407,8.55,0.0,1.646,5.285540704738761
p040-b2-t9,local_max,1864,1678038471320,1678038469456,11.835,13.443177017321505,1.356,0.0
p040-b3-t1,local_max,6184,1678038641881,1678038635697,1.124,0.0,2.712,0.0
p040-b3-t10,local_max,1905,1678039045007,1678039043102,4.965,6.324269889224572,1.245,0.0
p040-b3-t2,local_max,1683,1678038688201,1678038686518,13.734,47.78651521770788,1.179,0.0
p040-b3-t3,local_max,7049,1678038734335,1678038727286,5.869,0.0,3.951,2.5563148569982284
p040-b3-t4,local_max,5492,1678038774289,1678038768797,3.673,3.8660495507759323,2.173,7.547169811320755
p040-b3-t5,local_max,697,1678038825270,1678038824573,6.574,32.65895953757225,0.457,0.0
p040-b3-t6,local_max,3043,1678038865629,1678038862586,9.98,8.256513026052104,1.961,0.0
p040-b3-t7,local_max,2291,1678038917345,1678038915054,11.205,19.27710843373494,1.61,0.0
p040-b3-t8,median_fallback,11881,1678038949705,1678038937824,2.054,0.0,7.13,5.427769985974755
p040-b3-t9,local_max,6562,1678038990799,1678038984237,6.328,3.6030341340075855,2.438,14.068908941755538
p040-b4-t1,local_max,4977,1678039207240,1678039202263,1.12,0.0,3.253,25.883799569628035
p040-b4-t10,local_max,16970,1678039552512,1678039535542,2.8,31.5,3.426,3.3566841798015177
p040-b4-t2,median_fallback,5026,1678039244743,1678039239717,6.52,7.162576687116564,2.554,7.204385277995302
p040-b4-t3,local_max,2172,1678039289369,1678039287197,9.137,5.614534311043012,1.418,0.0
p040-b4-t4,local_max,4946,1678039331000,1678039326054,3.231,8.48034664190653,3.062,21.881123448726324
p040-b4-t5,local_max,11823,1678039360103,1678039348280,1.018,0.0,3.0,0.0
p040-b4-t6,local_max,1608,1678039402717,1678039401109,6.219,15.918958031837915,1.046,0.0
p040-b4-t7,local_max,1907,1678039435984,1678039434077,3.308,0.0,1.168,11.301369863013699
p040-b4-t8,median_fallback,1037,1678039460431,1678039459394,2.861,0.0,0.813,44.40344403444035
p040-b4-t9,local_max,18634,1678039500607,1678039481973,2.849,0.0,4.612,0.0
p040-b5-t1,local_max,5873,1678039695375,1678039689502,2.147,6.893339543549138,2.687,0.0
p040-b5-t10,local_max,4705,1678040024225,1678040019520,5.606,18.819122368890476,3.461,10.83501878069922
p040-b5-t2,local_max,15130,1678039726847,1678039711717,0.69,0.0,5.377,0.9670820159940487
p040-b5-t3,local_max,1627,1678039777238,1678039775611,12.063,3.0755201856917846,1.211,16.01981833195706
p040-b5-t4,local_max,13000,1678039811474,1678039798474,4.915,0.0,5.157,23.308124878805508
p040-b5-t5,local_max,3842,1678039844146,1678039840304,7.314,1.8321028165162703,2.145,5.687645687645688
p040-b5-t6,local_max,9655,1678039887216,1678039877561,6.292,10.060394151303242,3.863,0.0
p040-b5-t7,local_max,22817,1678039937788,1678039914971,6.615,8.813303099017384,5.304,2.526395173453997
p040-b5-t8,local_max,5792,1678039960715,1678039954923,1.343,0.0,3.589,4.290888826971301
p040-b5-t9,local_max,7421,1678039990457,1678039983036,2.587,0.0,4.746,6.384323640960809
p040-b6-t1,local_max,2385,1678040196512,1678040194127,5.543,2.7782789103373626,1.129,15.500442869796279
p040-b6-t10,local_max,6585,1678040557376,1678040550791,6.263,19.78285166852946,2.969,3.8396766588076794
p040-b6-t2,local_max,9466,1678040236704,1678040227238,8.382,0.0,4.245,11.684334511189634
p040-b6-t3,local_max,5170,1678040284489,1678040279319,11.148,0.0,2.545,46.719056974459725
p040-b6-t4,local_max,3953,1678040325792,1678040321839,9.079,14.208613283401256,2.892,0.0
p040-b6-t5,local_max,4825,1678040375079,1678040370254,7.639,18.56263908888598,2.297,45.5811928602525
p040-b6-t6,local_max,29122,1678040420680,1678040391558,1.001,0.0,5.391,0.0
p040-b6-t7,local_max,9900,1678040449938,1678040440038,2.797,0.0,2.098,8.913250714966635
p040-b6-t8,local_max,3480,1678040492376,1678040488896,12.566,7.026897978672609,2.649,3.8505096262740657
p040-b6-t9,local_max,10722,1678040517880,1678040507158,0.429,0.0,6.411,1.8717828731867103
p041-b1-t1,local_max,529,1678108717869,1678108717340,2.603,16.673069535151747,0.327,11.314984709480122
p041-b1-t10,median_fallback,1146,1678108999620,1678108998474,0.0,,0.0,
p041-b1-t5,local_max,2961,1678108837373,1678108834412,1.642,0.0,1.371,0.0
p041-b1-t6,local_max,5326,1678108867580,1678108862254,0.808,0.0,1.29,0.0
p041-b1-t8,median_fallback,1822,1678108938557,1678108936735,0.043,0.0,0.616,0.0
p041-b2-t1,median_fallback,400,1678109129435,1678109129035,1.187,0.0,0.144,0.0
p041-b2-t10,local_max,1720,1678109436630,1678109434910,1.059,31.25590179414542,0.875,0.0
p041-b2-t2,median_fallback,2930,1678109160971,1678109158041,2.175,2.206896551724138,1.302,0.0
p041-b2-t4,median_fallback,3201,1678109218489,1678109215288,0.526,0.0,0.845,18.93491124260355
p041-b2-t5,local_max,1547,1678109257553,1678109256006,0.475,19.157894736842106,0.833,0.0
p041-b2-t6,local_max,21921,1678109295120,1678109273199,0.836,0.0,1.62,0.0
p041-b2-t7,median_fallback,662,1678109347921,1678109347259,0.637,0.0,0.466,0.0
p041-b2-t8,median_fallback,4971,1678109374704,1678109369733,0.361,0.0,1.06,0.0
p041-b2-t9,local_max,808,1678109411605,1678109410797,1.524,0.0,0.331,0.0
p041-b3-t1,local_max,1041,1678109561780,1678109560739,0.93,0.0,0.507,0.0
p041-b3-t10,local_max,11786,1678109851288,1678109839502,0.0,,0.924,0.0
p041-b3-t2,local_max,776,1678109598447,1678109597671,0.668,57.93413173652694,0.368,37.5
p041-b3-t3,local_max,4766,1678109619180,1678109614414,0.535,0.0,1.835,1.4168937329700273
p041-b3-t4,local_max,544,1678109651331,1678109650787,0.0,,0.0,
p041-b3-t5,median_fallback,3299,1678109688459,1678109685160,0.599,0.0,1.149,0.0
p041-b3-t6,median_fallback,1601,1678109712100,1678109710499,0.0,,0.06,0.0
p041-b3-t7,local_max,10579,1678109754235,1678109743656,5.218,18.033729398236872,2.5,4.24
p041-b3-t8,local_max,6805,1678109780363,1678109773558,1.25,4.32,1.628,30.71253071253071
p041-b4-t1,median_fallback,659,1678109973263,1678109972604,0.166,0.0,0.27,0.0
p041-b4-t10,median_fallback,401,1678110254708,1678110254307,0.0,,0.0,
p041-b4-t2,local_max,14695,1678110007743,1678109993048,0.65,0.0,1.318,0.0
p041-b4-t3,local_max,15281,1678110041614,1678110026333,0.14,0.0,0.073,75.34246575342466
p041-b4-t4,median_fallback,450,1678110064840,1678110064390,0.0,,0.046,0.0
p041-b4-t5,median_fallback,518,1678110089015,1678110088497,0.0,,0.0,
p041-b4-t6,median_fallback,7108,1678110123878,1678110116770,0.575,0.0,0.0,
p041-b4-t8,local_max,1338,1678110194508,1678110193170,0.0,,0.0,
p041-b5-t1,median_fallback,1046,1678110407434,1678110406388,0.721,20.110957004160888,0.575,0.0
p041-b5-t10,median_fallback,452,1678110695653,1678110695201,1.46,0.0,0.297,0.0
p041-b5-t4,local_max,9622,1678110503064,1678110493442,1.856,18.211206896551722,0.855,8.421052631578947
p041-b5-t5,local_max,8431,1678110540559,1678110532128,2.739,12.924424972617743,1.74,9.597701149425287
p041-b5-t6,local_max,4467,1678110572863,1678110568396,1.423,0.0,1.165,0.0
p041-b5-t7,median_fallback,721,1678110601888,1678110601167,1.983,11.699445284921836,0.102,0.0
p041-b5-t9,local_max,4626,1678110674653,1678110670027,0.0,,1.77,21.581920903954803
p041-b6-t1,local_max,824,1678110951571,1678110950747,1.088,12.959558823529411,0.147,0.0
p041-b6-t10,local_max,15657,1678111249641,1678111233984,1.64,4.024390243902439,2.27,22.334801762114537
p041-b6-t2,local_max,486,1678110985220,1678110984734,2.03,17.733990147783253,0.134,0.0
p041-b6-t3,local_max,23581,1678111023860,1678111000279,0.099,0.0,0.991,0.0
p041-b6-t4,local_max,4082,1678111061140,1678111057058,0.0,,1.068,0.0
p041-b6-t5,median_fallback,537,1678111080715,1678111080178,0.0,,0.338,0.0
p041-b6-t6,median_fallback,1400,1678111108641,1678111107241,0.392,0.0,0.884,10.520361990950226
p041-b6-t7,median_fallback,2059,1678111133409,1678111131350,0.0,,0.0,
p041-b6-t8,local_max,12194,1678111177697,1678111165503,0.621,0.0,1.16,0.0
p041-b6-t9,median_fallback,898,1678111200857,1678111199959,1.357,14.296241709653648,0.281,0.0
p042-b1-t1,local_max,8849,1678117557120,1678117548271,5.711,13.973034494834529,3.718,4.975793437331899
p042-b1-t10,local_max,4116,1678117948701,1678117944585,12.725,3.669941060903733,2.803,32.28683553335712
p042-b1-t2,local_max,3349,1678117589372,1678117586023,5.104,30.25078369905956,2.467,0.0
p042-b1-t3,local_max,2020,1678117650806,1678117648786,8.466,8.587290337821877,1.461,0.0
p042-b1-t4,local_max,1339,1678117697462,1678117696123,7.748,7.395456892101188,0.609,0.0
p042-b1-t5,local_max,7314,1678117745725,1678117738411,11.723,14.654951804145696,2.985,0.0
p042-b1-t6,local_max,16258,1678117783204,1678117766946,2.852,0.0,4.237,12.131224923294784
p042-b1-t7,local_max,4459,1678117826701,1678117822242,4.872,49.03530377668309,3.256,4.023341523341523
p042-b1-t8,local_max,3707,1678117851069,1678117847362,3.862,25.841532884515797,2.678,27.25914861837192
p042-b1-t9,local_max,2629,1678117903828,1678117901199,13.249,10.559287493395727,1.838,0.0
p042-b2-t1,local_max,28676,1678118120243,1678118091567,1.354,19.202363367799112,10.801,12.258124247754838
p042-b2-t10,local_max,6981,1678118536499,1678118529518,8.828,10.058903488898958,2.498,14.731785428342674
p042-b2-t2,local_max,12964,1678118176125,1678118163161,7.079,3.7293403023025853,6.442,3.5237503880782364
p042-b2-t3,local_max,3281,1678118222099,1678118218818,13.492,6.38897124221761,1.918,2.2940563086548487
p042-b2-t4,local_max,618,1678118270858,1678118270240,13.422,6.750111756817166,0.515,45.04854368932039
p042-b2-t5,local_max,9296,1678118302162,1678118292866,3.287,34.40827502281716,2.476,37.15670436187399
p042-b2-t6,local_max,1684,1678118358779,1678118357095,19.061,3.960967420387178,1.165,0.0
p042-b2-t7,local_max,2971,1678118399218,1678118396247,6.54,17.90519877675841,1.949,12.006157003591586
p042-b2-t8,local_max,1258,1678118444323,1678118443065,2.676,41.74140508221226,0.962,0.0
p042-b2-t9,local_max,9511,1678118492779,1678118483268,9.617,14.931891442237704,2.383,0.0
p042-b3-t1,local_max,1146,1678118669354,1678118668208,11.902,3.93211225004201,0.792,0.0
p042-b3-t10,local_max,3417,1678119013344,1678119009927,1.335,61.647940074906366,2.533,2.1318594551914725
p042-b3-t2,local_max,3022,1678118718913,1678118715891,16.672,4.312619961612284,2.168,8.948339483394834
p042-b3-t3,local_max,1989,1678118755853,1678118753864,2.429,22.890078221490324,1.305,0.0
p042-b3-t4,local_max,5954,1678118797866,1678118791912,5.408,6.046597633136095,2.671,3.219767877199551
p042-b3-t5,local_max,2680,1678118832297,1678118829617,1.235,0.0,1.839,6.4709081022294725
p042-b3-t6,local_max,3133,1678118875786,1678118872653,4.473,3.3310976972948803,2.357,0.0
p042-b3-t7,local_max,1007,1678118908946,1678118907939,4.714,48.981756470089096,0.609,61.904761904761905
p042-b3-t8,local_max,9066,1678118948441,1678118939375,1.253,0.0,4.653,47.10939179024285
p042-b3-t9,local_max,3202,1678118974065,1678118970863,3.02,0.0,2.524,0.0
p042-b4-t1,local_max,3082,1678119155496,1678119152414,4.31,0.0,2.531,9.877518767285657
p042-b4-t10,median_fallback,521,1678119487055,1678119486534,5.448,14.959618208516886,0.361,0.0
p042-b4-t2,local_max,2363,1678119214705,1678119212342,17.043,13.025875726104559,1.549,7.165913492575855
p042-b4-t3,local_max,6122,1678119251409,1678119245287,4.451,14.625926758031904,1.939,4.796286745745229
p042-b4-t4,local_max,750,1678119278931,1678119278181,3.415,21.112737920937043,0.525,44.95238095238095
p042-b4-t5,local_max,1010,1678119331856,1678119330846,16.011,0.0,0.641,6.240249609984399
p042-b4-t6,local_max,7792,1678119364712,1678119356920,3.304,42.493946731234864,1.483,0.0
p042-b4-t7,local_max,881,1678119398703,1678119397822,7.093,0.0,0.543,0.0
p042-b4-t8,local_max,4810,1678119430320,1678119425510,4.295,0.0,3.315,4.917043740573153
p042-b4-t9,local_max,2459,1678119462927,1678119460468,9.329,0.0,1.769,0.0
p042-b5-t1,local_max,3139,1678120034081,1678120030942,4.597,3.9373504459430064,2.504,30.1517571884984
p042-b5-t10,local_max,1288,1678120320140,1678120318852,2.374,0.0,0.98,0.0
p042-b5-t2,local_max,1284,1678120061031,1678120059747,8.329,29.163164845719773,0.947,0.0
p042-b5-t3,local_max,5481,1678120105918,1678120100437,10.526,10.40281208436253,1.853,19.26605504587156
p042-b5-t4,local_max,18618,1678120141742,1678120123124,0.922,0.0,8.656,7.8211645101663585
p042-b5-t5,local_max,1070,1678120170813,1678120169743,6.456,1.61090458488228,0.782,0.0
p042-b5-t6,local_max,1872,1678120202054,1678120200182,7.618,3.5179837227618798,1.366,0.0
p042-b5-t7,local_max,21577,1678120239438,1678120217861,0.596,0.0,8.007,38.40389659048333
p042-b5-t8,local_max,9503,1678120266351,1678120256848,1.831,39.377389404696885,4.754,45.119899032393775
p042-b5-t9,local_max,834,1678120293366,1678120292532,5.448,17.7863436123348,0.652,73.00613496932516
p042-b6-t1,local_max,3963,1678120453622,1678120449659,7.217,1.330192600803658,2.673,86.12046389824168
p042-b6-t10,local_max,7393,1678120707172,1678120699779,3.856,0.0,5.505,57.475022706630334
p042-b6-t2,median_fallback,369,1678120472677,1678120472308,0.216,53.7037037037037,0.033,0.0
p042-b6-t3,local_max,2570,1678120503085,1678120500515,1.45,60.758620689655174,2.14,8.925233644859814
p042-b6-t4,local_max,1246,1678120534301,1678120533055,8.128,44.51279527559055,0.828,14.130434782608695
p042-b6-t5,local_max,6057,1678120560477,1678120554420,3.428,52.04200700116686,2.819,0.0
p042-b6-t6,local_max,1488,1678120594436,1678120592948,7.753,25.69328002063717,0.903,26.356589147286822
p042-b6-t7,local_max,13220,1678120625030,1678120611810,2.057,0.0,3.971,5.565348778645178
p042-b6-t8,local_max,402,1678120647533,1678120647131,3.855,0.0,0.267,0.0
p042-b6-t9,local_max,2377,1678120675733,1678120673356,7.231,11.547503803070114,1.825,9.095890410958905
p043-b1-t1,local_max,46119,1678267086364,1678267040245,0.668,0.0,3.469,0.0
p043-b1-t3,local_max,1176,1678267185416,1678267184240,3.796,0.0,0.957,32.81086729362591
p043-b1-t4,median_fallback,817,1678267236867,1678267236050,1.931,0.0,0.369,0.0
p043-b1-t5,local_max,2915,1678267307728,1678267304813,3.366,2.346999405822935,1.716,20.046620046620045
p043-b1-t6,local_max,7521,1678267346386,1678267338865,3.047,0.0,2.489,0.0
p043-b1-t7,local_max,31774,1678267413917,1678267382143,1.144,0.0,4.092,0.0
p043-b1-t8,local_max,10343,1678267472251,1678267461908,4.388,0.0,2.126,0.0
p043-b1-t9,median_fallback,31930,1678267536574,1678267504644,3.123,0.0,1.938,0.0
p043-b2-t1,local_max,11461,1678267796630,1678267785169,16.51,2.7498485766202303,2.456,0.0
p043-b2-t10,local_max,1899,1678268297726,1678268295827,13.031,0.0,1.114,0.0
p043-b2-t2,local_max,6082,1678267842989,1678267836907,12.611,0.0,2.248,0.0
p043-b2-t3,local_max,3818,1678267907702,1678267903884,18.358,3.0613356574790282,1.978,0.0
p043-b2-t4,local_max,18849,1678267956717,1678267937868,11.163,4.676162321956463,3.682,23.13959804454101
p043-b2-t5,local_max,18291,1678268004854,1678267986563,2.493,0.0,1.791,0.0
p043-b2-t6,local_max,1780,1678268076929,1678268075149,8.923,3.3957189286114535,1.382,38.42257597684515
p043-b2-t7,local_max,6042,1678268119851,1678268113809,9.531,1.4898751442660791,2.774,0.0
p043-b2-t8,local_max,26014,1678268192554,1678268166540,7.552,0.0,3.996,0.0
p043-b2-t9,local_max,15057,1678268229610,1678268214553,3.157,0.0,1.908,10.849056603773585
p043-b3-t1,median_fallback,21113,1678268472806,1678268451693,2.022,26.805143422354107,1.972,47.00811359026369
p043-b3-t10,local_max,28265,1678268946164,1678268917899,5.78,0.0,5.338,3.7841888347695765
p043-b3-t2,local_max,1449,1678268522204,1678268520755,1.208,0.0,1.024,15.625
p043-b3-t3,local_max,3481,1678268570349,1678268566868,9.789,7.171314741035856,2.372,0.0
p043-b3-t4,median_fallback,628,1678268642389,1678268641761,0.387,16.020671834625322,0.553,0.0
p043-b3-t5,local_max,5770,1678268697990,1678268692220,8.641,5.230876056012035,3.477,26.48835202761001
p043-b3-t6,median_fallback,3308,1678268728741,1678268725433,1.597,88.54101440200375,2.18,0.0
p043-b3-t7,local_max,27999,1678268797067,1678268769068,0.589,0.0,3.689,3.469775006776904
p043-b3-t8,local_max,8802,1678268848636,1678268839834,2.414,5.219552609776305,2.32,0.0
p043-b3-t9,median_fallback,849,1678268891260,1678268890411,1.788,10.17897091722595,0.664,0.0
p043-b4-t10,local_max,545,1678269604824,1678269604279,2.826,9.978768577494693,0.396,0.0
p043-b4-t2,local_max,9827,1678269241133,1678269231306,0.44,0.0,3.702,39.7622906537007
p043-b4-t3,median_fallback,640,1678269285881,1678269285241,6.119,34.15590782807649,0.592,45.608108108108105
p043-b4-t4,local_max,4371,1678269345578,1678269341207,11.154,23.946566254258563,2.643,6.129398410896708
p043-b4-t5,median_fallback,12500,1678269399289,1678269386789,7.28,0.0,5.1,63.88235294117647
p043-b4-t6,local_max,3901,1678269442722,1678269438821,7.825,44.52396166134185,2.86,25.384615384615383
p043-b4-t7,local_max,1274,1678269496985,1678269495711,14.56,14.285714285714286,0.936,58.44017094017094
p043-b4-t8,local_max,6528,1678269528721,1678269522193,6.155,16.653127538586514,3.567,0.0
p043-b4-t9,local_max,9114,1678269564073,1678269554959,4.712,0.0,1.821,0.0
p043-b5-t1,median_fallback,27358,1678269792936,1678269765578,2.228,0.0,3.794,2.319451765946231
p043-b5-t10,median_fallback,4576,1678270211353,1678270206777,0.849,0.7067137809187279,2.172,0.0
p043-b5-t2,median_fallback,500,1678269841185,1678269840685,2.005,1.6458852867830425,0.334,9.880239520958083
p043-b5-t3,local_max,9449,1678269887041,1678269877592,6.669,8.756935072724547,5.535,9.44896115627823
p043-b5-t4,local_max,26682,1678269941224,1678269914542,0.824,0.0,4.793,12.622574587940747
p043-b5-t5,local_max,5404,1678269982343,1678269976939,3.844,42.24765868886576,1.484,0.0
p043-b5-t6,local_max,977,1678270019839,1678270018862,7.899,4.063805545005697,0.558,0.0
p043-b5-t8,local_max,16258,1678270140376,1678270124118,4.987,0.0,5.636,31.405251951738823
p043-b5-t9,local_max,1299,1678270179967,1678270178668,3.269,50.107066381156315,0.687,6.550218340611353
p043-b6-t1,local_max,30298,1678270466639,1678270436341,5.232,0.0,2.035,0.0
p043-b6-t10,local_max,9283,1678270827839,1678270818556,0.731,0.0,2.085,0.0
p043-b6-t2,local_max,970,1678270517135,1678270516165,4.198,0.0,0.869,0.0
p043-b6-t3,local_max,4395,1678270570135,1678270565740,2.184,0.0,2.793,17.04260651629073
p043-b6-t4,local_max,13778,1678270606703,1678270592925,1.18,0.0,2.666,0.0
p043-b6-t5,median_fallback,2657,1678270630358,1678270627701,0.382,0.0,1.933,0.0
p043-b6-t6,median_fallback,1844,1678270666415,1678270664571,0.276,0.0,1.382,0.0
p043-b6-t7,median_fallback,1057,1678270704782,1678270703725,0.33,39.39393939393939,0.367,14.168937329700272
p043-b6-t8,local_max,8361,1678270750190,1678270741829,3.541,13.414289748658572,1.557,0.0
p043-b6-t9,local_max,3713,1678270786463,1678270782750,0.193,0.0,1.882,0.0
p044-b1-t1,local_max,4674,1678286458923,1678286454249,5.009,4.3920942303853066,2.546,0.0
p044-b1-t10,local_max,5259,1678286851534,1678286846275,25.317,6.493660386301695,3.906,10.471070148489503
p044-b1-t2,local_max,6380,1678286502525,1678286496145,11.184,1.4574391988555078,3.359,7.561774337600476
p044-b1-t3,local_max,5250,1678286526187,1678286520937,2.714,3.4635224760501107,3.89,0.0
p044-b1-t4,local_max,3891,1678286559467,1678286555576,4.397,0.0,2.398,0.5838198498748958
p044-b1-t5,local_max,1411,1678286623131,1678286621720,27.186,1.7472228352828663,1.059,30.878186968838527
p044-b1-t6,local_max,5742,1678286671362,1678286665620,18.106,2.2865348503258587,3.996,0.0
p044-b1-t7,local_max,5187,1678286711346,1678286706159,11.276,16.379921958141185,3.366,0.0
p044-b1-t8,local_max,952,1678286746281,1678286745329,9.062,7.095563893180313,0.781,18.437900128040972
p044-b1-t9,local_max,2031,1678286782346,1678286780315,9.754,3.7728111543981955,1.52,5.526315789473684
p044-b2-t1,local_max,1326,1678286960730,1678286959404,1.254,0.0,0.816,0.0
p044-b2-t10,local_max,9738,1678287424501,1678287414763,5.917,0.0,4.294,0.0
p044-b2-t2,local_max,8850,1678287000553,1678286991703,5.749,0.0,4.533,0.0
p044-b2-t3,local_max,20770,1678287048306,1678287027536,5.263,0.0,5.809,3.8044413840592184
p044-b2-t4,local_max,7119,1678287098328,1678287091209,18.275,5.07797537619699,2.402,0.0
p044-b2-t5,local_max,9265,1678287150440,1678287141175,12.582,0.0,5.307,0.0
p044-b2-t6,local_max,1570,1678287201625,1678287200055,13.47,4.721603563474387,1.314,0.0
p044-b2-t7,local_max,8061,1678287271311,1678287263250,18.622,2.432606594350768,4.71,0.0
p044-b2-t8,local_max,8467,1678287324385,1678287315918,17.069,2.8941355674028943,2.544,3.930817610062893
p044-b2-t9,local_max,1197,1678287379375,1678287378178,17.149,4.262639220945828,0.873,0.0
p044-b3-t1,local_max,1770,1678287585276,1678287583506,17.064,0.8614627285513361,1.271,0.0
p044-b3-t10,local_max,3930,1678287940911,1678287936981,6.204,1.8375241779497098,2.423,0.0
p044-b3-t2,local_max,3756,1678287638059,1678287634303,15.336,0.8281168492436098,2.615,0.0
p044-b3-t3,local_max,3976,1678287670528,1678287666552,8.977,6.728305670045672,2.267,0.0
p044-b3-t4,local_max,2788,1678287721723,1678287718935,15.252,4.3797534749541045,2.171,13.72639336711193
p044-b3-t5,local_max,3819,1678287752898,1678287749079,8.537,0.0,2.234,0.0
p044-b3-t6,local_max,1274,1678287798505,1678287797231,19.708,8.331641972802922,0.983,0.0
p044-b3-t7,median_fallback,6898,1678287825120,1678287818222,2.728,0.0,4.705,0.0
p044-b3-t8,local_max,4801,1678287876937,1678287872136,17.852,9.617969975352901,3.095,44.55573505654281
p044-b3-t9,local_max,1090,1678287914374,1678287913284,9.919,0.41334811977013813,0.753,0.0
p044-b4-t1,local_max,2441,1678288057109,1678288054668,5.708,12.96426068675543,1.798,0.0
p044-b4-t10,local_max,3658,1678288444833,1678288441175,15.008,1.9189765458422174,2.354,0.0
p044-b4-t2,local_max,19679,1678288093196,1678288073517,0.821,0.0,4.313,5.332715047530721
p044-b4-t3,local_max,2402,1678288142213,1678288139811,17.76,8.868243243243244,1.762,0.0
p044-b4-t4,local_max,20875,1678288201214,1678288180339,15.275,0.0,5.345,0.0
p044-b4-t5,local_max,3314,1678288259796,1678288256482,17.297,11.065502688327456,2.37,0.0
p044-b4-t6,local_max,8479,1678288295419,1678288286940,2.387,0.0,5.227,7.7290989095083225
p044-b4-t7,local_max,2883,1678288332977,1678288330094,9.378,2.9963744934954146,2.209,16.659121774558624
p044-b4-t8,local_max,17226,1678288364378,1678288347152,0.502,0.0,7.624,5.508919202518363
p044-b4-t9,local_max,4107,1678288392051,1678288387944,5.622,26.23621487015297,2.706,0.0
p044-b5-t1,local_max,3857,1678288583265,1678288579408,12.738,5.683780813314492,2.937,0.0
p044-b5-t10,local_max,7650,1678288916744,1678288909094,8.26,0.0,3.628,0.0
p044-b5-t2,local_max,814,1678288633351,1678288632537,21.81,5.896377808344796,0.571,19.964973730297725
p044-b5-t3,local_max,6081,1678288658047,1678288651966,1.792,100.0,2.682,0.0
p044-b5-t4,local_max,2123,1678288690201,1678288688078,4.312,0.0,1.705,0.0
p044-b5-t5,local_max,1124,1678288722641,1678288721517,9.448,19.39034716342083,0.82,0.0
p044-b5-t6,local_max,2491,1678288775783,1678288773292,17.637,13.613426319668879,1.647,6.557377049180328
p044-b5-t7,local_max,1120,1678288808633,1678288807513,11.28,0.8776595744680851,0.987,0.0
p044-b5-t8,local_max,5570,1678288853503,1678288847933,10.222,6.329485423596165,3.964,0.0
p044-b6-t1,local_max,1972,1678289061944,1678289059972,11.063,0.0,1.538,31.469440832249674
p044-b6-t10,median_fallback,6469,1678289407660,1678289401191,1.061,12.535344015080113,3.362,0.0
p044-b6-t2,local_max,819,1678289102647,1678289101828,13.421,2.2949109604351388,0.51,36.07843137254902
p044-b6-t3,local_max,7748,1678289129704,1678289121956,3.589,0.0,4.955,19.576185671039354
p044-b6-t4,local_max,9357,1678289179645,1678289170288,10.248,15.495706479313037,6.383,6.673977753407488
p044-b6-t5,local_max,538,1678289199781,1678289199243,2.48,21.29032258064516,0.449,47.43875278396437
p044-b6-t6,local_max,2343,1678289241524,1678289239181,10.571,10.235550089868509,1.887,0.0
p044-b6-t7,local_max,1666,1678289292749,1678289291083,21.333,5.40008437631838,1.078,0.0
p044-b6-t8,local_max,12817,1678289342388,1678289329571,13.038,0.0,3.012,7.7357237715803455
p044-b6-t9,local_max,1596,1678289385676,1678289384080,14.061,0.09956617594765664,1.086,43.554327808471456
p045-b1-t1,local_max,8553,1678377876153,1678377867600,1.982,0.0,3.184,1.6017587939698492
p045-b1-t10,local_max,7545,1678378474099,1678378466554,18.268,12.710751040070068,5.89,4.97453310696095
p045-b1-t3,local_max,1881,1678378006361,1678378004480,7.886,3.7788485924423028,0.84,9.642857142857142
p045-b1-t4,local_max,2434,1678378055722,1678378053288,3.968,25.95766129032258,1.616,1.4851485148514851
p045-b1-t5,local_max,5683,1678378123131,1678378117448,12.271,17.137967565805557,3.489,2.3789051304098594
p045-b1-t6,local_max,10178,1678378178698,1678378168520,4.35,12.919540229885058,5.741,47.60494687336701
p045-b1-t7,local_max,15177,1678378243945,1678378228768,14.624,18.038840262582056,3.34,7.904191616766467
p045-b1-t8,local_max,3477,1678378326596,1678378323119,15.874,19.106715383646215,2.39,0.0
p045-b1-t9,local_max,7810,1678378384242,1678378376432,7.866,20.709382151029747,4.973,31.389503317916752
p045-b2-t1,local_max,1233,1678378637655,1678378636422,26.763,2.3539961887680754,0.99,0.0
p045-b2-t10,local_max,5026,1678379276203,1678379271177,7.12,13.441011235955056,1.979,7.124810510358767
p045-b2-t2,local_max,34097,1678378706414,1678378672317,4.541,3.9638846069147764,3.268,16.952264381884945
p045-b2-t3,local_max,10083,1678378775734,1678378765651,11.081,3.7451493547513763,5.673,2.044773488454081
p045-b2-t5,local_max,4949,1678378932110,1678378927161,12.218,21.190047470944506,3.767,0.0
p045-b2-t6,local_max,2528,1678379025139,1678379022611,21.02,30.70884871550904,1.878,0.0
p045-b2-t8,local_max,12049,1678379155571,1678379143522,7.363,0.0,5.6,19.5
p045-b2-t9,local_max,1551,1678379221130,1678379219579,14.321,3.7078416311710076,1.012,0.0
p045-b3-t1,local_max,3500,1678379467310,1678379463810,11.089,3.8867346018576967,2.604,0.0
p045-b3-t10,local_max,595,1678379932859,1678379932264,6.889,6.314414283640587,0.279,0.0
p045-b3-t2,local_max,2944,1678379528403,1678379525459,16.266,10.531169310217631,1.829,6.943685073810825
p045-b3-t3,local_max,17867,1678379572171,1678379554304,6.267,0.0,4.123,3.589619209313607
p045-b3-t4,local_max,1272,1678379617554,1678379616282,13.624,7.119788608338227,0.952,0.0
p045-b3-t5,local_max,11772,1678379670068,1678379658296,3.259,34.42773857011353,5.375,25.023255813953487
p045-b3-t6,local_max,2985,1678379729851,1678379726866,17.3,11.99421965317919,2.311,0.0
p045-b3-t7,local_max,9345,1678379784178,1678379774833,12.71,17.61605035405193,3.319,0.0
p045-b3-t9,local_max,7432,1678379895465,1678379888033,5.116,15.402658326817827,2.13,14.835680751173708
p045-b4-t1,local_max,2149,1678380076938,1678380074789,6.848,11.287967289719626,1.632,0.0
p045-b4-t10,local_max,1298,1678380498162,1678380496864,7.306,9.047358335614563,0.889,0.0
p045-b4-t2,local_max,8228,1678380126970,1678380118742,13.577,1.296309935921043,3.106,3.86349001931745
p045-b4-t3,local_max,4099,1678380154875,1678380150776,2.999,70.756918972991,0.852,1.6431924882629108
p045-b4-t4,local_max,9351,1678380203867,1678380194516,4.856,27.780065897858318,2.701,0.0
p045-b4-t5,local_max,4034,1678380258466,1678380254432,13.029,5.464732519763604,2.248,20.862989323843415
p045-b4-t6,local_max,13818,1678380290091,1678380276273,2.763,30.944625407166125,2.412,54.31177446102819
p045-b4-t7,local_max,1642,1678380352873,1678380351231,12.905,0.7593955831073227,0.9,11.555555555555555
p045-b4-t8,local_max,4111,1678380420018,1678380415907,10.335,8.059990324141268,3.028,4.656538969616909
p045-b4-t9,local_max,4611,1678380446651,1678380442040,4.814,16.223514748649773,2.686,4.206999255398362
p045-b5-t1,local_max,7655,1678380634675,1678380627020,0.16,0.0,2.385,9.517819706498951
p045-b5-t10,local_max,1570,1678381017385,1678381015815,7.246,9.70190449903395,1.435,20.139372822299652
p045-b5-t2,local_max,25858,1678380675930,1678380650072,0.635,0.0,2.887,8.209213716660894
p045-b5-t3,local_max,14890,1678380714618,1678380699728,4.034,0.0,2.788,17.96987087517934
p045-b5-t4,local_max,4907,1678380748778,1678380743871,5.857,0.0,2.729,22.352510076951265
p045-b5-t5,local_max,21820,1678380786426,1678380764606,0.517,26.11218568665377,4.694,23.988069876438004
p045-b5-t6,local_max,4034,1678380831329,1678380827295,2.324,26.549053356282272,2.032,10.728346456692913
p045-b5-t7,local_max,15625,1678380873240,1678380857615,3.842,8.667360749609578,2.146,9.226467847157503
p045-b5-t8,local_max,18121,1678380916912,1678380898791,3.45,57.18840579710145,3.435,7.685589519650655
p045-b5-t9,local_max,3729,1678380968112,1678380964383,17.283,7.348261297228491,2.397,8.802670004171882
p045-b6-t1,local_max,2914,1678381130016,1678381127102,4.773,17.64089671066415,1.488,5.779569892473118
p045-b6-t10,median_fallback,2680,1678381451335,1678381448655,1.919,0.0,1.937,4.336602994321115
p045-b6-t2,local_max,15274,1678381160447,1678381145173,0.736,0.0,6.133,20.952225664438284
p045-b6-t3,local_max,13019,1678381202033,1678381189014,7.782,5.58982266769468,3.651,11.91454396055875
p045-b6-t4,local_max,1785,1678381263488,1678381261703,17.651,1.1104186731629937,1.21,0.0
p045-b6-t5,local_max,956,1678381302528,1678381301572,6.301,24.456435486430724,0.851,25.264394829612222
p045-b6-t6,local_max,1098,1678381342792,1678381341694,8.262,24.340353425320746,0.842,0.0
p045-b6-t7,median_fallback,9596,1678381375063,1678381365467,2.361,3.8119440914866582,2.562,2.6151444184231067
p045-b6-t8,local_max,10865,1678381407391,1678381396526,4.028,10.600794438927508,3.54,0.0
p045-b6-t9,local_max,3362,1678381430408,1678381427046,3.496,23.083524027459955,2.313,10.851707738867272
p046-b1-t1,local_max,3807,1678441249301,1678441245494,22.694,4.300696219265004,2.087,0.0
p046-b1-t10,median_fallback,959,1678441637027,1678441636068,2.981,17.14189869171419,0.643,0.0
p046-b1-t3,local_max,1910,1678441376485,1678441374575,13.85,5.075812274368231,0.679,0.0
p046-b1-t4,local_max,5706,1678441424148,1678441418442,7.344,2.4645969498910674,1.023,6.549364613880743
p046-b1-t5,local_max,10368,1678441449738,1678441439370,0.626,0.0,6.216,20.334620334620336
p046-b1-t6,local_max,1542,1678441486314,1678441484772,4.544,1.6725352112676057,1.086,42.63351749539595
p046-b1-t7,local_max,2261,1678441542746,1678441540485,13.819,16.267457847890586,1.848,28.192640692640694
p046-b1-t8,local_max,3602,1678441575730,1678441572128,3.988,19.633901705115345,2.034,0.0
p046-b1-t9,local_max,1313,1678441609273,1678441607960,7.214,16.925422789021347,1.044,39.367816091954026
p046-b2-t1,local_max,8195,1678441847957,1678441839762,12.148,11.4998353638459,3.538,0.0
p046-b2-t10,local_max,9011,1678442215890,1678442206879,3.557,0.0,5.79,14.680483592400691
p046-b2-t2,local_max,3250,1678441901653,1678441898403,11.297,5.957333805435071,1.847,23.17271250676773
p046-b2-t3,local_max,4850,1678441930021,1678441925171,2.691,0.0,2.212,0.0
p046-b2-t4,local_max,1106,1678441975572,1678441974466,14.495,0.6416005519144533,0.569,0.0
p046-b2-t5,local_max,1388,1678442033550,1678442032162,21.211,2.6589976898778938,1.09,0.0
p046-b2-t6,local_max,4070,1678442061324,1678442057254,4.034,14.105106593951414,1.877,10.655301012253597
p046-b2-t7,local_max,4194,1678442099243,1678442095049,6.989,2.389469165832022,2.71,9.59409594095941
p046-b2-t8,local_max,8179,1678442136396,1678442128217,3.987,0.0,4.761,11.300147027935308
p046-b2-t9,local_max,8498,1678442182290,1678442173792,8.093,0.0,4.703,9.972358069317456
p046-b3-t1,local_max,3641,1678442347176,1678442343535,11.787,2.7063714261474505,1.208,33.526490066225165
p046-b3-t10,local_max,6425,1678442690797,1678442684372,3.493,10.105926137990267,3.011,0.0
p046-b3-t2,local_max,1538,1678442384824,1678442383286,10.311,1.639026282610804,1.055,0.0
p046-b3-t3,local_max,1852,1678442436857,1678442435005,16.042,0.0,1.321,6.661619984859954
p046-b3-t4,local_max,791,1678442481296,1678442480505,12.074,16.034454199105515,0.523,13.193116634799235
p046-b3-t5,local_max,7489,1678442514775,1678442507286,5.578,2.0437432771602726,3.946,11.327927014698428
p046-b3-t6,local_max,7215,1678442540854,1678442533639,0.0,,3.193,10.366426558095835
p046-b3-t7,local_max,3878,1678442583999,1678442580121,9.655,1.1807353702744692,3.025,5.75206611570248
p046-b3-t8,local_max,1186,1678442606831,1678442605645,3.493,15.68851989693673,0.558,0.0
p046-b3-t9,local_max,1986,1678442659614,1678442657628,18.392,21.835580687255327,1.669,23.72678250449371
p046-b4-t1,local_max,1642,1678442830477,1678442828835,0.399,0.0,1.272,12.657232704402515
p046-b4-t10,local_max,7992,1678443153601,1678443145609,3.393,0.0,4.782,3.9104976997072356
p046-b4-t2,local_max,3515,1678442853949,1678442850434,3.835,0.0,2.55,0.0
p046-b4-t3,local_max,8952,1678442879604,1678442870652,0.377,0.0,2.584,0.0
p046-b4-t4,local_max,3162,1678442905572,1678442902410,4.099,0.0,1.341,0.0
p046-b4-t5,local_max,2950,1678442953626,1678442950676,16.078,13.583779076999626,1.435,0.0
p046-b4-t6,local_max,4544,1678443012251,1678443007707,20.783,1.0970504739450513,2.912,2.7815934065934065
p046-b4-t7,local_max,1927,1678443060235,1678443058308,10.911,9.52250022912657,1.168,16.438356164383563
p046-b4-t8,local_max,10178,1678443098482,1678443088304,7.211,3.2450422964914716,6.714,0.0
p046-b5-t1,local_max,4381,1678443272633,1678443268252,3.233,0.0,2.664,39.489489489489486
p046-b5-t10,local_max,2658,1678443569967,1678443567309,1.85,0.0,1.884,34.02335456475584
p046-b5-t2,local_max,9986,1678443298449,1678443288463,0.083,0.0,3.781,0.6876487701666226
p046-b5-t3,local_max,5018,1678443323008,1678443317990,1.406,6.685633001422475,1.966,0.0
p046-b5-t4,local_max,2538,1678443380049,1678443377511,21.492,6.690861715987344,1.651,16.474863718958208
p046-b5-t5,local_max,584,1678443412368,1678443411784,7.08,12.909604519774012,0.301,33.55481727574751
p046-b5-t6,local_max,811,1678443468143,1678443467332,16.054,7.586894231967111,0.594,33.5016835016835
p046-b5-t7,local_max,1727,1678443500431,1678443498704,8.954,16.160375251284343,1.264,66.45569620253164
p046-b5-t8,local_max,1375,1678443524471,1678443523096,3.278,15.680292861500915,1.314,15.296803652968036
p046-b5-t9,local_max,922,1678443545784,1678443544862,2.575,15.495145631067961,0.788,60.65989847715736
p046-b6-t1,local_max,4517,1678443782742,1678443778225,0.834,42.44604316546763,1.684,0.0
p046-b6-t10,local_max,6368,1678444087675,1678444081307,2.219,0.0,3.67,0.0
p046-b6-t2,local_max,2589,1678443819901,1678443817312,10.702,0.0,1.078,0.0
p046-b6-t3,local_max,3684,1678443854767,1678443851083,8.571,0.0,2.391,0.0
p046-b6-t4,local_max,753,1678443885997,1678443885244,8.419,10.167478322841193,0.632,0.0
p046-b6-t5,local_max,1079,1678443906245,1678443905166,1.56,21.858974358974358,0.694,8.357348703170029
p046-b6-t6,local_max,3306,1678443937430,1678443934124,7.079,5.014832603475067,1.814,0.0
p046-b6-t7,local_max,336,1678443990756,1678443990420,20.931,6.301657828101859,0.261,25.28735632183908
p046-b6-t8,median_fallback,7978,1678444019044,1678444011066,3.291,0.0,3.883,0.0
p046-b6-t9,local_max,1180,1678444064506,1678444063326,16.154,4.8656679460195615,0.884,16.742081447963802
p047-b1-t1,local_max,2669,1678452130920,1678452128251,7.766,0.09013649240278135,1.738,0.0
p047-b1-t10,local_max,2736,1678452561168,1678452558432,12.053,6.214220526010122,2.044,1.2230919765166341
p047-b1-t2,local_max,2934,1678452158110,1678452155176,3.181,5.658597925180761,2.355,3.099787685774947
p047-b1-t3,local_max,1727,1678452207135,1678452205408,18.412,1.4990223767108408,1.126,0.0
p047-b1-t4,local_max,3064,1678452274983,1678452271919,32.839,1.6017540119979292,2.345,18.251599147121535
p047-b1-t5,local_max,1690,1678452311967,1678452310277,14.42,6.338418862690707,1.23,0.6504065040650406
p047-b1-t6,local_max,2123,1678452360694,1678452358571,21.88,2.381170018281536,1.719,10.70389761489238
p047-b1-t7,local_max,6633,1678452412268,1678452405635,18.245,10.665935872841874,5.218,4.4844768110387125
p047-b1-t8,local_max,4945,1678452492467,1678452487522,35.286,1.8335883919968259,3.168,17.992424242424242
p047-b1-t9,local_max,1370,1678452521826,1678452520456,7.474,4.134332352154134,1.123,0.0
p047-b2-t1,local_max,2074,1678452737134,1678452735060,12.726,1.548011944051548,1.561,17.168481742472775
p047-b2-t10,local_max,1682,1678453159678,1678453157996,13.868,3.951543120853764,1.147,0.0
p047-b2-t2,local_max,1914,1678452783933,1678452782019,22.028,6.845832576720538,1.382,0.0
p047-b2-t3,local_max,2170,1678452818036,1678452815866,11.361,11.433852653815686,1.325,68.60377358490567
p047-b2-t4,local_max,1402,1678452866092,1678452864690,19.947,3.584498922143681,1.171,25.70452604611443
p047-b2-t5,local_max,2146,1678452903450,1678452901304,13.764,6.560592850915431,1.831,18.022938285090113
p047-b2-t6,local_max,2630,1678452963202,1678452960572,30.049,9.907151652301241,1.918,11.366006256517206
p047-b2-t7,local_max,5285,1678453013457,1678453008172,19.924,2.8909857458341697,3.506,3.0233884768967485
p047-b2-t8,local_max,3017,1678453084503,1678453081486,29.687,3.9512244416748072,2.203,0.0
p047-b2-t9,local_max,4074,1678453123974,1678453119900,13.09,5.836516424751719,2.654,0.0
p047-b3-t1,local_max,2466,1678453418315,1678453415849,10.095,11.154036651807825,1.319,10.159211523881728
p047-b3-t10,local_max,1025,1678453800519,1678453799494,3.296,4.186893203883495,0.0,
p047-b3-t2,local_max,2164,1678453466242,1678453464078,19.705,1.9030702867292566,1.907,0.0
p047-b3-t3,local_max,1323,1678453505217,1678453503894,15.775,5.591125198098257,0.673,0.0
p047-b3-t4,local_max,1762,1678453551809,1678453550047,18.717,15.178714537586151,1.284,8.021806853582554
p047-b3-t5,local_max,5534,1678453591952,1678453586418,11.925,15.79874213836478,4.129,0.0
p047-b3-t6,local_max,4657,1678453622510,1678453617853,4.311,0.0,3.161,6.580196140461879
p047-b3-t8,local_max,4080,1678453731534,1678453727454,7.357,0.0,2.784,21.408045977011493
p047-b3-t9,local_max,672,1678453767309,1678453766637,5.913,16.793505834601724,0.468,0.0
p047-b4-t1,local_max,2843,1678454017178,1678454014335,19.151,13.931387394914104,1.978,30.788675429726997
p047-b4-t10,local_max,561,1678454478990,1678454478429,7.119,50.765556960247224,0.0,
p047-b4-t2,local_max,1147,1678454063866,1678454062719,15.843,8.546361168970524,0.686,0.0
p047-b4-t3,local_max,1081,1678454116305,1678454115224,5.005,29.37062937062937,0.643,0.0
p047-b4-t4,local_max,2489,1678454165945,1678454163456,6.995,24.37455325232309,1.908,2.0440251572327046
p047-b4-t5,local_max,2601,1678454222298,1678454219697,11.313,6.037302218686467,1.63,25.030674846625768
p047-b4-t6,local_max,3625,1678454293888,1678454290263,29.143,7.494080911368082,2.64,32.803030303030305
p047-b4-t7,local_max,3881,1678454336871,1678454332990,9.83,6.24618514750763,2.635,58.44402277039848
p047-b4-t8,local_max,7008,1678454385383,1678454378375,8.945,20.234768026830633,4.995,0.0
p047-b4-t9,local_max,1530,1678454439798,1678454438268,6.004,0.28314457028647566,1.343,48.39910647803425
p047-b5-t1,local_max,1351,1678454753180,1678454751829,2.171,30.354675264854905,1.109,22.36248872858431
p047-b5-t10,local_max,2107,1678455134289,1678455132182,16.529,13.31599007804465,1.526,19.65923984272608
p047-b5-t3,local_max,2928,1678454838611,1678454835683,14.182,4.449301932026512,2.087,0.0
p047-b5-t5,local_max,2698,1678454936675,1678454933977,4.347,9.684840119622729,2.036,17.68172888015717
p047-b5-t6,local_max,2087,1678454964642,1678454962555,3.097,38.488860187278014,1.571,10.693825588796944
p047-b5-t7,local_max,711,1678454992857,1678454992146,3.789,29.321720770651886,0.247,0.0
p047-b5-t8,local_max,1054,1678455048681,1678455047627,20.35,11.769041769041769,0.895,0.0
p047-b5-t9,local_max,3265,1678455081065,1678455077800,7.598,8.173203474598578,2.655,0.0
p047-b6-t1,local_max,5213,1678455500502,1678455495289,10.496,4.525533536585366,3.601,0.0
p047-b6-t10,local_max,1103,1678455943553,1678455942450,10.334,7.199535513837817,0.853,0.0
p047-b6-t2,local_max,2428,1678455563478,1678455561050,26.097,4.0272828294439975,1.711,15.897136177673875
p047-b6-t3,local_max,3371,1678455612221,1678455608850,12.556,3.408728894552405,2.605,0.0
p047-b6-t4,local_max,1003,1678455667407,1678455666404,20.4,6.916666666666667,0.338,0.0
p047-b6-t5,median_fallback,1606,1678455696309,1678455694703,0.633,100.0,0.591,2.707275803722504
p047-b6-t6,local_max,3523,1678455739950,1678455736427,11.585,7.1126456624946055,2.729,0.0
p047-b6-t7,local_max,3154,1678455798060,1678455794906,13.292,13.451700270839602,2.506,1.636073423782921
p047-b6-t8,local_max,1769,1678455838195,1678455836426,9.775,2.39386189258312,1.427,0.0
p048-b1-t1,local_max,7193,1678466276007,1678466268814,3.022,60.45665122435473,5.511,39.17619306840864
p048-b1-t10,local_max,13058,1678466717470,1678466704412,3.44,0.0,2.105,15.819477434679335
p048-b1-t2,local_max,2389,1678466321406,1678466319017,5.694,19.582016157358623,1.791,9.212730318257956
p048-b1-t3,local_max,4834,1678466368015,1678466363181,10.558,14.510323924985792,3.69,0.0
p048-b1-t4,local_max,5319,1678466419337,1678466414018,10.268,14.97857421114141,2.218,0.0
p048-b1-t5,local_max,23931,1678466466351,1678466442420,1.734,0.0,4.115,0.0
p048-b1-t6,local_max,1739,1678466517399,1678466515660,14.522,29.64467704172979,1.401,0.0
p048-b1-t7,local_max,3826,1678466563614,1678466559788,6.558,39.661482159194875,2.593,69.07057462398765
p048-b1-t8,local_max,4276,1678466612326,1678466608050,10.153,12.557864670540727,3.099,0.0
p048-b2-t1,local_max,3785,1678466873781,1678466869996,2.144,86.00746268656717,1.848,8.874458874458874
p048-b2-t10,local_max,3151,1678467247285,1678467244134,7.728,53.46790890269151,2.322,12.144702842377262
p048-b2-t2,local_max,5001,1678466918797,1678466913796,6.982,10.598682325981095,3.355,11.982116244411326
p048-b2-t3,local_max,3193,1678466972053,1678466968860,5.907,0.0,2.521,29.9880999603332
p048-b2-t5,local_max,3178,1678467054245,1678467051067,3.596,4.087875417130145,1.905,12.650918635170603
p048-b2-t6,local_max,17586,1678467090653,1678467073067,0.502,0.0,6.174,14.739229024943311
p048-b2-t7,local_max,9530,1678467128844,1678467119314,3.228,57.372986369268894,3.158,33.913869537682075
p048-b2-t9,local_max,1483,1678467211845,1678467210362,8.264,21.16408518877057,0.869,62.37054085155351
p048-b3-t1,local_max,11578,1678467387388,1678467375810,2.976,37.163978494623656,2.721,27.96765894891584
p048-b3-t10,local_max,11280,1678467727778,1678467716498,4.862,0.0,5.206,0.0
p048-b3-t2,local_max,1642,1678467424588,1678467422946,3.394,25.63347083087802,1.243,28.39903459372486
p048-b3-t3,local_max,6849,1678467463844,1678467456995,7.927,16.689794373659645,3.85,48.54545454545455
p048-b3-t4,local_max,4555,1678467515197,1678467510642,5.137,13.120498345337746,2.524,29.001584786053883
p048-b3-t5,median_fallback,2317,1678467555996,1678467553679,3.016,9.118037135278515,1.62,0.0
p048-b3-t6,local_max,17536,1678467589724,1678467572188,0.765,41.568627450980394,7.219,10.347693586369303
p048-b3-t7,local_max,1434,1678467620180,1678467618746,2.512,22.89012738853503,0.987,7.90273556231003
p048-b3-t8,local_max,17186,1678467654435,1678467637249,0.447,63.08724832214765,1.736,14.631336405529954
p048-b3-t9,local_max,3650,1678467687771,1678467684121,3.391,26.452373930993808,2.562,20.452771272443403
p048-b4-t1,local_max,3364,1678467892428,1678467889064,11.301,12.521015839306257,2.429,36.76410045286126
p048-b4-t10,local_max,4602,1678468189465,1678468184863,11.762,7.966332256418976,3.37,22.61127596439169
p048-b4-t2,local_max,12409,1678467920051,1678467907642,0.508,48.62204724409449,5.836,12.131596984235777
p048-b4-t3,median_fallback,864,1678467952458,1678467951594,1.462,0.0,0.493,0.0
p048-b4-t5,local_max,1563,1678468012227,1678468010664,4.583,39.38468252236526,1.259,0.0
p048-b4-t6,local_max,4130,1678468038826,1678468034696,1.774,36.13303269447576,1.901,5.628616517622304
p048-b4-t7,local_max,6017,1678468072665,1678468066648,2.39,9.246861924686192,2.237,0.0
p048-b4-t8,local_max,13201,1678468111041,1678468097840,1.506,1.1288180610889775,5.93,27.470489038785836
p048-b4-t9,local_max,4183,1678468150000,1678468145817,8.145,7.955801104972376,2.737,0.0
p048-b5-t1,local_max,2686,1678468367289,1678468364603,1.846,25.081256771397616,1.402,24.251069900142653
p048-b5-t10,local_max,6689,1678468681904,1678468675215,5.687,0.0,3.723,17.75449905989793
p048-b5-t2,local_max,3848,1678468394874,1678468391026,0.107,100.0,2.0,10.2
p048-b5-t3,local_max,3437,1678468430185,1678468426748,3.246,4.03573629081947,2.401,0.0
p048-b5-t4,local_max,2723,1678468459569,1678468456846,2.828,1.7326732673267327,2.182,3.5747021081576533
p048-b5-t5,local_max,3083,1678468490226,1678468487143,0.781,20.998719590268887,2.235,0.0
p048-b5-t6,local_max,7876,1678468528810,1678468520934,3.009,0.0,3.861,0.0
p048-b5-t7,local_max,11143,1678468556233,1678468545090,0.22,0.0,2.135,15.362997658079625
p048-b5-t8,local_max,2799,1678468601888,1678468599089,7.991,16.7563508947566,0.931,33.08270676691729
p048-b5-t9,local_max,10162,1678468647447,1678468637285,8.663,9.234676209165416,6.221,11.429030702459412
p048-b6-t1,local_max,1161,1678468818687,1678468817526,10.413,45.05906078939787,0.792,31.818181818181817
p048-b6-t10,local_max,3376,1678469147630,1678469144254,8.507,7.487951099094863,2.531,28.289213749506125
p048-b6-t2,median_fallback,417,1678468845608,1678468845191,0.059,0.0,0.29,0.0
p048-b6-t3,local_max,2643,1678468884665,1678468882022,11.36,3.8204225352112675,2.106,0.0
p048-b6-t4,local_max,8982,1678468936359,1678468927377,7.296,14.50109649122807,5.758,37.374088225078154
p048-b6-t5,local_max,5443,1678468970704,1678468965261,0.798,0.0,3.3,15.545454545454545
p048-b6-t6,local_max,7761,1678469004215,1678468996454,2.486,30.410297666934834,3.228,2.8810408921933086
p048-b6-t7,local_max,1778,1678469037879,1678469036101,7.277,14.291603682836334,1.367,0.0
p048-b6-t8,local_max,16962,1678469070919,1678469053957,0.022,0.0,2.597,0.0
p048-b6-t9,local_max,6666,1678469107352,1678469100686,4.407,0.0,4.87,29.055441478439427
p049-b1-t1,local_max,1074,1678714818411,1678714817337,6.399,62.32223784966401,0.551,0.0
p049-b1-t10,local_max,1234,1678715106275,1678715105041,12.405,3.0149133413945988,0.773,0.0
p049-b1-t2,local_max,3366,1678714852292,1678714848926,6.382,49.60827326856785,2.575,0.0
p049-b1-t3,local_max,3645,1678714875348,1678714871703,3.031,17.848894754206533,2.759,0.0
p049-b1-t4,local_max,1641,1678714904220,1678714902579,6.094,6.974072858549393,1.351,1.6284233900814211
p049-b1-t5,local_max,1432,1678714941478,1678714940046,10.416,0.0,1.289,0.0
p049-b1-t6,local_max,3896,1678714981201,1678714977305,12.589,1.382159027722615,2.798,10.04288777698356
p049-b1-t7,local_max,475,1678715014778,1678715014303,7.451,18.80284525567038,0.425,22.823529411764707
p049-b1-t8,local_max,3546,1678715048595,1678715045049,3.803,15.119642387588746,2.592,5.362654320987654
p049-b1-t9,local_max,2985,1678715070674,1678715067689,0.506,51.976284584980235,2.303,4.168475900998697
p049-b2-t1,local_max,807,1678715217194,1678715216387,3.046,4.990151017728168,0.539,30.426716141001855
p049-b2-t10,local_max,2354,1678715410506,1678715408152,2.724,11.30690161527166,1.97,5.0761421319796955
p049-b2-t2,local_max,3081,1678715240226,1678715237145,2.382,18.01007556675063,1.924,0.0
p049-b2-t3,median_fallback,3033,1678715265835,1678715262802,2.0,18.45,2.098,0.0
p049-b2-t4,local_max,897,1678715290241,1678715289344,5.412,28.917220990391723,0.615,0.0
p049-b2-t5,local_max,2461,1678715310250,1678715307789,1.042,19.865642994241842,1.486,0.0
p049-b2-t6,median_fallback,496,1678715330409,1678715329913,2.035,0.0,0.435,0.0
p049-b2-t7,local_max,546,1678715348514,1678715347968,2.288,25.305944055944057,0.404,0.0
p049-b2-t8,local_max,2098,1678715367114,1678715365016,0.831,3.2490974729241877,1.678,24.612634088200238
p049-b2-t9,median_fallback,7533,1678715389611,1678715382078,0.704,0.0,5.221,19.230032560812106
p049-b3-t1,local_max,668,1678715557121,1678715556453,5.211,13.068508923431203,0.518,0.0
p049-b3-t10,local_max,10516,1678715761585,1678715751069,0.128,0.0,3.948,3.723404255319149
p049-b3-t2,median_fallback,5832,1678715578545,1678715572713,1.033,0.0,2.824,0.0
p049-b3-t3,local_max,876,1678715597282,1678715596406,2.254,28.39396628216504,0.748,31.550802139037433
p049-b3-t4,local_max,1133,1678715616033,1678715614900,2.338,10.008554319931566,0.898,0.0
p049-b3-t5,local_max,4142,1678715636969,1678715632827,2.203,0.0,3.038,0.0
p049-b3-t6,local_max,1841,1678715656979,1678715655138,1.078,0.0,1.183,16.39898562975486
p049-b3-t7,local_max,609,1678715678121,1678715677512,3.989,10.60416144397092,0.521,21.497120921305182
p049-b3-t8,local_max,4370,1678715715561,1678715711191,6.084,4.388560157790927,2.21,6.877828054298643
p049-b3-t9,local_max,2242,1678715737234,1678715734992,3.605,21.636615811373094,1.564,1.6624040920716112
p049-b4-t1,local_max,848,1678715928058,1678715927210,1.149,12.967798085291557,0.721,4.854368932038835
p049-b4-t10,local_max,1124,1678716119336,1678716118212,6.222,10.334297653487624,0.908,0.0
p049-b4-t2,local_max,844,1678715947114,1678715946270,0.702,0.0,0.462,0.0
p049-b4-t4,local_max,3190,1678715987481,1678715984291,1.713,0.0,2.155,4.037122969837587
p049-b4-t5,local_max,1099,1678716008202,1678716007103,4.288,8.675373134328359,0.307,0.0
p049-b4-t6,local_max,1004,1678716024865,1678716023861,0.02,0.0,0.467,0.0
p049-b4-t7,local_max,8152,1678716048752,1678716040600,1.24,0.0,2.193,1.550387596899225
p049-b4-t8,local_max,1218,1678716064994,1678716063776,0.759,0.0,1.038,0.0
p049-b4-t9,local_max,1193,1678716090864,1678716089671,5.46,2.2344322344322345,0.757,0.0
p049-b5-t1,local_max,1608,1678716240312,1678716238704,6.633,3.015226895823911,1.526,16.382699868938403
p049-b5-t10,local_max,1754,1678716530224,1678716528470,8.331,8.906493818269116,1.123,0.0
p049-b5-t2,local_max,624,1678716272001,1678716271377,7.501,8.0655912544994,0.231,0.0
p049-b5-t3,local_max,1054,1678716299954,1678716298900,5.786,38.230210853784996,0.733,0.0
p049-b5-t4,local_max,3937,1678716336648,1678716332711,4.512,36.148049645390074,2.541,5.785123966942149
p049-b5-t5,local_max,706,1678716365649,1678716364943,7.354,15.923307043785695,0.706,23.937677053824363
p049-b5-t6,local_max,4313,1678716387848,1678716383535,2.595,0.0,2.906,0.0
p049-b5-t7,median_fallback,5234,1678716419200,1678716413966,4.513,3.301573232882783,3.423,28.074788197487585
p049-b5-t8,local_max,21595,1678716462786,1678716441191,3.065,0.0,6.991,16.52124159633815
p049-b5-t9,local_max,754,1678716496105,1678716495351,10.713,3.0897040978250723,0.648,0.0
p049-b6-t1,local_max,585,1678716654215,1678716653630,2.672,28.44311377245509,0.395,3.7974683544303796
p049-b6-t10,local_max,1593,1678716915169,1678716913576,6.494,6.775485063135202,1.103,3.2638259292837715
p049-b6-t2,local_max,1305,1678716689592,1678716688287,10.616,0.0,0.929,19.3756727664155
p049-b6-t3,local_max,2755,1678716711297,1678716708542,2.422,15.194054500412882,1.782,21.661054994388326
p049-b6-t4,local_max,10166,1678716743103,1678716732937,3.352,0.0,5.335,18.837863167760077
p049-b6-t5,local_max,597,1678716774503,1678716773906,4.772,28.143336127409892,0.59,25.423728813559322
p049-b6-t6,local_max,2742,1678716798374,1678716795632,3.763,0.0,2.191,40.02738475581926
p049-b6-t7,local_max,2464,1678716830136,1678716827672,2.992,8.288770053475936,1.673,7.949790794979079
p049-b6-t8,median_fallback,2152,1678716855215,1678716853063,1.657,0.0,1.648,0.0
p049-b6-t9,local_max,757,1678716881311,1678716880554,6.974,0.0,0.664,27.56024096385542
p050-b1-t1,local_max,3063,1678722260509,1678722257446,8.494,16.223216388038615,1.925,1.7142857142857142
p050-b1-t10,median_fallback,1058,1678722648230,1678722647172,0.231,23.376623376623378,0.769,0.0
p050-b1-t2,local_max,3723,1678722318958,1678722315235,13.769,20.2120705933619,2.666,53.375843960990245
p050-b1-t3,local_max,6122,1678722367917,1678722361795,8.667,18.483904465212877,3.54,0.0
p050-b1-t4,local_max,11620,1678722417750,1678722406130,1.638,0.0,2.976,7.426075268817204
p050-b1-t5,local_max,9307,1678722462206,1678722452899,3.204,0.0,2.335,28.907922912205567
p050-b1-t6,local_max,11786,1678722504261,1678722492475,1.026,0.0,4.581,11.504038419559048
p050-b1-t7,local_max,1428,1678722533182,1678722531754,0.833,0.0,0.94,26.914893617021278
p050-b1-t8,local_max,6026,1678722569925,1678722563899,5.071,0.0,2.025,0.0
p050-b1-t9,local_max,9467,1678722608550,1678722599083,1.132,0.0,3.208,0.0
p050-b2-t1,local_max,1251,1678722770557,1678722769306,3.639,9.068425391591097,0.902,18.181818181818183
p050-b2-t10,local_max,3378,1678723169092,1678723165714,4.06,31.748768472906406,2.135,0.0
p050-b2-t2,local_max,1962,1678722809877,1678722807915,8.495,10.076515597410241,1.63,0.0
p050-b2-t3,local_max,1257,1678722861148,1678722859891,10.178,10.846924739634506,0.887,38.444193912063135
p050-b2-t4,local_max,5029,1678722909340,1678722904311,16.959,16.09764726693791,3.328,6.159855769230769
p050-b2-t6,local_max,4730,1678723009606,1678723004876,8.733,5.839917554105119,2.817,0.0
p050-b2-t7,local_max,6276,1678723062007,1678723055731,12.689,1.8519977933643312,3.511,14.810595272002278
p050-b2-t8,local_max,3977,1678723101428,1678723097451,7.328,18.395196506550217,2.782,9.381739755571532
p050-b2-t9,local_max,2526,1678723135076,1678723132550,2.774,0.0,1.424,6.109550561797753
p050-b3-t1,local_max,5653,1678723434018,1678723428365,0.21,0.0,1.451,0.0
p050-b3-t10,local_max,4425,1678723791770,1678723787345,5.434,4.9135075450864925,1.94,0.0
p050-b3-t2,local_max,3594,1678723473379,1678723469785,3.245,4.530046224961479,2.65,0.0
p050-b3-t3,local_max,1054,1678723509578,1678723508524,6.363,21.562156215621563,0.659,0.0
p050-b3-t5,local_max,8569,1678723602979,1678723594410,3.338,4.613541042540444,4.856,20.11943986820428
p050-b3-t6,local_max,7420,1678723649963,1678723642543,3.504,0.0,4.129,17.316541535480745
p050-b3-t7,median_fallback,655,1678723676236,1678723675581,1.59,52.64150943396226,0.54,0.0
p050-b3-t8,local_max,6984,1678723707507,1678723700523,2.301,0.0,2.443,7.57265656979124
p050-b3-t9,local_max,664,1678723750387,1678723749723,15.361,12.544756200768179,0.495,43.63636363636363
p050-b4-t10,local_max,4481,1678724210106,1678724205625,1.76,0.0,3.286,7.8819233110164335
p050-b4-t2,local_max,10193,1678723951802,1678723941609,3.787,0.0,6.096,21.128608923884514
p050-b4-t3,local_max,15134,1678723989332,1678723974198,1.685,0.0,6.766,11.084835944428022
p050-b4-t4,median_fallback,1238,1678724019770,1678724018532,3.081,49.17234664070107,0.306,0.0
p050-b4-t5,local_max,5578,1678724046211,1678724040633,1.42,5.563380281690141,2.601,0.0
p050-b4-t6,local_max,2561,1678724081690,1678724079129,5.711,24.21642444405533,2.035,1.71990171990172
p050-b4-t8,local_max,16781,1678724148875,1678724132094,1.833,0.0,4.04,0.0
p050-b4-t9,local_max,1989,1678724183499,1678724181510,7.315,26.493506493506494,0.984,0.0
p050-b5-t10,local_max,754,1678724688922,1678724688168,18.273,0.0,0.432,23.14814814814815
p050-b5-t2,local_max,2322,1678724401570,1678724399248,6.556,0.42708968883465526,1.572,43.00254452926209
p050-b5-t4,local_max,8233,1678724474298,1678724466065,6.069,38.4083044982699,2.671,0.0
p050-b5-t5,local_max,19630,1678724515882,1678724496252,5.09,22.31827111984283,2.268,0.0
p050-b5-t6,local_max,2583,1678724551336,1678724548753,8.163,6.713218179590837,1.801,42.642976124375345
p050-b5-t7,local_max,1762,1678724571474,1678724569712,3.154,0.0,1.023,0.0
p050-b5-t8,local_max,4426,1678724601594,1678724597168,2.455,0.0,1.814,16.207276736493935
p050-b6-t1,local_max,9648,1678724915296,1678724905648,7.768,0.0,3.333,39.3039303930393
p050-b6-t10,local_max,5268,1678725259594,1678725254326,7.035,7.818052594171997,2.959,11.253801960121663
p050-b6-t2,local_max,1050,1678724948345,1678724947295,4.803,13.824692900270664,0.761,24.967148488830485
p050-b6-t3,local_max,1692,1678724995260,1678724993568,5.331,43.687863440255114,1.152,0.0
p050-b6-t6,local_max,3910,1678725128432,1678725124522,4.132,0.0,2.262,34.217506631299734
p050-b6-t7,local_max,9111,1678725155761,1678725146650,0.856,0.0,3.815,0.0
p050-b6-t8,local_max,4169,1678725184352,1678725180183,3.728,15.07510729613734,2.636,15.250379362670714
p050-b6-t9,local_max,2177,1678725221386,1678725219209,6.254,37.224176527022706,1.074,0.0
