{
  "figure": "coupling_traces.png",
  "script": "scripts/render_coupling_traces.py",
  "generated": "2026-05-02T14:11:38.024017Z",
  "config": {
    "n_bins": 24,
    "t_max_s": 6.0,
    "min_frac": 0.4,
    "trace_metric": "per-fixation cursor-gaze Euclidean distance (px)",
    "cursor_sampling": "nearest-in-time interpolation to fixation timestamp"
  },
  "cohort_counts": {
    "clicked": {
      "class_n_total": 2205,
      "class_n_pooled": 1779
    },
    "deferred": {
      "class_n_total": 1557,
      "class_n_pooled": 1218
    },
    "evaluated-rejected": {
      "class_n_total": 513,
      "class_n_pooled": 371
    }
  },
  "per_class": {
    "clicked": {
      "min_samples_threshold": 882,
      "n_valid_bins": 19,
      "last_valid_bin_center_s": 4.625,
      "bin_centers_s": [
        0.125,
        0.375,
        0.625,
        0.875,
        1.125,
        1.375,
        1.625,
        1.875,
        2.125,
        2.375,
        2.625,
        2.875,
        3.125,
        3.375,
        3.625,
        3.875,
        4.125,
        4.375,
        4.625,
        4.875,
        5.125,
        5.375,
        5.625,
        5.875
      ],
      "median_px": [
        406.5907032877166,
        412.54521156737394,
        426.4410778446716,
        430.7143910646755,
        421.10698215544363,
        414.3488298771454,
        399.4058086708304,
        404.70351980718556,
        409.6995724310308,
        424.09931295795195,
        409.2004398824615,
        407.30435760359774,
        411.6884466552772,
        383.09782013798423,
        387.1136783943445,
        383.96353993576,
        398.6187834555658,
        402.4229963699072,
        394.62007044751283,
        null,
        null,
        null,
        null,
        null
      ],
      "q25_px": [
        253.1886602103175,
        256.8501508662201,
        263.19517097925353,
        260.2404191029798,
        246.02080374967358,
        248.09272457654816,
        247.23065252081145,
        244.26761166786545,
        240.0972246535432,
        245.63436184835393,
        245.51658258742862,
        234.04998465509334,
        247.33061590475415,
        239.1474410357216,
        226.74340600229948,
        227.03523955544875,
        238.1531246101967,
        249.43034534345423,
        236.90354558369515,
        null,
        null,
        null,
        null,
        null
      ],
      "q75_px": [
        580.8054086193081,
        587.04088443651,
        600.5155923360456,
        591.0257510028928,
        589.4737005572672,
        590.3169991997313,
        592.336399287014,
        586.5298761136314,
        581.1940165257997,
        584.2953013000526,
        572.1176203523111,
        573.0235459492538,
        574.3356371322008,
        575.9146934604008,
        560.9040458029235,
        577.8061341158573,
        560.8231906295581,
        588.6590579509299,
        562.889547262051,
        null,
        null,
        null,
        null,
        null
      ],
      "n_per_bin": [
        1779,
        1329,
        1292,
        1279,
        1196,
        1194,
        1131,
        1086,
        1060,
        1056,
        1019,
        983,
        1011,
        956,
        919,
        913,
        898,
        903,
        883,
        869,
        847,
        820,
        827,
        799
      ]
    },
    "deferred": {
      "min_samples_threshold": 622,
      "n_valid_bins": 15,
      "last_valid_bin_center_s": 3.625,
      "bin_centers_s": [
        0.125,
        0.375,
        0.625,
        0.875,
        1.125,
        1.375,
        1.625,
        1.875,
        2.125,
        2.375,
        2.625,
        2.875,
        3.125,
        3.375,
        3.625,
        3.875,
        4.125,
        4.375,
        4.625,
        4.875,
        5.125,
        5.375,
        5.625,
        5.875
      ],
      "median_px": [
        426.5749127063696,
        422.1921192349667,
        439.00455578501686,
        436.80342670151197,
        419.0131262860389,
        432.74349025990796,
        421.80112955560145,
        403.00124069287926,
        428.1049951330383,
        400.0437447882962,
        396.62702883187376,
        411.3015487886672,
        396.8904130865345,
        400.8391198473522,
        407.7075360099884,
        null,
        null,
        null,
        null,
        null,
        null,
        null,
        null,
        null
      ],
      "q25_px": [
        265.26067561837283,
        259.04797461414944,
        276.92705316872525,
        276.03894106868586,
        256.00076423572284,
        270.1481075262235,
        261.6353764368927,
        255.54842985234717,
        269.0276376329789,
        248.52758914905334,
        248.19321412243767,
        257.77547672201905,
        250.41639849050523,
        256.8443108188305,
        240.826180908001,
        null,
        null,
        null,
        null,
        null,
        null,
        null,
        null,
        null
      ],
      "q75_px": [
        601.9384943901593,
        607.4019648735496,
        603.1889652384857,
        595.9419160806685,
        587.1717622372694,
        585.2349955359813,
        590.9986472221485,
        588.0425154697575,
        617.9207654318052,
        602.8624805268192,
        591.8082459716154,
        610.3697096270135,
        576.1600033200493,
        579.7671946566139,
        588.8317021707913,
        null,
        null,
        null,
        null,
        null,
        null,
        null,
        null,
        null
      ],
      "n_per_bin": [
        1218,
        906,
        861,
        858,
        835,
        773,
        792,
        777,
        736,
        720,
        697,
        642,
        671,
        649,
        644,
        614,
        619,
        609,
        600,
        602,
        587,
        593,
        576,
        570
      ]
    },
    "evaluated-rejected": {
      "min_samples_threshold": 205,
      "n_valid_bins": 14,
      "last_valid_bin_center_s": 3.375,
      "bin_centers_s": [
        0.125,
        0.375,
        0.625,
        0.875,
        1.125,
        1.375,
        1.625,
        1.875,
        2.125,
        2.375,
        2.625,
        2.875,
        3.125,
        3.375,
        3.625,
        3.875,
        4.125,
        4.375,
        4.625,
        4.875,
        5.125,
        5.375,
        5.625,
        5.875
      ],
      "median_px": [
        406.3065345278119,
        409.61077678834084,
        425.0171185172237,
        424.95293857084926,
        437.87571302696614,
        426.9076085648071,
        431.38961508130905,
        434.68567640419354,
        436.62819403893343,
        405.2776825831889,
        396.7997509069947,
        404.96913462633177,
        391.58315239284565,
        389.2128117550844,
        null,
        null,
        null,
        null,
        null,
        null,
        null,
        null,
        null,
        null
      ],
      "q25_px": [
        262.85330367844597,
        258.7346066897271,
        255.47908280665828,
        257.65544501279084,
        267.7837509162905,
        278.3522947633089,
        260.31711430484165,
        279.7477833371666,
        246.01405664765005,
        255.69488245275,
        259.5141180220731,
        253.80127816618523,
        235.16562245338812,
        242.38812412421788,
        null,
        null,
        null,
        null,
        null,
        null,
        null,
        null,
        null,
        null
      ],