{
  "figure": "coupling_traces.png",
  "script": "scripts/render_coupling_traces.py",
  "generated": "2026-04-14T23:58:40.439496Z",
  "config": {
    "n_bins": 24,
    "t_max_s": 6.0,
    "min_frac": 0.4,
    "trace_metric": "per-fixation cursor-gaze Euclidean distance (px)",
    "cursor_sampling": "nearest-in-time interpolation to fixation timestamp"
  },
  "cohort_counts": {
    "clicked": {
      "class_n_total": 2228,
      "class_n_pooled": 2145
    },
    "deferred": {
      "class_n_total": 1916,
      "class_n_pooled": 1916
    },
    "evaluated-rejected": {
      "class_n_total": 439,
      "class_n_pooled": 387
    }
  },
  "per_class": {
    "clicked": {
      "min_samples_threshold": 891,
      "n_valid_bins": 24,
      "last_valid_bin_center_s": 5.875,
      "bin_centers_s": [
        0.125,
        0.375,
        0.625,
        0.875,
        1.125,
        1.375,
        1.625,
        1.875,
        2.125,
        2.375,
        2.625,
        2.875,
        3.125,
        3.375,
        3.625,
        3.875,
        4.125,
        4.375,
        4.625,
        4.875,
        5.125,
        5.375,
        5.625,
        5.875
      ],
      "median_px": [
        396.12279890467994,
        407.5782133529711,
        414.4834051826324,
        411.10420905630707,
        387.5558005649119,
        382.3875076493468,
        377.8306498948967,
        380.8175386794261,
        384.7109278269549,
        377.0,
        379.69633766378354,
        373.39957925174076,
        379.2713701964752,
        376.5634076752546,
        372.83910739084223,
        381.1154651406156,
        374.4142091320787,
        380.7455178695152,
        384.36368985929505,
        396.79339712248236,
        383.10311927730373,
        368.8460717523508,
        378.8262221711257,
        364.501729144513
      ],
      "q25_px": [
        243.4296612987004,
        259.54143771575445,
        254.0810639843335,
        247.80697299748203,
        236.6742937788096,
        228.5475880424031,
        230.8756721251675,
        224.82103755677565,
        229.72035109791443,
        229.1342057762161,
        220.93970018609627,
        209.116502620704,
        219.29663590171867,
        224.0089283934906,
        221.96620951897,
        216.24519776385793,
        215.8564337702261,
        218.42675775948837,
        212.31796448925854,
        227.122515169185,
        217.13490915623066,
        226.81158598419972,
        215.08391899598638,
        217.81009693387972
      ],
      "q75_px": [
        566.0989312832166,
        580.9027457328808,
        570.8324574665445,
        580.331801644542,
        574.956120908932,
        558.6626889277644,
        554.6547182418146,
        553.596329792146,
        550.7812538133905,
        557.5980685067052,
        554.2260352133487,
        541.8438329373932,
        550.7049872496531,
        552.2087537188943,
        553.9480635304476,
        555.2041524875611,
        561.0080213330288,
        566.7299035178145,
        565.6787577317341,
        588.430114796991,
        567.1255350205972,
        569.2769318012729,
        564.5809859290102,
        546.4483043210568
      ],
      "n_per_bin": [
        2145,
        1689,
        1634,
        1633,
        1564,
        1537,
        1559,
        1482,
        1490,
        1487,
        1427,
        1416,
        1446,
        1405,
        1347,
        1352,
        1321,
        1284,
        1326,
        1281,
        1235,
        1242,
        1226,
        1192
      ]
    },
    "deferred": {
      "min_samples_threshold": 766,
      "n_valid_bins": 24,
      "last_valid_bin_center_s": 5.875,
      "bin_centers_s": [
        0.125,
        0.375,
        0.625,
        0.875,
        1.125,
        1.375,
        1.625,
        1.875,
        2.125,
        2.375,
        2.625,
        2.875,
        3.125,
        3.375,
        3.625,
        3.875,
        4.125,
        4.375,
        4.625,
        4.875,
        5.125,
        5.375,
        5.625,
        5.875
      ],
      "median_px": [
        275.6269912880314,
        304.4205049786627,
        318.16823174486285,
        326.4642096647399,
        315.4783551062847,
        293.0506711360378,
        298.76798994129206,
        293.8389642761497,
        303.23174057018775,
        303.82035270548704,
        301.7033079331126,
        317.1332511033272,
        308.5741401997257,
        303.5843189141968,
        306.36579443534487,
        322.84667570625163,
        303.9024576486876,
        320.747073131888,
        298.187860249206,
        305.0114751939671,
        312.72431543371033,
        299.47453981933086,
        306.4751000619053,
        305.17652633291345
      ],
      "q25_px": [
        160.91029455133858,
        185.66231800874903,
        191.58450001818198,
        190.78247934090012,
        177.9253948332651,
        171.98834219546848,
        173.6663467687393,
        173.79859279343742,
        175.46890132484376,
        175.6843760839307,
        172.9003355880419,
        181.68686294376934,
        179.2308485955602,
        175.31685600648902,
        173.83142232557813,
        178.22658773516008,
        174.7252830319283,
        185.71483463706952,
        178.61690849412886,
        186.3866948041088,
        190.66396896153844,
        178.73443988218946,
        173.3976097307119,
        183.3712082089225
      ],
      "q75_px": [
        440.6344472074608,
        458.04420970633595,
        474.52482125691586,
        481.00613965562,
        471.84690288239085,
        464.8634009159709,
        467.64195705689195,
        469.0609350068257,
        481.07583002668724,
        463.5991539721576,
        461.3501122527656,
        483.3200262640858,
        477.80068922085434,
        481.4735190499796,
        476.6437948197706,
        486.95733186613785,
        478.35144560590624,
        488.66651411180374,
        472.95665763365673,
        471.20271646076066,
        472.56843445430155,
        466.86346486371883,
        462.43042434727437,
        455.7317083781239
      ],
      "n_per_bin": [
        1916,
        1499,
        1467,
        1496,
        1442,
        1432,
        1433,
        1422,
        1396,
        1417,
        1348,
        1328,
        1347,
        1349,
        1299,
        1304,
        1271,
        1264,
        1293,
        1293,
        1270,
        1261,
        1238,
        1241
      ]
    },
    "evaluated-rejected": {
      "min_samples_threshold": 175,
      "n_valid_bins": 10,
      "last_valid_bin_center_s": 2.375,
      "bin_centers_s": [
        0.125,
        0.375,
        0.625,
        0.875,
        1.125,
        1.375,
        1.625,
        1.875,
        2.125,
        2.375,
        2.625,
        2.875,
        3.125,
        3.375,
        3.625,
        3.875,
        4.125,
        4.375,
        4.625,
        4.875,
        5.125,
        5.375,
        5.625,
        5.875
      ],
      "median_px": [
        198.58453817387755,
        232.28000344411913,
        228.92206535436915,
        237.40261161158273,
        219.1118435867856,
        226.38526990332252,
        228.78472374625252,
        253.13267094997272,
        231.68229035731696,
        216.01258446522502,
        null,
        null,
        null,
        null,
        null,
        null,
        null,
        null,
        null,
        null,
        null,
        null,
        null,
        null
      ],