{
  "attribution": "organic",
  "n_trials_total": 2776,
  "n_trials_with_jumps": 2382,
  "n_total_jumps": 73165,
  "delta_counts": {
    "-13": 27,
    "-12": 51,
    "-11": 148,
    "-10": 986,
    "-9": 2604,
    "-8": 5000,
    "-7": 5778,
    "-6": 5573,
    "-5": 4876,
    "-4": 5876,
    "-3": 7284,
    "-2": 10936,
    "-1": 24026
  },
  "delta_pcts": {
    "-13": 0.036902890726440235,
    "-12": 0.06970546026105379,
    "-11": 0.20228251213011686,
    "-10": 1.347638898380373,
    "-9": 3.5590787945055697,
    "-8": 6.8338686530444885,
    "-7": 7.897218615458211,
    "-6": 7.617030000683386,
    "-5": 6.664388710448985,
    "-4": 8.031162441057884,
    "-3": 9.95557985375521,
    "-2": 14.947037517938906,
    "-1": 32.838105651609375
  }
}