{
  "feature_mode": "text_m4_vp",
  "hybrid_bucket_counts": {
    "0": 2115,
    "1": 2115,
    "2": 2115,
    "3": 2115,
    "4": 2115,
    "5": 2115,
    "6": 2115,
    "7": 2115,
    "8": 2115,
    "9": 2115
  },
  "clicked_by_hybrid_bucket": {
    "9": 2115
  },
  "rungs": {
    "R4e_10grade_pre_linear": {
      "mrr": 0.6552234605426095,
      "ndcg": 0.7402746805779944,
      "mrr_per_p": {
        "p004": 0.6458628841607565,
        "p005": 0.657,
        "p006": 0.6436170212765957,
        "p007": 0.6385487528344671,
        "p008": 0.718287037037037,
        "p009": 0.6764109347442682,
        "p010": 0.6278152141359689,
        "p011": 0.6439610389610391,
        "p012": 0.6025362318840578,
        "p013": 0.7038720538720539,
        "p014": 0.6770833333333334,
        "p015": 0.6929487179487179,
        "p016": 0.6884353741496598,
        "p017": 0.6152777777777778,
        "p018": 0.6710144927536232,
        "p019": 0.6996612466124661,
        "p020": 0.5596047942986718,
        "p021": 0.5706511175898931,
        "p022": 0.4822681704260652,
        "p023": 0.6019607843137255,
        "p024": 0.6357142857142858,
        "p025": 0.6837566137566138,
        "p026": 0.6890664160401002,
        "p027": 0.7979302832244008,
        "p028": 0.6400555555555555,
        "p029": 0.6437134502923976,
        "p030": 0.6902777777777778,
        "p031": 0.5911564625850341,
        "p032": 0.7320987654320987,
        "p033": 0.7063829787234042,
        "p034": 0.7636904761904763,
        "p035": 0.679188712522046,
        "p036": 0.725462962962963,
        "p037": 0.6728571428571429,
        "p038": 0.7239018087855297,
        "p039": 0.7282051282051284,
        "p040": 0.6331875607385812,
        "p041": 0.5358609385783298,
        "p042": 0.6204710144927535,
        "p043": 0.6537499999999999,
        "p044": 0.6193386243386243,
        "p045": 0.6358156028368794,
        "p046": 0.58203125,
        "p047": 0.6534534534534534,
        "p048": 0.7006172839506173,
        "p049": 0.613063063063063,
        "p050": 0.6521551724137932
      },
      "ndcg_per_p": {
        "p004": 0.7318398052757733,
        "p005": 0.7432621499672173,
        "p006": 0.7325187341876986,
        "p007": 0.726743215468142,
        "p008": 0.7898685127836105,
        "p009": 0.7565158795252067,
        "p010": 0.716599963581179,
        "p011": 0.731999353145905,
        "p012": 0.7006011273537938,
        "p013": 0.7763373861238705,
        "p014": 0.756399762146066,
        "p015": 0.7706443335211534,
        "p016": 0.7673266333507701,
        "p017": 0.711273984082813,
        "p018": 0.7535087363102967,
        "p019": 0.7742273603285909,
        "p020": 0.665844440910577,
        "p021": 0.6741685097464833,
        "p022": 0.6077135992090408,
        "p023": 0.7017353177017068,
        "p024": 0.725306385256388,
        "p025": 0.7614883761023794,
        "p026": 0.7667833882034059,
        "p027": 0.8495408355074647,
        "p028": 0.7292741166003753,
        "p029": 0.7310690469169202,
        "p030": 0.7678480992635989,
        "p031": 0.6927852681432581,
        "p032": 0.7999393467419431,
        "p033": 0.7802767172293426,
        "p034": 0.8220221004448478,
        "p035": 0.759958674629718,
        "p036": 0.7938878681546294,
        "p037": 0.7530676995133002,
        "p038": 0.7908912689613192,
        "p039": 0.7952057165857347,
        "p040": 0.7217937775117306,
        "p041": 0.647861671041741,
        "p042": 0.7149672775399228,
        "p043": 0.7399436453593166,
        "p044": 0.7094247255569176,
        "p045": 0.7260215387283379,
        "p046": 0.683551781624203,
        "p047": 0.7355286545473572,
        "p048": 0.777406447918073,
        "p049": 0.7076644821517551,
        "p050": 0.737526063848502
      }
    },
    "R4f_hybrid_exp": {
      "mrr": 0.824758527524485,
      "ndcg": 0.8686224170793038,
      "mrr_per_p": {
        "p004": 0.8444106720702466,
        "p005": 0.7828571428571428,
        "p006": 0.8617021276595744,
        "p007": 0.8003968253968252,
        "p008": 0.7876984126984127,
        "p009": 0.8282921810699588,
        "p010": 0.8360287511230907,
        "p011": 0.8748484848484849,
        "p012": 0.772463768115942,
        "p013": 0.946969696969697,
        "p014": 0.8713789682539682,
        "p015": 0.8237179487179487,
        "p016": 0.8442176870748299,
        "p017": 0.8161111111111111,
        "p018": 0.8147342995169081,
        "p019": 0.8526422764227641,
        "p020": 0.8585600907029478,
        "p021": 0.7469954648526076,
        "p022": 0.7748538011695906,
        "p023": 0.8892156862745099,
        "p024": 0.7760869565217392,
        "p025": 0.8462962962962963,
        "p026": 0.886842105263158,
        "p027": 0.9139433551198257,
        "p028": 0.809,
        "p029": 0.8903508771929826,
        "p030": 0.9305555555555555,
        "p031": 0.7568027210884353,
        "p032": 0.8756613756613757,
        "p033": 0.8922239108409321,
        "p034": 0.8668981481481483,
        "p035": 0.8348765432098766,
        "p036": 0.837962962962963,
        "p037": 0.7936666666666666,
        "p038": 0.8449612403100776,
        "p039": 0.8322115384615384,
        "p040": 0.814139941690962,
        "p041": 0.707427536231884,
        "p042": 0.8045548654244307,
        "p043": 0.6923611111111111,
        "p044": 0.8112874779541447,
        "p045": 0.7526849037487336,
        "p046": 0.69375,
        "p047": 0.7858858858858859,
        "p048": 0.8580246913580246,
        "p049": 0.786936936936937,
        "p050": 0.8659482758620689
      },
      "ndcg_per_p": {
        "p004": 0.8804039969535434,
        "p005": 0.8379354649181814,
        "p006": 0.8969074205927082,
        "p007": 0.8499394182548043,
        "p008": 0.8422543623015969,
        "p009": 0.8699612106067314,
        "p010": 0.8760532044902263,
        "p011": 0.9066357707978109,
        "p012": 0.8293880682404567,
        "p013": 0.9603798807641306,
        "p014": 0.9021264826155626,
        "p015": 0.8686663586896416,
        "p016": 0.8842261244187872,
        "p017": 0.8618365331081816,
        "p018": 0.8614806541779252,
        "p019": 0.8893267442527136,
        "p020": 0.8937727072365884,
        "p021": 0.8098309277923954,
        "p022": 0.8297222698390553,
        "p023": 0.9170035179012342,
        "p024": 0.8330296297008439,
        "p025": 0.8845085695374555,
        "p026": 0.9158779232167038,
        "p027": 0.9356380053071409,
        "p028": 0.8570420866911814,
        "p029": 0.918855480921058,
        "p030": 0.9484108127976215,
        "p031": 0.818773475411874,
        "p032": 0.9069623000440972,
        "p033": 0.9185641962639338,
        "p034": 0.9000219500754558,
        "p035": 0.8772389601362858,
        "p036": 0.8799546606150866,
        "p037": 0.8453920552384028,
        "p038": 0.8837939261554316,
        "p039": 0.8737760639293926,
        "p040": 0.8613109628712807,
        "p041": 0.7813154587175286,
        "p042": 0.8541596344222906,
        "p043": 0.7700715899148717,
        "p044": 0.8567623373205195,
        "p045": 0.8139142677739989,
        "p046": 0.7713527276133937,
        "p047": 0.8375082049778844,
        "p048": 0.8940344702064258,
        "p049": 0.8404159663906736,
        "p050": 0.8986298549501326
      }
    },
    "R4g_hybrid_linear": {
      "mrr": 0.7912435738676873,
      "ndcg": 0.8430063398926115,
      "mrr_per_p": {
        "p004": 0.7940898345153664,
        "p005": 0.7043333333333334,
        "p006": 0.8241134751773049,
        "p007": 0.753968253968254,
        "p008": 0.8289930555555557,
        "p009": 0.7617283950617284,
        "p010": 0.793313866427074,
        "p011": 0.8103030303030304,
        "p012": 0.7452898550724637,
        "p013": 0.8939393939393939,
        "p014": 0.8609623015873016,
        "p015": 0.8076923076923077,
        "p016": 0.8435374149659863,
        "p017": 0.8241666666666667,
        "p018": 0.7683574879227054,
        "p019": 0.7964092140921409,