{
  "attribution": "organic_hybrid",
  "n_trials": 2449,
  "n_records": 6327,
  "per_position": {
    "0": {
      "n": 1488,
      "median": 27.931223162603764,
      "q25": 12.98282725271646,
      "q75": 57.021305266252355,
      "ci95_lo": 25.971960795393237,
      "ci95_hi": 30.46946595639891
    },
    "1": {
      "n": 1035,
      "median": 21.542944590357767,
      "q25": 8.886224679806205,
      "q75": 43.147107145338126,
      "ci95_lo": 19.48201596167458,
      "ci95_hi": 23.345197039048298
    },
    "2": {
      "n": 841,
      "median": 17.833161232633216,
      "q25": 7.410649602575248,
      "q75": 39.54332574326025,
      "ci95_lo": 16.381219424757372,
      "ci95_hi": 19.709844403887164
    },
    "3": {
      "n": 692,
      "median": 17.0054138112634,
      "q25": 7.344849278997616,
      "q75": 36.87826865222029,
      "ci95_lo": 15.394113141625699,
      "ci95_hi": 18.860064082759703
    },
    "4": {
      "n": 639,
      "median": 17.181397564682065,
      "q25": 7.594213962216589,
      "q75": 37.364649881865915,
      "ci95_lo": 15.405623460949606,
      "ci95_hi": 19.614695466235723
    },
    "5": {
      "n": 403,
      "median": 15.375859252521586,
      "q25": 6.208146962135466,
      "q75": 32.34802321455686,
      "ci95_lo": 12.9593146431506,
      "ci95_hi": 16.542807158336196
    },
    "6": {
      "n": 322,
      "median": 12.827821623157096,
      "q25": 5.695500799672818,
      "q75": 30.59375760631356,
      "ci95_lo": 11.02671745024122,
      "ci95_hi": 15.437793897703603
    },
    "7": {
      "n": 223,
      "median": 15.479877708831276,
      "q25": 6.023265066092581,
      "q75": 34.98337530467934,
      "ci95_lo": 12.06180501367434,
      "ci95_hi": 17.542002933738846
    },
    "8": {
      "n": 177,
      "median": 16.374158673777103,
      "q25": 5.085947031622366,
      "q75": 30.852714168450646,
      "ci95_lo": 12.423232723783403,
      "ci95_hi": 17.889780772521352
    },
    "9": {
      "n": 132,
      "median": 12.953114282757154,
      "q25": 5.954271156206132,
      "q75": 31.274437856799643,
      "ci95_lo": 9.749204317991557,
      "ci95_hi": 15.655389762552888
    },
    "10": {
      "n": 109,
      "median": 13.170839372892738,
      "q25": 4.86860601740724,
      "q75": 33.99172308037758,
      "ci95_lo": 9.377941993201889,
      "ci95_hi": 20.45601921716865
    },
    "11": {
      "n": 112,
      "median": 11.129566041339345,
      "q25": 4.911985078207085,
      "q75": 27.30853807501462,
      "ci95_lo": 7.545930022292693,
      "ci95_hi": 15.971013644017113
    },
    "12": {
      "n": 74,
      "median": 17.27385543411044,
      "q25": 7.0124889174749505,
      "q75": 31.078262284850343,
      "ci95_lo": 11.585744125851944,
      "ci95_hi": 24.440113443444893
    },
    "13": {
      "n": 45,
      "median": 17.542182194309913,
      "q25": 6.2635667036792055,
      "q75": 40.34478137058623,
      "ci95_lo": 8.93395175368974,
      "ci95_hi": 27.40587463082668
    },
    "14": {
      "n": 20,
      "median": 13.21860501037402,
      "q25": 6.68364163243484,
      "q75": 32.23734554609093,
      "ci95_lo": 7.087598065855696,
      "ci95_hi": 30.068412730329623
    },
    "15": {
      "n": 7,
      "median": 12.481208300887335,
      "q25": 5.219868191685144,
      "q75": 22.609852839458814,
      "ci95_lo": 1.9289663179219447,
      "ci95_hi": 28.198695520552494
    },
    "16": {
      "n": 6,
      "median": 10.068762607494907,
      "q25": 6.682274232485117,
      "q75": 31.396689467064036,
      "ci95_lo": 3.2614316628787456,
      "ci95_hi": 41.06931961502623
    },
    "17": {
      "n": 1,
      "median": 1.5081748522166136,
      "q25": 1.5081748522166136,
      "q75": 1.5081748522166136,
      "ci95_lo": NaN,
      "ci95_hi": NaN
    },
    "21": {
      "n": 1,
      "median": 8.712284276714183,
      "q25": 8.712284276714183,
      "q75": 8.712284276714183,
      "ci95_lo": NaN,
      "ci95_hi": NaN
    }
  },
  "cross_trial_spearman": {
    "full": {
      "n": 19,
      "rho": -0.7491228070175439,
      "p": 0.0002232066243504944
    },
    "steep_P0_P3": {
      "n": 4,
      "rho": -1.0,
      "p": 0.0
    },
    "plateau_P4_P10": {
      "n": 7,
      "rho": -0.39285714285714296,
      "p": 0.3833168704269725
    }
  },
  "cap10_spearman": {
    "full": {
      "rho": -0.6894736842105263,
      "p": 0.0010913833347078756
    },
    "steep_P0_P3": {
      "rho": -0.7999999999999999,
      "p": 0.2000000000000001
    },
    "plateau_P4_P10": {
      "rho": -0.39285714285714296,
      "p": 0.3833168704269725
    }
  },
  "pooled_steep_vs_plateau_mw": {
    "steep_n": 4056,
    "plateau_n": 2005,
    "steep_median": 22.154724401057138,
    "plateau_median": 15.406974316138186,
    "mann_whitney_u": 4728133.0,
    "mw_p_one_sided_greater": 2.623653629214426e-25
  },
  "per_trial_spearman": {
    "min_segments_3": {
      "n_trials": 1074,
      "median_rho": -0.39999999999999997,
      "pct_negative": 62.01117318435754
    },
    "min_segments_5": {
      "n_trials": 260,
      "median_rho": -0.19999999999999998,
      "pct_negative": 62.30769230769231
    },
    "min_segments_7": {
      "n_trials": 44,
      "median_rho": -0.16071428571428575,
      "pct_negative": 65.9090909090909
    }
  }
}