{
  "key_claims": {
    "K18_ctr_by_org_rank_full": {
      "measure": "CTR by organic rank (full corpus)",
      "cohort": "full",
      "n_trials": 2776,
      "n_ranks": 10,
      "rho": -1.0,
      "p": 5.511463844797178e-07,
      "ranks_0_to_9_ctr": [
        0.3602,
        0.1748,
        0.1383,
        0.0809,
        0.0518,
        0.0319,
        0.0179,
        0.013,
        0.0045,
        0.0039
      ]
    },
    "K19_ctr_by_org_rank_clean": {
      "measure": "CTR by organic rank (clean_for_ctr: plain_top \u2229 n_org\u2208{9,10,11})",
      "cohort": "clean_for_ctr",
      "n_trials": 555,
      "n_ranks": 10,
      "rho": -0.9879,
      "p": 5.5114638447971785e-06,
      "ranks_0_to_9_ctr": [
        0.3838,
        0.173,
        0.164,
        0.1063,
        0.0811,
        0.0396,
        0.0324,
        0.0144,
        0.0054,
        0.0056
      ]
    },
    "K20_click_share_by_org_rank_full": {
      "measure": "Click share by organic rank (full corpus)",
      "cohort": "full",
      "n_trials": 2776,
      "n_ranks": 10,
      "rho": -1.0,
      "p": 5.511463844797178e-07,
      "click_share_pct": [
        41.248,
        20.219,
        15.721,
        9.238,
        5.794,
        3.728,
        1.985,
        1.378,
        0.405,
        0.243
      ]
    },
    "K21_click_share_by_org_rank_clean": {
      "measure": "Click share by organic rank (clean_for_ctr)",
      "cohort": "clean_for_ctr",
      "n_trials": 555,
      "n_ranks": 10,
      "rho": -1.0,
      "p": 5.511463844797178e-07,
      "click_share_pct": [
        38.475,
        17.021,
        16.489,
        10.461,
        7.979,
        4.078,
        3.191,
        1.418,
        0.532,
        0.355
      ]
    },
    "K22_fix_count_by_org_rank_full": {
      "measure": "Fixation count \u00d7 organic rank (full corpus)",
      "n_ranks": 10,
      "rho": -1.0,
      "p": 5.511463844797178e-07,
      "means": [
        17.538,
        13.428,
        11.01,
        9.255,
        7.943,
        6.865,
        6.274,
        5.375,
        3.905,
        3.403
      ]
    },
    "K23_fix_count_by_org_rank_clean": {
      "measure": "Fixation count \u00d7 organic rank (clean_for_ctr)",
      "n_ranks": 10,
      "rho": -1.0,
      "p": 5.511463844797178e-07,
      "means": [
        19.316,
        14.868,
        12.256,
        10.233,
        9.287,
        7.713,
        6.636,
        5.287,
        3.288,
        2.188
      ]
    },
    "K24_dwell_by_org_rank_full": {
      "measure": "Total dwell \u00d7 organic rank (full corpus)",
      "n_ranks": 10,
      "rho": -1.0,
      "p": 5.511463844797178e-07,
      "means_s": [
        3.798,
        2.987,
        2.498,
        2.113,
        1.793,
        1.536,
        1.4,
        1.208,
        0.869,
        0.802
      ]
    },
    "K25_dwell_by_org_rank_clean": {
      "measure": "Total dwell \u00d7 organic rank (clean_for_ctr)",
      "n_ranks": 10,
      "rho": -1.0,
      "p": 5.511463844797178e-07,
      "means_s": [
        3.929,
        3.113,
        2.703,
        2.309,
        2.11,
        1.713,
        1.456,
        1.183,
        0.713,
        0.401
      ]
    },
    "K26_lfhf_by_org_rank_full_0_9": {
      "measure": "Butterworth LF/HF \u00d7 organic rank (full corpus, ranks 0\u20139)",
      "n_ranks": 10,
      "rho": -0.8788,
      "p": 0.0015999779541446208,
      "medians": [
        22.532,
        19.59,
        17.957,
        17.969,
        16.171,
        13.668,
        14.539,
        16.122,
        14.875,
        12.897
      ],
      "sample_sizes": [
        1217,
        1003,
        831,
        607,
        419,
        303,
        177,
        93,
        28,
        11
      ]
    },
    "K27_lfhf_by_org_rank_full_0_10": {
      "measure": "Butterworth LF/HF \u00d7 organic rank (full corpus, ranks 0\u201310, for parity with existing K4 which uses 11 positions)",
      "n_ranks": 11,
      "rho": -0.4091,
      "p": 0.21407693001443,
      "medians": [
        22.532,
        19.59,
        17.957,
        17.969,
        16.171,
        13.668,
        14.539,
        16.122,
        14.875,
        12.897,
        36.918
      ],
      "sample_sizes": [
        1217,
        1003,
        831,
        607,
        419,
        303,
        177,
        93,
        28,
        11,
        1
      ]
    },
    "K28_lfhf_by_org_rank_clean_0_9": {
      "measure": "Butterworth LF/HF \u00d7 organic rank (clean_for_ctr, ranks 0\u20139)",
      "n_ranks": 10,
      "rho": -0.1333,
      "p": 0.7435405643738977,
      "medians": [
        33.198,
        23.194,
        21.538,
        18.687,
        16.628,
        16.741,
        14.51,
        21.692,
        42.465,
        NaN
      ],
      "sample_sizes": [
        189,
        188,
        201,
        154,
        105,
        83,
        56,
        32,
        6,
        0
      ]
    }
  },
  "diagnostics": {
    "n_trials_full": 2776,
    "n_trials_clean_for_ctr": 555,
    "full_clicks_in_ad_slot": 407,
    "full_clicks_no_rank": 14,
    "clean_clicks_in_ad_slot": 15,
    "clean_clicks_no_rank": 4,
    "bw_missing": 57,
    "fix_missing": 1,
    "elapsed_s": 129.4
  }
}