{
  "pooled_point": {
    "retreat": 0.7677165200263496,
    "bands_any": 0.7107413760492555,
    "bands_local": 0.740964499781507,
    "retreat+local": 0.8008817985559897
  },
  "pooled_ci": {
    "retreat": {
      "median": 0.7754169112378528,
      "ci_lo": 0.7482654689156135,
      "ci_hi": 0.8014264552115528,
      "n_boot": 1000
    },
    "bands_any": {
      "median": 0.7119003732860867,
      "ci_lo": 0.6675708402617203,
      "ci_hi": 0.7596036588943796,
      "n_boot": 1000
    },
    "bands_local": {
      "median": 0.7425542456502268,
      "ci_lo": 0.7057744859835926,
      "ci_hi": 0.7799804189679903,
      "n_boot": 1000
    },
    "retreat+local": {
      "median": 0.8109018537228362,
      "ci_lo": 0.7877286870634091,
      "ci_hi": 0.8331199481924342,
      "n_boot": 1000
    },
    "vt_top_coef_bands_alone": {
      "median": 1.0541817736329864,
      "ci_lo": 0.8362619673422333,
      "ci_hi": 1.4130599832336357
    }
  },
  "per_position_ci": {
    "0": {
      "n": 476,
      "n_def": 426,
      "n_rej": 50,
      "auc_bands": {
        "median": 0.630264857844913,
        "ci_lo": 0.45668034774707295,
        "ci_hi": 0.7570032402471768
      },
      "auc_retreat": {
        "median": 0.7609472453222453,
        "ci_lo": 0.6054770093521279,
        "ci_hi": 0.8755514454585662
      },
      "auc_combined": {
        "median": 0.7712047577776477,
        "ci_lo": 0.6311496613475822,
        "ci_hi": 0.8795871963710857
      },
      "vt_top_coef": {
        "median": 0.6239899946824143,
        "ci_lo": 0.281237497071235,
        "ci_hi": 1.0802845095866993
      }
    },
    "1": {
      "n": 494,
      "n_def": 406,
      "n_rej": 88,
      "auc_bands": {
        "median": 0.6788533943706356,
        "ci_lo": 0.5505584498016478,
        "ci_hi": 0.7979299754299756
      },
      "auc_retreat": {
        "median": 0.7958893403948002,
        "ci_lo": 0.7055153666427031,
        "ci_hi": 0.8724308351106372
      },
      "auc_combined": {
        "median": 0.8144124499979382,
        "ci_lo": 0.7250318044694956,
        "ci_hi": 0.8873140495867768
      },
      "vt_top_coef": {
        "median": 0.4990029740017947,
        "ci_lo": 0.16174783200983903,
        "ci_hi": 1.2104839037328574
      }
    },
    "2": {
      "n": 306,
      "n_def": 231,
      "n_rej": 75,
      "auc_bands": {
        "median": 0.7358111213235294,
        "ci_lo": 0.6030994468494469,
        "ci_hi": 0.8450305829194601
      },
      "auc_retreat": {
        "median": 0.7974465625375636,
        "ci_lo": 0.655140549684835,
        "ci_hi": 0.9080428240740741
      },
      "auc_combined": {
        "median": 0.8221012073410284,
        "ci_lo": 0.6921708208926097,
        "ci_hi": 0.9244227359456441
      },
      "vt_top_coef": {
        "median": 1.0880007584639777,
        "ci_lo": 0.6709418711407159,
        "ci_hi": 1.6510135192894604
      }
    },
    "3": {
      "n": 219,
      "n_def": 157,
      "n_rej": 62,
      "auc_bands": {
        "median": 0.7626345393736698,
        "ci_lo": 0.6493009868421052,
        "ci_hi": 0.874681360094851
      },
      "auc_retreat": {
        "median": 0.7439948292913656,
        "ci_lo": 0.5666276041666667,
        "ci_hi": 0.8775887002860687
      },
      "auc_combined": {
        "median": 0.8053634944831591,
        "ci_lo": 0.661923036758563,
        "ci_hi": 0.9012723535892873
      },
      "vt_top_coef": {
        "median": 1.294842097337275,
        "ci_lo": 0.7712866713322736,
        "ci_hi": 2.1625687891828815
      }
    },
    "4": {
      "n": 170,
      "n_def": 122,
      "n_rej": 48,
      "auc_bands": {
        "median": 0.6764046717171717,
        "ci_lo": 0.47632432394732926,
        "ci_hi": 0.8455053334554153
      },
      "auc_retreat": {
        "median": 0.7494444444444445,
        "ci_lo": 0.5973109243697479,
        "ci_hi": 0.8712317556527115
      },
      "auc_combined": {
        "median": 0.7734595448411238,
        "ci_lo": 0.6203253517316017,
        "ci_hi": 0.8946542632204398
      },
      "vt_top_coef": {
        "median": 0.23502171640956981,
        "ci_lo": -0.0983055794441181,
        "ci_hi": 0.8522128874499796
      }
    },
    "5": {
      "n": 116,
      "n_def": 84,
      "n_rej": 32,
      "auc_bands": {
        "median": 0.6388528138528139,
        "ci_lo": 0.42177638453500527,
        "ci_hi": 0.804229797979798
      },
      "auc_retreat": {
        "median": 0.7791950113378685,
        "ci_lo": 0.5997270114942529,
        "ci_hi": 0.9207057823129252
      },
      "auc_combined": {
        "median": 0.7872282608695652,
        "ci_lo": 0.6044896004378761,
        "ci_hi": 0.9249448853615522
      },
      "vt_top_coef": {
        "median": 0.05423168993556946,
        "ci_lo": -0.18928835113028541,
        "ci_hi": 0.582082261199056
      }
    },
    "6": {
      "n": 91,
      "n_def": 63,
      "n_rej": 28,
      "auc_bands": {
        "median": 0.720038733196628,
        "ci_lo": 0.45833333333333337,
        "ci_hi": 0.8913921709034491
      },
      "auc_retreat": {
        "median": 0.8435526315789473,
        "ci_lo": 0.666375,
        "ci_hi": 0.9647945845004668
      },
      "auc_combined": {
        "median": 0.8456671982987772,
        "ci_lo": 0.6359545454545454,
        "ci_hi": 0.978447204968944
      },
      "vt_top_coef": {
        "median": -0.24567504856864092,
        "ci_lo": -0.7016091240549575,
        "ci_hi": 0.3516932809945755
      }
    },
    "7": {
      "n": 71,
      "n_def": 38,
      "n_rej": 33,
      "auc_bands": {
        "median": 0.6426767676767677,
        "ci_lo": 0.35817677514792895,
        "ci_hi": 0.8627511160714286
      },
      "auc_retreat": {
        "median": 0.7393606393606393,
        "ci_lo": 0.4810515873015873,
        "ci_hi": 0.9383685338230793
      },
      "auc_combined": {
        "median": 0.7579545454545455,
        "ci_lo": 0.5090277777777779,
        "ci_hi": 0.9587278106508876
      },
      "vt_top_coef": {
        "median": -0.07541225698056778,
        "ci_lo": -0.5703526076020483,
        "ci_hi": 0.4195028517604862
      }
    },
    "8": {
      "n": 66,
      "n_def": 20,
      "n_rej": 46,
      "auc_bands": {
        "median": 0.5556318681318682,
        "ci_lo": 0.21808894230769232,
        "ci_hi": 0.8431525735294118
      },
      "auc_retreat": {
        "median": 0.6267857142857143,
        "ci_lo": 0.27992307692307694,
        "ci_hi": 0.9172115384615387
      },
      "auc_combined": {
        "median": 0.6366666666666667,
        "ci_lo": 0.2995833333333333,
        "ci_hi": 0.9716220238095239
      },
      "vt_top_coef": {
        "median": 0.0,
        "ci_lo": 0.0,
        "ci_hi": 0.0
      }
    },
    "9": {
      "n": 39,
      "n_def": 8,
      "n_rej": 31,
      "auc_bands": {
        "median": 0.575,
        "ci_lo": 0.08493055555555558,
        "ci_hi": 0.9444444444444445
      },
      "auc_retreat": {
        "median": 0.8125,
        "ci_lo": 0.21616161616161622,
        "ci_hi": 1.0
      },
      "auc_combined": {
        "median": 0.8333333333333333,
        "ci_lo": 0.30653409090909095,
        "ci_hi": 1.0
      },
      "vt_top_coef": {
        "median": 0.0,
        "ci_lo": 0.0,
        "ci_hi": 0.0
      }
    }
  },
  "deep_rank_bucket": {
    "n": 267,
    "n_def": 129,
    "n_rej": 138,
    "point_aucs": {
      "retreat": 0.6627345242107628,
      "bands_any": 0.6947533984945511,
      "bands_local": 0.6438602404224245,
      "retreat+local": 0.6954274800584203
    },
    "bootstrap_ci": {
      "retreat": {
        "median": 0.6761991773691002,
        "ci_lo": 0.5867572339781812,
        "ci_hi": 0.7536928126482162,
        "n_boot": 200
      },
      "bands_any": {
        "median": 0.7018662363244579,
        "ci_lo": 0.624086720901603,
        "ci_hi": 0.760479233149971,
        "n_boot": 200
      },
      "bands_local": {
        "median": 0.6570108676469024,
        "ci_lo": 0.5895642293711918,