{
  "pooled_point": {
    "retreat": 0.7922611763012022,
    "bands_any": 0.7340616226333596,
    "bands_local": 0.7992543133443717,
    "retreat+local": 0.8366064358217551
  },
  "pooled_ci": {
    "retreat": {
      "median": 0.7955528942411255,
      "ci_lo": 0.7585828557663504,
      "ci_hi": 0.8299202617718137,
      "n_boot": 1000
    },
    "bands_any": {
      "median": 0.7343096882114273,
      "ci_lo": 0.7008000703355516,
      "ci_hi": 0.7659129189157725,
      "n_boot": 1000
    },
    "bands_local": {
      "median": 0.7999525312090732,
      "ci_lo": 0.7738024908367866,
      "ci_hi": 0.827548834995642,
      "n_boot": 1000
    },
    "retreat+local": {
      "median": 0.8415905256331084,
      "ci_lo": 0.8182216184144796,
      "ci_hi": 0.8642967249343909,
      "n_boot": 1000
    },
    "vt_top_coef_bands_alone": {
      "median": 1.8352007591780688,
      "ci_lo": 1.491341656358285,
      "ci_hi": 2.2583807051627205
    }
  },
  "per_position_ci": {
    "0": {
      "n": 645,
      "n_def": 579,
      "n_rej": 66,
      "auc_bands": {
        "median": 0.8001841802551741,
        "ci_lo": 0.7035674603174603,
        "ci_hi": 0.8863887925018603
      },
      "auc_retreat": {
        "median": 0.7628525834249442,
        "ci_lo": 0.6303976435302141,
        "ci_hi": 0.8709208291708292
      },
      "auc_combined": {
        "median": 0.8599960184742794,
        "ci_lo": 0.7632127104136078,
        "ci_hi": 0.9282369734134439
      },
      "vt_top_coef": {
        "median": 2.02493201984504,
        "ci_lo": 1.4690597086814714,
        "ci_hi": 2.687415014492031
      }
    },
    "1": {
      "n": 545,
      "n_def": 477,
      "n_rej": 68,
      "auc_bands": {
        "median": 0.7799733806566105,
        "ci_lo": 0.6895832058369542,
        "ci_hi": 0.868416659960921
      },
      "auc_retreat": {
        "median": 0.751266891619772,
        "ci_lo": 0.60890267220702,
        "ci_hi": 0.8465881432164327
      },
      "auc_combined": {
        "median": 0.8235712360350531,
        "ci_lo": 0.7286491507430999,
        "ci_hi": 0.8923414008023688
      },
      "vt_top_coef": {
        "median": 1.6660665627743945,
        "ci_lo": 1.2196497636300414,
        "ci_hi": 2.3838614376359963
      }
    },
    "2": {
      "n": 396,
      "n_def": 340,
      "n_rej": 56,
      "auc_bands": {
        "median": 0.8002267573696145,
        "ci_lo": 0.674701946535438,
        "ci_hi": 0.8903838808250573
      },
      "auc_retreat": {
        "median": 0.7595813214611964,
        "ci_lo": 0.6089736075092612,
        "ci_hi": 0.8741071428571429
      },
      "auc_combined": {
        "median": 0.8398281642754188,
        "ci_lo": 0.7121647408963586,
        "ci_hi": 0.9322258892963965
      },
      "vt_top_coef": {
        "median": 1.4827254505351823,
        "ci_lo": 1.0348070102203912,
        "ci_hi": 2.165472247750657
      }
    },
    "3": {
      "n": 262,
      "n_def": 205,
      "n_rej": 57,
      "auc_bands": {
        "median": 0.7797709601081813,
        "ci_lo": 0.668881715821922,
        "ci_hi": 0.9195513963161023
      },
      "auc_retreat": {
        "median": 0.7738803475935829,
        "ci_lo": 0.6392697466467959,
        "ci_hi": 0.8793128803245436
      },
      "auc_combined": {
        "median": 0.8153284620000707,
        "ci_lo": 0.6999804687500001,
        "ci_hi": 0.9204476750978445
      },
      "vt_top_coef": {
        "median": 1.1036503244910716,
        "ci_lo": 0.5580179915076539,
        "ci_hi": 2.0530450567835232
      }
    },
    "4": {
      "n": 180,
      "n_def": 126,
      "n_rej": 54,
      "auc_bands": {
        "median": 0.7225977347460724,
        "ci_lo": 0.5577172694140734,
        "ci_hi": 0.8421174463937622
      },
      "auc_retreat": {
        "median": 0.8530618686868687,
        "ci_lo": 0.7287406015037594,
        "ci_hi": 0.9470377668308704
      },
      "auc_combined": {
        "median": 0.8639112315672903,
        "ci_lo": 0.7443972310584153,
        "ci_hi": 0.9515418612437054
      },
      "vt_top_coef": {
        "median": 0.49127499395648044,
        "ci_lo": 0.12919486878676142,
        "ci_hi": 1.0452806355958166
      }
    },
    "5": {
      "n": 122,
      "n_def": 87,
      "n_rej": 35,
      "auc_bands": {
        "median": 0.642609126984127,
        "ci_lo": 0.4564299007444169,
        "ci_hi": 0.8312987736900781
      },
      "auc_retreat": {
        "median": 0.7542366907286262,
        "ci_lo": 0.5749768518518518,
        "ci_hi": 0.9036511846117758
      },
      "auc_combined": {
        "median": 0.7750739644970415,
        "ci_lo": 0.6013464034111976,
        "ci_hi": 0.9177032019704433
      },
      "vt_top_coef": {
        "median": 0.2134137038506626,
        "ci_lo": -0.1725964815443025,
        "ci_hi": 0.6914783712799212
      }
    },
    "6": {
      "n": 91,
      "n_def": 55,
      "n_rej": 36,
      "auc_bands": {
        "median": 0.7149859943977591,
        "ci_lo": 0.4198535353535354,
        "ci_hi": 0.9235496411483253
      },
      "auc_retreat": {
        "median": 0.7343137254901961,
        "ci_lo": 0.5534286646367986,
        "ci_hi": 0.9091066919191919
      },
      "auc_combined": {
        "median": 0.7535774410774411,
        "ci_lo": 0.5619791666666667,
        "ci_hi": 0.9444444444444444
      },
      "vt_top_coef": {
        "median": 0.5127600356212307,
        "ci_lo": -0.06587700409806721,
        "ci_hi": 1.4154498943406444
      }
    },
    "7": {
      "n": 56,
      "n_def": 33,
      "n_rej": 23,
      "auc_bands": {
        "median": 0.6904761904761905,
        "ci_lo": 0.42516666666666675,
        "ci_hi": 0.9384672619047622
      },
      "auc_retreat": {
        "median": 0.6011363636363637,
        "ci_lo": 0.280078125,
        "ci_hi": 0.8891156462585034
      },
      "auc_combined": {
        "median": 0.7018849206349207,
        "ci_lo": 0.3782467532467533,
        "ci_hi": 0.9446428571428572
      },
      "vt_top_coef": {
        "median": 0.9745948914639894,
        "ci_lo": 0.17225179723016937,
        "ci_hi": 1.5630965154660836
      }
    },
    "8": {
      "n": 40,
      "n_def": 10,
      "n_rej": 30,
      "auc_bands": {
        "median": 0.6666666666666666,
        "ci_lo": 0.153125,
        "ci_hi": 1.0
      },
      "auc_retreat": {
        "median": 0.7222222222222223,
        "ci_lo": 0.18030303030303033,
        "ci_hi": 1.0
      },
      "auc_combined": {
        "median": 0.8666666666666667,
        "ci_lo": 0.29916666666666664,
        "ci_hi": 1.0
      },
      "vt_top_coef": {
        "median": 0.0,
        "ci_lo": 0.0,
        "ci_hi": 0.0
      }
    },
    "9": {
      "n": 14,
      "skip": true
    }
  },
  "deep_rank_bucket": {
    "n": 201,
    "n_def": 102,
    "n_rej": 99,
    "point_aucs": {
      "retreat": 0.6688453159041394,
      "bands_any": 0.7071697365815013,
      "bands_local": 0.7437116260645672,
      "retreat+local": 0.7142008318478907
    },
    "bootstrap_ci": {
      "retreat": {
        "median": 0.700847020114157,
        "ci_lo": 0.5969642711750064,
        "ci_hi": 0.776501379175408,
        "n_boot": 200
      },
      "bands_any": {
        "median": 0.7049224282119019,
        "ci_lo": 0.630955203086338,
        "ci_hi": 0.7920175383041133,
        "n_boot": 200
      },
      "bands_local": {
        "median": 0.7385173061096161,
        "ci_lo": 0.6492055609071432,
        "ci_hi": 0.8196657845129174,
        "n_boot": 200
      },
      "retreat+local": {
        "median": 0.7415574471565514,
        "ci_lo": 0.6398621247114258,
        "ci_hi": 0.8388610965285402,
        "n_boot": 200
      },
      "vt_top_coef_bands_alone": {
        "median": 0.7450803014390222,
        "ci_lo": 0.2082588757763047,
        "ci_hi": 1.5961928115427342
      }
    },
    "bands_alone_coefs": {
      "vt_top": 0.7216606570025088,
      "vt_mid": 0.30449261001236216,
      "vt_bot": 0.36320160744122054
    }
  },