{
  "n_subset": 2999,
  "n_parts": 47,
  "n_def": 2495,
  "n_rej": 504,
  "auc_re": 0.7984842701275567,
  "auc_bnd": 0.7653926901421891,
  "auc_combined": 0.830228711391036,
  "delta_b_over_r": 0.031744441263479306,
  "auc_vf": 0.7305269268696122,
  "vt_top": 1.4339203921703545,
  "vt_mid": 0.7630304447151763,
  "vt_bot": 0.2565172545770842,
  "k10_p0": 1.6299991969350847,
  "k10_p1": 0.9451101856616628,
  "k10_p2": 0.7714960209914208,
  "k10_p3": 0.4428148232394729,
  "k10_p4": 0.49879014645251213,
  "k10_p5": -0.13894885931291426,
  "n_stab": 38,
  "frac_pos_top": 1.0,
  "frac_good_auc": 0.868421052631579,
  "vtop_med": 1.268877488844729,
  "vtop_q1": 0.992645365609377,
  "vtop_q3": 1.8545687898956447
}