{
  "n_subset": 2351,
  "n_parts": 47,
  "n_def": 1916,
  "n_rej": 435,
  "auc_re": 0.7922611763012022,
  "auc_bnd": 0.7992543133443717,
  "auc_combined": 0.8366064358217551,
  "delta_b_over_r": 0.044345259520552904,
  "auc_vf": 0.7482854606099874,
  "vt_top": 1.827539121323017,
  "vt_mid": 0.8322445883341045,
  "vt_bot": 0.20920983089266548,
  "k10_p0": 1.9591990722027228,
  "k10_p1": 1.6436886108442341,
  "k10_p2": 1.460337941281397,
  "k10_p3": 1.0833353414174787,
  "k10_p4": 0.4603383939485444,
  "k10_p5": 0.21185385339634763,
  "n_stab": 34,
  "frac_pos_top": 0.9705882352941176,
  "frac_good_auc": 0.9117647058823529,
  "vtop_med": 1.4277933471317663,
  "vtop_q1": 1.0180185398748103,
  "vtop_q3": 1.8269876663541689
}