{
  "r2_vp_top_content": 0.0194670766798839,
  "r2_vp_top_cr": 0.2725350408161452,
  "r2_vp_top_full": 0.3708156400482465,
  "r2_vp_mid_content": 0.024908688340935514,
  "r2_vp_mid_cr": 0.44820246730001234,
  "r2_vp_mid_full": 0.46674326970940616,
  "c_tokens_top": -0.2506551507746147,
  "c_tokens_mid": 0.37309533202620865,
  "c_chars_top": 0.08956733111549144,
  "c_chars_mid": -0.066465943760282,
  "c_ttr_top": 0.312625917199527,
  "c_ttr_mid": -0.08472109274382374,
  "c_qcos_top": 0.2159637723408305,
  "c_qcos_mid": -0.4393769502839145,
  "c_nov_top": 0.019178181324302296,
  "c_nov_mid": -0.018256796200130068,
  "auc_retreat": 0.7922611763012022,
  "auc_bands_raw": 0.7992543133443717,
  "auc_bands_res": 0.6958894248074292,
  "auc_content": 0.512208144362057,
  "auc_re_raw": 0.8366064358217551,
  "auc_re_res": 0.8125224965805198,
  "auc_all": 0.8338216591078157,
  "delta_res_over_raw": -0.024083939241235308,
  "delta_alone": -0.10336488853694248,
  "delta_median": -0.06572376425317605,
  "delta_pos_frac": 0.20588235294117646
}