{
  "generated": "viewport_time_calibration.py",
  "features_file": "/Users/andyed/Documents/dev/attentional-foraging/AdSERP/data/cursor-approach-features.json",
  "target": "NB22 gaze-regression label (1=deferred, 0=eval-rej)",
  "subset": "approached (min_dist < 100) AND NOT clicked",
  "m4_features": [
    "min_dist",
    "mean_dist",
    "final_dist",
    "retreat_dist",
    "dwell_in_proximity_ms",
    "mean_approach_velocity",
    "max_approach_velocity",
    "direction_changes",
    "frac_decreasing"
  ],
  "results": [
    {
      "slice": "all_positions",
      "n": 2351,
      "n_deferred": 1916,
      "n_eval_rej": 435,
      "participants": 47,
      "auc_vt_any": 0.7340616226333596,
      "auc_vt_bands": 0.7992543133443717,
      "auc_retreat": 0.7922611763012022,
      "auc_retreat_plus_vt_any": 0.8151285004679288,
      "auc_retreat_plus_vt_bands": 0.8366064358217551,
      "delta_bands_over_any": 0.06519269071101208,
      "delta_bo_bd_over_bo_any": 0.02147793535382625,
      "delta_bo_bd_over_retreat": 0.044345259520552904,
      "coef_bands_alone": {
        "vt_top": 1.827539121323017,
        "vt_mid": 0.8322445883341045,
        "vt_bot": 0.20920983089266548
      },
      "coef_re_plus_bands": {
        "vt_top": 1.458698408768675,
        "vt_mid": 0.6564149054278632,
        "vt_bot": 0.23998568016373592,
        "min_dist": -0.1407509565618247,
        "mean_dist": 0.5546983911228031,
        "final_dist": 0.22219359662842944,
        "retreat_dist": 0.23754808957119775,
        "dwell_in_proximity_ms": -0.03029862449120819,
        "mean_approach_velocity": -0.10791149796926919,
        "max_approach_velocity": 0.21633973420286504,
        "direction_changes": 0.30487063533603265,
        "frac_decreasing": 0.07019814293946747
      }
    },
    {
      "slice": "position_0",
      "n": 645,
      "n_deferred": 579,
      "n_eval_rej": 66,
      "participants": 47,
      "auc_vt_any": 0.8110378395352489,
      "auc_vt_bands": 0.7948657560056525,
      "auc_retreat": 0.7478672737740094,
      "auc_retreat_plus_vt_any": 0.8557858376511225,
      "auc_retreat_plus_vt_bands": 0.8502643010415032,
      "delta_bands_over_any": -0.016172083529596426,
      "delta_bo_bd_over_bo_any": -0.005521536609619293,
      "delta_bo_bd_over_retreat": 0.10239702726749378,
      "coef_bands_alone": {
        "vt_top": 1.9591990722027228,
        "vt_mid": 0.861130916291731,
        "vt_bot": 0.0
      },
      "coef_re_plus_bands": {
        "vt_top": 2.2246887355013545,
        "vt_mid": 0.9658687403375933,
        "vt_bot": 0.0,
        "min_dist": -0.5634768605984515,
        "mean_dist": 0.17400522107678254,
        "final_dist": 0.32130813056369967,
        "retreat_dist": 0.3811953113025351,
        "dwell_in_proximity_ms": -0.26409336167561803,
        "mean_approach_velocity": -0.7626808238987968,
        "max_approach_velocity": 1.407668707584795,
        "direction_changes": -0.16250640165077587,
        "frac_decreasing": -0.08400113909389684
      }
    },
    {
      "slice": "position_1",
      "n": 545,
      "n_deferred": 477,
      "n_eval_rej": 68,
      "participants": 47,
      "auc_vt_any": 0.7161333086693796,
      "auc_vt_bands": 0.7686829448760636,
      "auc_retreat": 0.7212664940189912,
      "auc_retreat_plus_vt_any": 0.7704402515723271,
      "auc_retreat_plus_vt_bands": 0.7900789246516217,
      "delta_bands_over_any": 0.05254963620668396,
      "delta_bo_bd_over_bo_any": 0.019638673079294566,
      "delta_bo_bd_over_retreat": 0.06881243063263043,
      "coef_bands_alone": {
        "vt_top": 1.6436886108442341,
        "vt_mid": 0.4771839929132388,
        "vt_bot": 0.1436150904157617
      },
      "coef_re_plus_bands": {
        "vt_top": 1.5899945352208267,
        "vt_mid": 0.5111063376835601,
        "vt_bot": 0.09483373992177632,
        "min_dist": 0.22440007687622082,
        "mean_dist": 0.5252523391603078,
        "final_dist": 0.2760540246023647,
        "retreat_dist": 0.2508649313644635,
        "dwell_in_proximity_ms": -0.184314509691758,
        "mean_approach_velocity": -0.000690150792868226,
        "max_approach_velocity": -0.06245113530575462,
        "direction_changes": 0.6998680249332585,
        "frac_decreasing": 0.2592368607611123
      }
    },
    {
      "slice": "position_2",
      "n": 396,
      "n_deferred": 340,
      "n_eval_rej": 56,
      "participants": 45,
      "auc_vt_any": 0.6595063025210084,
      "auc_vt_bands": 0.7954306722689075,
      "auc_retreat": 0.7246848739495798,
      "auc_retreat_plus_vt_any": 0.7483718487394958,
      "auc_retreat_plus_vt_bands": 0.7985294117647058,
      "delta_bands_over_any": 0.13592436974789912,
      "delta_bo_bd_over_bo_any": 0.05015756302521002,
      "delta_bo_bd_over_retreat": 0.07384453781512601,
      "coef_bands_alone": {
        "vt_top": 1.460337941281397,
        "vt_mid": 1.1000127179746646,
        "vt_bot": 0.030035062641246328
      },
      "coef_re_plus_bands": {
        "vt_top": 1.3646017170020737,
        "vt_mid": 1.1135472003799567,
        "vt_bot": 0.17178570684500855,
        "min_dist": -0.1270063585215442,
        "mean_dist": 0.6131819188794693,
        "final_dist": 0.29703528618257924,
        "retreat_dist": 0.311764497633498,
        "dwell_in_proximity_ms": -0.06583715249009126,
        "mean_approach_velocity": -0.03204213870519775,
        "max_approach_velocity": 0.19926012625871156,
        "direction_changes": 0.2296586339724546,
        "frac_decreasing": -0.03456652923532754
      }
    },
    {
      "slice": "position_3",
      "n": 262,
      "n_deferred": 205,
      "n_eval_rej": 57,
      "participants": 43,
      "auc_vt_any": 0.6573384681215233,
      "auc_vt_bands": 0.780145485665383,
      "auc_retreat": 0.7286264441591784,
      "auc_retreat_plus_vt_any": 0.7382969619169877,
      "auc_retreat_plus_vt_bands": 0.7808301240907146,
      "delta_bands_over_any": 0.1228070175438597,
      "delta_bo_bd_over_bo_any": 0.042533162173726935,
      "delta_bo_bd_over_retreat": 0.052203679931536184,
      "coef_bands_alone": {
        "vt_top": 1.0833353414174787,
        "vt_mid": 0.7209187838653328,
        "vt_bot": 0.16403331500191162
      },
      "coef_re_plus_bands": {
        "vt_top": 0.9842905272241528,
        "vt_mid": 0.5369489936034326,
        "vt_bot": 0.22109930703534036,
        "min_dist": -0.24679936706408828,
        "mean_dist": 0.8416968720793013,
        "final_dist": 0.040580307629728904,
        "retreat_dist": 0.0692655912757762,
        "dwell_in_proximity_ms": -0.024310359826072835,
        "mean_approach_velocity": 0.606545732918133,
        "max_approach_velocity": -0.39536108366408046,
        "direction_changes": 0.6774213918324821,
        "frac_decreasing": 0.1564270619446245
      }
    },
    {
      "slice": "position_4",
      "n": 180,
      "n_deferred": 126,
      "n_eval_rej": 54,
      "participants": 41,
      "auc_vt_any": 0.6528512639623751,
      "auc_vt_bands": 0.7170781893004116,
      "auc_retreat": 0.8206937095825985,
      "auc_retreat_plus_vt_any": 0.8206937095825985,
      "auc_retreat_plus_vt_bands": 0.8303938859494415,
      "delta_bands_over_any": 0.06422692533803642,
      "delta_bo_bd_over_bo_any": 0.00970017636684306,
      "delta_bo_bd_over_retreat": 0.00970017636684306,
      "coef_bands_alone": {
        "vt_top": 0.4603383939485444,
        "vt_mid": 1.1727715311597637,
        "vt_bot": -0.09216095076591319
      },
      "coef_re_plus_bands": {
        "vt_top": 0.0669071462422888,
        "vt_mid": 0.8038068542403757,
        "vt_bot": -0.25799601319085197,
        "min_dist": -0.10668218147451895,
        "mean_dist": 1.15404261205137,
        "final_dist": 0.386110798548938,
        "retreat_dist": 0.39682353503156886,
        "dwell_in_proximity_ms": 0.5640002461283751,
        "mean_approach_velocity": 0.224059004999367,
        "max_approach_velocity": 0.10590860805598976,
        "direction_changes": 0.3543776133758178,